<?xml version="1.0"?>
<VTKFile type="UnstructuredGrid"  version="0.1"  >
<UnstructuredGrid>
<Piece  NumberOfPoints="1949" NumberOfCells="7616">
<Points>
<DataArray  type="Float64"  NumberOfComponents="3"  format="ascii">-103.6156 22.53549999999998 -99.4383  -103.614 19.21250000000001 -92.8048  -103.3005 6.893499999999989 -97.6343  -102.3983 14.39849999999998 -102.5545  -102.0947 32.35149999999999 -93.8262  -101.652 5.9315 -101.9705  -101.5295 10.3425 -87.67450000000001  -100.9942 27.22749999999999 -86.8129  -100.9306 37.77449999999999 -101.5772  -99.41239999999999 22.7765 -79.9631  -98.73399999999999 4.928499999999985 -79.4123  -98.5359 -7.494500000000016 -93.13200000000001  -98.09220000000001 46.60049999999998 -95.84520000000001  -97.7458 19.4965 -72.50840000000001  -97.52 41.9205 -88.3369  -97.02549999999999 29.1755 -103.632  -96.7527 37.7655 -81.2294  -96.5801 4.099500000000006 -70.447  -96.0749 33.92249999999999 -74.20230000000001  -96.02670000000001 16.41749999999999 -64.90690000000001  -95.7808 52.44149999999999 -103.612  -95.43300000000001 -13.58850000000001 -84.4756  -94.99769999999999 30.26249999999999 -66.7843  -94.69800000000001 -11.0745 -75.4789  -94.66679999999999 44.65649999999999 -106.6248  -94.43219999999999 1.867500000000007 -62.51390000000001  -94.0381 26.11349999999999 -60.2625  -93.967 13.9785 -57.1194  -93.06870000000001 14.64449999999999 -100.4898  -93.0376 -10.92750000000001 -67.82380000000001  -92.6606 -19.90750000000001 -90.657  -91.94110000000001 12.7115 -49.0254  -91.6905 46.85550000000001 -76.16970000000001  -91.4825 43.4665 -69.01910000000001  -91.4246 -11.43450000000001 -61.1707  -91.25960000000001 28.51849999999999 -52.78740000000001  -91.25490000000001 -3.59650000000002 -53.2724  -91.1763 51.24949999999998 -83.15740000000001  -91.0341 58.8475 -97.4299  -90.9037 55.65649999999999 -90.4927  -90.4029 2.222499999999997 -44.6704  -89.93680000000001 40.70849999999999 -60.5885  -89.75069999999999 -13.35650000000001 -93.66040000000001  -89.4269 23.51249999999999 -43.3934  -89.3222 -25.2925 -71.55850000000001  -88.9256 -27.13250000000001 -78.96860000000001  -88.73820000000001 -9.716499999999996 -45.5574  -88.5984 57.63749999999999 -108.6029  -88.554 9.641499999999979 -37.10040000000001  -88.2591 -23.9585 -64.5292  -87.8152 -7.799499999999995 -39.4794  -87.7033 1.703499999999991 -95.3168  -87.21210000000001 -21.24250000000001 -57.0254  -86.9795 -28.1285 -85.89360000000001  -86.75539999999999 39.88249999999999 -104.5273  -86.5566 5.544499999999999 -28.8374  -86.5543 -7.183500000000009 -33.0444  -86.3455 38.16749999999999 -45.97240000000001  -86.3301 53.77949999999998 -71.8304  -86.0673 -19.80550000000001 -49.26740000000001  -85.52630000000001 28.51649999999998 -34.73140000000001  -85.32380000000001 -8.613500000000016 -26.8124  -85.2745 20.89149999999998 -29.1534  -85.22029999999999 36.14149999999998 -39.52940000000001  -85.1514 -19.5575 -42.47840000000001  -85.1045 1.959499999999991 -22.1044  -84.9967 -24.4855 -89.94030000000001  -84.6237 15.77549999999999 -23.1584  -84.54219999999999 45.84549999999999 -52.5194  -84.2563 58.60649999999998 -77.6767  -84.1789 54.0205 -65.5835  -83.976 -11.5855 -20.61539999999999  -83.6263 -19.95750000000001 -27.0684  -83.58880000000001 -1.96550000000002 -15.3554  -83.57510000000001 -22.26650000000001 -35.89240000000001  -83.4841 11.8955 -16.5634  -83.48269999999999 -37.18950000000001 -74.0487  -83.0804 -36.65650000000001 -67.67410000000001  -82.8689 50.04049999999998 -107.4824  -82.3925 6.918499999999995 -10.1584  -82.2778 66.55549999999999 -103.3452  -82.0818 63.48949999999999 -84.73050000000001  -81.8862 -23.20650000000001 -19.9624  -81.8599 -34.8395 -60.48780000000001  -81.6853 26.8965 -20.70940000000002  -81.4829 -17.63250000000001 -14.44839999999999  -81.4147 -6.995500000000021 -8.26939999999999  -81.11369999999999 -29.91950000000001 -45.0894  -81.10299999999999 30.98749999999998 -99.09180000000001  -80.9221 -30.61250000000001 -32.3124  -80.80119999999999 -32.77650000000001 -52.66240000000001  -80.7799 10.59549999999999 -4.16040000000001  -80.57859999999999 36.0515 -27.3244  -80.42530000000001 -1.460499999999996 -1.360399999999998  -80.2811 55.63749999999999 -58.2324  -80.05119999999999 21.96850000000001 -10.1514  -79.9789 -30.3575 -23.19540000000001  -79.749 16.6575 -93.6159  -79.72750000000001 -11.91550000000001 -89.3242  -79.2713 66.1815 -109.5088  -78.9451 48.1045 -40.4444  -78.9237 12.0205 2.010600000000011  -78.87950000000001 59.08750000000001 -109.8386  -78.86750000000001 50.7765 -46.2384  -78.85760000000001 -16.5665 -2.26939999999999  -78.3445 -28.6915 -14.9194  -78.2705 2.955500000000001 5.48060000000001  -78.2513 -36.36750000000001 -35.8334  -78.2034 -23.9675 -8.29140000000001  -78.1541 68.4025 -93.1816  -77.8869 22.5915 -1.830399999999997  -77.87439999999999 45.6645 -32.82640000000001  -77.75960000000001 -12.3065 4.657600000000002  -77.128 38.91649999999998 -20.56640000000002  -76.95059999999999 -39.0485 -79.4392  -76.2598 -29.82050000000001 -3.098399999999998  -76.0886 2.291499999999985 -88.592  -76.0364 20.8115 5.543599999999998  -75.9726 -27.21950000000001 2.60560000000001  -75.8523 -6.394499999999994 12.00960000000001  -75.7927 63.82049999999998 -71.3402  -75.73010000000001 -38.2295 -24.60140000000001  -75.3105 -34.70750000000001 -15.77539999999999  -75.1981 -44.86840000000001 -71.7349  -75.1754 11.84449999999998 12.29560000000001  -75.07640000000001 37.9845 -13.71440000000001  -75.0692 -42.55510000000001 -34.10640000000001  -74.87009999999999 -34.65150000000001 -8.731400000000008  -74.58 -24.1195 10.30859999999998  -74.3708 -33.6375 -84.0727  -74.3104 67.49549999999999 -78.6283  -74.2487 -45.40190000000001 -63.91800000000001  -73.7471 -40.7115 -3.147400000000005  -73.7371 -0.3635000000000161 19.00460000000001  -73.6785 44.47549999999998 -102.8215  -73.37269999999999 -15.57250000000001 18.2346  -73.27 36.5635 -5.742400000000004  -73.1772 -43.66770000000001 -46.9954  -73.1288 -40.01950000000001 3.313600000000008  -72.74039999999999 64.06549999999999 -63.5742  -72.70780000000001 -44.93100000000001 -56.1434  -72.4151 12.92149999999998 19.9846  -72.413 49.5335 -24.6104  -72.3112 34.0085 2.5976  -72.30030000000001 -41.33750000000001 -10.23140000000001  -71.8485 30.1155 10.05459999999999  -71.5608 -30.51050000000001 17.60560000000001  -71.48180000000001 -9.113500000000016 24.8886  -71.25539999999999 60.1285 -50.6934  -71.136 -40.54950000000001 10.8356  -71.127 -47.83980000000001 -36.63040000000001  -71.08320000000001 -48.46420000000001 -7.806399999999996  -71.0172 4.656499999999994 25.26159999999999  -70.83540000000001 25.7705 16.81360000000001  -70.6112 64.66249999999999 -109.5332  -70.6104 -42.3789 -17.36240000000001  -70.38030000000001 -45.00640000000001 -26.10939999999999  -70.3523 -50.63630000000001 -0.9013999999999953  -70.34610000000001 -22.62150000000001 25.11060000000001  -70.096 56.33349999999999 -35.5964  -69.93089999999999 55.31049999999999 -107.0868  -69.6097 -26.60950000000001 -82.7783  -69.10980000000001 -35.8455 23.20060000000001  -68.902 -5.290500000000009 31.13159999999999  -68.6362 64.80449999999999 -57.2624  -68.3805 50.49449999999999 -17.73840000000001  -68.1489 22.29049999999998 24.7106  -68.10769999999999 -44.83720000000001 18.04059999999998  -67.8263 -21.0775 33.35659999999999  -67.8107 71.9905 -84.4739  -67.80970000000001 10.94450000000001 31.1756  -67.5468 -52.6499 6.223600000000005  -67.42449999999999 -34.79350000000001 29.9556  -67.3766 -54.90010000000001 -9.478399999999993  -66.9573 70.46549999999999 -106.6302  -66.9209 37.63149999999999 14.24760000000001  -66.8561 -50.35470000000001 -17.09040000000002  -66.6887 -13.85250000000002 -81.3796  -66.2683 -11.18950000000001 38.12260000000001  -66.1675 28.97149999999999 -92.03280000000001  -66.0446 60.02849999999998 -41.9194  -65.9915 3.802499999999981 37.4606  -65.7775 -53.77990000000001 -35.2114  -65.7595 -38.7265 -78.6251  -65.7436 -50.6872 -28.2114  -65.7017 -53.38780000000001 12.8366  -65.53190000000001 42.68349999999998 7.99260000000001  -65.1536 -48.22240000000001 25.3596  -64.88720000000001 49.84649999999999 -10.4134  -64.8659 -46.92580000000001 -73.74170000000001  -64.63379999999999 17.11949999999999 36.50360000000001  -64.616 -54.5039 -43.5894  -64.5659 -33.46050000000001 38.71959999999999  -64.43130000000001 15.9965 -86.10430000000001  -64.4306 -50.10250000000001 -67.8695  -64.3584 37.09049999999999 20.09559999999999  -63.9867 -0.133499999999998 -81.6836  -63.96170000000001 -59.83810000000001 -1.935400000000016  -63.89830000000001 26.16749999999999 32.02760000000001  -63.863 74.02549999999999 -99.8121  -63.4645 69.9385 -68.0021  -63.33240000000001 58.7585 -29.13939999999999  -63.2016 -0.9945000000000164 44.5856  -63.0934 -20.00450000000001 45.4256  -63.05240000000001 39.5265 -97.2192  -62.8314 48.4025 -0.9464000000000112  -62.46040000000001 -48.98280000000001 33.79759999999999  -62.07040000000001 57.93549999999999 -21.90440000000001  -61.9294 -28.70950000000001 -77.4136  -61.76439999999999 15.4255 42.6806  -61.5074 -57.73110000000001 -18.75640000000001  -61.09140000000001 -52.76650000000001 -60.68520000000001  -60.9914 37.20749999999998 26.8126  -60.97839999999999 -59.08070000000001 18.43459999999999  -60.60040000000001 -55.12400000000001 -51.4504  -60.5034 -37.20650000000001 48.5206  -60.4794 -57.11840000000001 -31.2354  -60.3544 -19.45650000000001 -76.782  -60.11539999999999 -58.2433 -38.57040000000001  -59.8424 -4.772500000000008 52.19659999999999  -59.3644 -49.5502 43.0026  -59.3614 75.1865 -91.52760000000001  -59.2914 28.6095 39.1086  -59.2354 -62.43700000000001 -9.311399999999992  -58.7984 -22.85250000000001 55.0506  -58.7764 12.59049999999999 49.8596  -58.2124 -9.790500000000009 -76.73610000000001  -58.04340000000001 63.08249999999998 -106.4915  -57.67740000000001 71.71349999999998 -75.58070000000001  -57.59140000000001 -60.02980000000001 -23.97239999999999  -57.1994 -41.50750000000001 -74.2619  -57.1944 47.44149999999999 14.57159999999999  -57.1484 -32.77050000000001 -74.25880000000001  -57.0544 -24.58450000000001 -74.42450000000001  -56.60639999999999 -47.6444 -71.822  -56.4084 69.9265 -61.6742  -56.3884 67.8365 -53.67740000000001  -56.1974 46.05549999999999 21.62360000000001  -56.0604 -41.64850000000001 58.11859999999999  -56.0424 9.904499999999985 56.55359999999999  -55.9474 50.5805 -102.5054  -55.92740000000001 65.89949999999999 -46.5364  -55.9204 -6.915500000000009 60.7876  -55.8794 -62.81070000000001 27.8006  -55.7734 38.67749999999998 33.7216  -55.6494 -65.682 10.24760000000001  -55.60939999999999 62.79749999999999 -35.27040000000001  -55.3874 -24.9085 63.31659999999999  -54.9314 58.6635 -16.57840000000002  -54.71340000000001 52.05449999999999 6.794600000000003  -54.5294 -56.2685 51.6396  -54.4054 -1.164500000000004 -76.6825  -54.05840000000001 -16.88350000000001 -73.83070000000001  -54.0274 -62.9144 36.68359999999998  -53.99039999999999 -60.97800000000001 -44.0154  -53.9104 8.838499999999982 -79.43220000000001  -53.6854 -64.03670000000001 -16.96639999999999  -53.6724 -67.33200000000001 -3.366399999999999  -53.26139999999999 -52.0301 -65.9033  -53.2484 23.12649999999999 54.07259999999999  -53.1444 29.18449999999999 47.2176  -52.6524 -16.07050000000001 69.5686  -52.6484 -36.46350000000001 67.3116  -52.60040000000001 10.00049999999999 62.89160000000001  -52.3854 -54.6764 59.39259999999999  -52.16240000000001 -62.57690000000001 44.51159999999999  -51.66540000000001 -62.7706 -26.89940000000001  -51.34740000000001 1.16749999999999 69.0746  -51.2574 26.99949999999998 -87.0548  -51.0984 72.34950000000001 -68.2204  -50.9794 73.92849999999999 -84.82640000000001  -50.75539999999999 55.8665 0.3335999999999899  -50.71640000000001 -39.37050000000001 -70.7684  -50.5934 -28.57850000000001 73.69559999999998  -50.3914 35.51249999999999 -92.8719  -50.3304 46.66549999999998 27.2046  -50.2354 22.3115 59.61959999999999  -50.2024 -25.0485 -71.3124  -50.1454 18.87449999999998 -82.23530000000001  -49.79040000000001 -8.697500000000019 -73.39710000000001  -49.71340000000001 -55.18660000000001 -61.7747  -49.34740000000001 -63.3742 -36.1614  -49.14239999999999 -52.18150000000001 66.9606  -49.0984 -8.748500000000007 76.79259999999999  -49.09440000000001 57.2415 -7.727399999999989  -48.75239999999999 63.1935 -30.5804  -48.7234 -46.62910000000001 -69.3574  -48.69540000000001 -43.3374 73.68459999999999  -48.6764 -70.2244 2.233599999999996  -48.6434 -68.12240000000001 32.9836  -48.5934 39.4785 40.81659999999999  -48.53740000000001 61.5565 -23.51140000000001  -48.53440000000001 -58.14620000000001 -56.86840000000001  -48.4464 -32.69450000000001 -69.9571  -48.42440000000001 -64.3537 56.84960000000001  -48.21640000000001 75.05549999999999 -96.916  -48.1024 42.8785 -97.84180000000001  -47.7884 -22.7415 80.11259999999999  -47.7574 -17.91550000000001 -71.3075  -47.7304 69.86750000000001 -102.9432  -47.6254 -62.91330000000001 39.4136  -47.18940000000001 5.3005 76.98159999999999  -47.1314 19.93949999999998 65.47059999999999  -46.6054 -37.31150000000001 79.90959999999998  -46.1484 -65.4311 48.65559999999999  -45.7354 15.75449999999998 71.9196  -45.41840000000001 -65.0977 26.25059999999999  -45.3904 -71.93650000000001 13.5866  -45.3514 59.19049999999999 -104.1342  -45.29940000000001 74.64849999999998 -91.3437  -45.2854 -60.87910000000001 33.56659999999999  -45.23139999999999 -50.99430000000001 36.74959999999999  -45.04940000000001 -62.14500000000001 -49.9354  -44.7984 -51.3092 30.02859999999998  -44.79640000000001 -55.86070000000001 73.55459999999999  -44.7744 -64.6525 62.9076  -44.3734 -11.34550000000002 86.64259999999999  -44.36239999999999 1.78449999999998 -73.7346  -44.3184 -66.29100000000001 -24.4034  -44.2894 -69.71780000000001 -10.1174  -44.2244 64.61849999999998 -41.5604  -44.18040000000001 -52.86670000000001 43.26560000000001  -44.0744 -67.8396 -18.4614  -43.7654 -31.83450000000001 86.56459999999998  -43.7294 55.32149999999999 5.251599999999996  -43.5874 -51.29870000000001 79.25059999999999  -43.4474 -49.4436 22.86060000000001  -43.43040000000001 -38.59650000000001 32.65959999999998  -43.0694 52.51849999999999 11.3646  -42.94840000000001 -51.14400000000001 -65.1694  -42.7734 45.30549999999999 34.0926  -42.53740000000001 50.07849999999999 19.7886  -42.43340000000001 -45.16950000000001 84.79059999999998  -42.30840000000001 -23.15150000000001 -69.19  -42.30240000000001 34.4025 54.45859999999999  -42.1454 15.8185 78.95859999999999  -42.0684 7.477499999999992 84.0916  -42.05540000000001 -72.1045 -3.557400000000001  -42.0124 14.23849999999999 -77.3211  -41.8734 68.34449999999998 -57.7624  -41.54640000000001 -37.75250000000001 40.28459999999998  -41.4554 -56.078 49.26759999999999  -41.3824 -34.36250000000001 24.86760000000001  -41.29340000000001 -66.7894 -29.54740000000001  -40.99939999999999 -58.56830000000001 17.45959999999999  -40.9434 -40.26450000000001 16.29159999999999  -40.83540000000001 -65.52220000000001 -42.59740000000001  -40.7914 -10.85850000000002 -70.0291  -40.6054 30.6815 62.33359999999999  -40.5354 -43.11470000000001 48.2166  -40.2864 66.1465 -50.0004  -40.2684 -41.26450000000001 -67.40350000000001  -40.2054 -65.26540000000001 70.25659999999999  -40.0104 -65.2415 52.71559999999999  -40.0034 1.756499999999988 90.69659999999999  -39.9264 69.71949999999998 -64.82640000000001  -39.6084 -50.71980000000001 11.6876  -39.5264 -55.3584 -61.0634  -39.3154 -70.54820000000001 57.9066  -39.2064 -30.14750000000001 95.3006  -38.79040000000001 69.53749999999999 -72.416  -38.4114 39.91849999999999 46.39959999999999  -38.3994 69.4675 -80.4864  -38.26139999999999 -67.87260000000001 12.3306  -38.14239999999999 -29.45450000000001 -68.0548  -38.05840000000001 26.60849999999999 69.1396  -37.8984 71.32749999999999 -87.7052  -37.5864 58.65549999999999 -15.71540000000002  -37.57940000000001 -29.65150000000001 45.25460000000001  -37.4884 -63.64 78.1626  -37.4734 -45.19810000000001 91.91559999999998  -37.4204 56.01349999999999 -0.3243999999999971  -37.3754 -31.03750000000001 11.3956  -37.37439999999999 -10.32250000000002 96.29259999999999  -37.22839999999999 -69.9722 0.3995999999999924  -37.10639999999999 -42.66780000000001 5.87360000000001  -36.98139999999999 -57.14510000000001 85.74760000000001  -36.8304 49.7835 -101.1634  -36.7424 -23.17550000000001 32.72659999999999  -36.7214 61.63849999999999 -34.5594  -36.6644 24.60550000000001 -82.0091  -36.6584 -58.1666 4.703599999999994  -36.64239999999999 -23.0745 19.0086  -36.4264 -32.24850000000001 52.16059999999999  -36.2854 32.2535 -89.3539  -36.26739999999999 60.96949999999998 -29.2364  -36.2234 -49.5699 57.47659999999999  -35.6724 39.6035 -95.946  -35.3524 43.07149999999999 40.10059999999999  -35.1534 -18.43350000000001 -67.81950000000001  -35.00239999999999 56.76949999999999 -7.234399999999994  -34.87540000000001 23.72749999999999 76.2766  -34.7824 47.43049999999999 28.29659999999998  -34.4554 -68.19500000000001 -36.0004  -34.3784 -66.3245 58.0926  -34.20840000000001 12.59649999999999 89.41460000000001  -34.1824 -70.06100000000001 -23.3434  -34.1824 4.204499999999996 93.91759999999999  -34.13239999999999 59.59950000000001 -23.7544  -34.0214 19.64249999999998 83.2946  -34.01240000000001 -27.63550000000001 102.4096  -33.99639999999999 61.38249999999999 -102.4288  -33.86840000000001 -30.32350000000001 59.59960000000001  -33.83840000000001 -0.8555000000000064 -69.5184  -33.65940000000001 10.09350000000001 -72.2197  -33.6224 -48.6233 -64.2119  -33.60839999999999 -19.95050000000001 40.91059999999999  -33.38239999999999 -38.66350000000001 -66.5624  -33.29740000000001 -60.45750000000001 -55.1844  -32.84540000000001 -19.7205 47.98660000000001  -32.6584 -57.9868 -2.153400000000005  -32.6454 -20.61450000000001 54.7296  -32.61439999999999 -27.63550000000001 4.520600000000002  -32.50739999999999 -32.29450000000001 -67.0397  -32.41839999999999 -36.3155 66.53559999999999  -32.39940000000001 67.6105 -96.2239  -32.11539999999999 -65.33860000000001 -47.93040000000001  -32.11240000000001 -72.381 63.29859999999999  -31.99340000000001 -71.71050000000001 -15.8974  -31.94139999999999 -16.60050000000001 11.3706  -31.65940000000001 -41.28150000000001 -1.594400000000007  -31.63740000000001 -9.778500000000008 -67.4747  -31.50239999999999 52.41049999999998 6.168599999999998  -31.4074 63.1585 -55.6234  -31.40039999999999 -70.3558 -7.720400000000012  -31.15440000000001 61.79949999999999 -45.4404  -30.9794 20.32149999999999 -75.5318  -30.54939999999999 -8.860500000000002 22.15260000000001  -30.3614 -14.5215 103.0436  -29.91239999999999 -19.67150000000001 65.4716  -29.78440000000001 -45.4907 100.5866  -29.75640000000001 -24.0635 -66.5488  -29.7114 -11.21450000000002 37.70259999999999  -29.66140000000001 -8.720500000000015 32.3886  -29.6584 -49.46610000000001 68.2406  -29.41040000000001 -10.58450000000002 58.7526  -29.4074 -8.723500000000001 51.23560000000001  -29.39340000000001 31.82249999999999 65.28459999999998  -29.38839999999999 -68.0553 -41.89540000000001  -29.32740000000001 -62.64160000000001 63.3836  -29.1824 63.1995 -61.5136  -28.52539999999999 35.15449999999998 58.45259999999999  -28.51339999999999 38.3955 51.33459999999999  -28.28040000000001 -16.14850000000001 -66.25620000000001  -28.12039999999999 -38.2985 73.4136  -28.0324 -26.26050000000001 72.57560000000001  -27.96340000000001 -5.121499999999997 97.1576  -27.84739999999999 -68.2274 85.24860000000001  -27.7294 58.44549999999998 -40.4984  -27.72139999999999 -37.36150000000001 107.0046  -27.67740000000001 -6.488500000000016 43.9126  -27.26439999999999 -53.40830000000001 -9.089400000000012  -27.11439999999999 6.632499999999993 91.9436  -26.8184 -59.718 93.1396  -26.6354 -6.566500000000019 65.18959999999998  -26.61840000000001 -26.6855 108.8126  -26.5284 58.79949999999999 -51.2384  -26.48240000000001 -2.964500000000015 -67.31140000000001  -26.3494 -12.1985 3.959599999999995  -26.29239999999999 52.5265 -2.67240000000001  -26.25540000000001 63.60049999999998 -87.1772  -26.25040000000001 62.30849999999998 -68.73060000000001  -26.17339999999999 -2.760500000000008 10.78559999999999  -26.07040000000001 -53.63930000000001 -60.5547  -26.06139999999999 -70.32230000000001 -29.43039999999999  -25.97239999999999 1.795500000000004 55.16559999999998  -25.85140000000001 46.33349999999999 14.1866  -25.60740000000001 -23.97450000000001 -2.425399999999996  -25.5334 16.13149999999999 86.5866  -25.4734 41.5325 34.95359999999999  -25.3664 2.532499999999999 48.90860000000001  -25.1464 45.4845 22.31059999999999  -24.98140000000001 44.06049999999999 -98.38  -24.77440000000001 -19.00750000000001 106.9296  -24.7414 0.7595000000000027 37.3596  -24.70840000000001 -74.3622 74.82259999999999  -24.6234 54.47149999999999 -28.03139999999999  -24.49340000000001 -32.02950000000001 -65.1413  -24.3254 -8.365499999999997 72.1986  -24.17240000000001 54.94549999999998 -34.7684  -24.03139999999999 6.498500000000007 -69.122  -24.0204 2.946499999999986 61.58760000000001  -23.91839999999999 4.271500000000003 28.2816  -23.89840000000001 22.30349999999999 80.08459999999999  -23.8734 53.45949999999999 -19.79040000000001  -23.85140000000001 -35.73650000000001 -9.065400000000011  -23.64940000000001 17.75649999999999 -71.7123  -23.61840000000001 59.57849999999999 -78.0628  -23.61439999999999 26.07049999999998 71.85659999999999  -23.57939999999999 25.86249999999998 -76.46170000000001  -23.5744 -17.2385 78.79059999999998  -23.41239999999999 -68.8687 -14.31139999999999  -23.35140000000001 37.06549999999999 -92.8202  -23.16839999999999 -9.558500000000009 -65.7942  -23.13640000000001 54.1155 -99.6097  -22.97040000000001 -32.28450000000001 79.19659999999999  -22.87139999999999 -63.30940000000001 -51.2394  -22.7544 30.9015 -84.629  -22.6524 51.1765 -10.6994  -22.54740000000001 -43.43940000000001 -63.47030000000001  -22.40940000000001 42.8245 28.6696  -22.20339999999999 3.825500000000005 86.42060000000001  -22.16040000000001 55.50149999999999 -57.4594  -22.09139999999999 35.76149999999998 44.28459999999998  -21.99039999999999 -8.267500000000013 91.45660000000001  -21.87139999999999 -9.491500000000002 84.53459999999998  -21.85239999999999 54.06549999999999 -46.0684  -21.63339999999999 -2.093500000000006 79.65959999999998  -21.5984 9.28449999999998 14.40959999999998  -21.4144 -61.0797 69.14060000000001  -21.1994 -17.89250000000001 101.8016  -21.18440000000001 -68.88180000000001 -21.97640000000001  -21.18440000000001 -47.62150000000001 75.5566  -21.04140000000001 4.283500000000004 67.90260000000001  -20.7364 10.5215 44.24760000000001  -20.7244 -66.2938 -45.4134  -20.67140000000001 -47.75590000000001 105.8076  -20.64439999999999 10.74949999999998 57.67759999999998  -20.5934 45.9665 5.038600000000002  -20.58840000000001 12.0205 51.72460000000001  -20.36439999999999 -30.04450000000001 109.7976  -20.18539999999999 -73.7667 66.10759999999999  -20.0754 -57.02990000000001 -18.35740000000001  -19.71539999999999 12.34649999999999 81.18559999999999  -19.58840000000001 -68.2248 -37.3164  -19.55539999999999 -19.91650000000001 -64.52070000000001  -19.41839999999999 4.28449999999998 3.813600000000008  -19.29740000000001 -42.11250000000001 -16.9314  -19.20240000000001 -23.42850000000001 86.46459999999999  -18.92840000000001 56.42849999999999 -94.19460000000001  -18.89940000000001 6.750499999999988 74.49760000000001  -18.68440000000001 53.37649999999999 -64.1645  -18.65940000000001 31.70249999999999 53.57560000000001  -18.60140000000001 26.84449999999998 62.91559999999998  -18.5874 -18.68950000000001 95.4716  -18.56540000000001 -0.5745000000000005 -66.78490000000001  -18.5224 15.57849999999999 35.7276  -18.33940000000001 16.5865 21.9006  -17.9614 -8.662499999999994 -2.743400000000008  -17.7594 -58.8532 -56.0994  -17.56039999999999 14.32849999999999 63.13759999999999  -17.5034 18.2835 76.07659999999998  -17.49940000000001 48.90549999999999 -51.5274  -16.73240000000001 26.10249999999999 -74.82560000000001  -16.6704 16.92149999999998 69.82560000000001  -16.65940000000001 38.69049999999999 18.97460000000001  -16.5564 23.17949999999999 48.67259999999999  -16.39240000000001 23.70949999999999 42.40959999999998  -16.31139999999999 -73.0155 84.6816  -16.16839999999999 29.8075 36.93860000000001  -16.13140000000001 35.23949999999999 31.28960000000001  -16.0994 20.54349999999999 56.4016  -15.99940000000001 43.2225 -2.398400000000009  -15.9324 46.0275 -40.7884  -15.8064 36.5565 25.19059999999999  -15.7894 45.40549999999999 -94.6769  -15.7234 44.99850000000001 -16.26240000000001  -15.61240000000001 50.31549999999999 -71.9624  -15.60839999999999 43.45050000000001 -23.6174  -15.48740000000001 23.7475 29.14359999999999  -15.47739999999999 50.66849999999999 -87.43650000000001  -15.46639999999999 44.5675 -32.0564  -15.03040000000001 -45.49640000000001 -23.29939999999999  -14.8974 -56.07790000000001 99.42259999999999  -14.8674 30.03649999999999 13.07659999999998  -14.8494 18.71549999999999 6.923599999999993  -14.75139999999999 -19.67750000000001 -8.928400000000011  -14.5204 -64.93620000000001 -30.5204  -14.14940000000001 -55.47750000000001 -25.8954  -14.10140000000001 -41.88550000000001 83.43459999999999  -13.97040000000001 38.61949999999999 -87.23870000000001  -13.7484 29.15549999999999 21.32560000000001  -13.4974 44.21549999999999 -58.45740000000001  -13.3844 -44.2107 104.5966  -13.07640000000001 14.7235 -70.803  -13.04640000000001 -28.40450000000001 -15.45740000000001  -12.94239999999999 38.9665 -9.825400000000002  -12.88239999999999 -59.8083 74.07759999999999  -12.7894 17.48349999999999 0.158600000000007  -12.71440000000001 44.2825 -79.8433  -12.62540000000001 -8.367500000000007 -64.7152  -12.5874 -33.4405 100.1506  -12.43440000000001 32.1645 -79.1998  -12.25839999999999 4.593500000000006 -3.680399999999992  -12.20140000000001 -66.5763 93.2826  -12.03640000000001 -73.81230000000001 68.17060000000001  -12.01240000000001 30.70650000000001 3.898599999999988  -11.8724 39.90649999999999 -48.1794  -11.48840000000001 -63.16900000000001 -42.1194  -11.41640000000001 -35.9295 91.9486  -11.3064 34.4795 -17.1524  -10.9804 29.32749999999999 -3.796400000000006  -10.95840000000001 -33.96950000000001 -62.8643  -10.57140000000001 41.32749999999999 -66.4813  -10.2834 -61.48140000000001 -49.1104  -9.669399999999996 -50.43300000000001 -60.7638  -9.649400000000014 27.37949999999998 -10.94640000000001  -9.589400000000012 16.7165 -6.567399999999992  -9.41040000000001 -61.26960000000001 -37.0284  -9.188400000000001 31.8545 -28.0044  -8.844400000000007 33.1095 -36.4284  -8.618400000000008 -75.18650000000001 79.28459999999998  -8.594400000000007 37.0515 -73.8826  -8.570400000000006 33.50149999999999 -42.82340000000001  -8.418399999999991 3.79849999999999 -67.7274  -7.606400000000008 -52.72980000000001 -33.28440000000001  -7.590399999999988 -47.31140000000001 96.95260000000002  -7.337400000000002 26.09449999999998 -74.7315  -7.177400000000006 34.7525 -61.1755  -7.150399999999991 26.73650000000001 -21.4374  -7.014399999999995 -41.7025 -29.10839999999999  -7.012400000000014 33.61249999999998 -54.2534  -6.4084 -32.9825 -23.3484  -6.174399999999991 -70.9829 73.7636  -6.112400000000008 -57.2235 81.03559999999999  -5.743400000000008 29.55849999999998 -47.7944  -5.306399999999996 -6.33450000000002 -7.905400000000014  -5.1464 -49.256 89.43260000000001  -4.800399999999996 18.36150000000001 -13.5264  -4.750400000000013 -19.18150000000001 -62.95180000000001  -4.647400000000005 -59.239 93.32659999999998  -4.488400000000013 -69.2347 87.78459999999998  -3.198399999999992 30.42849999999999 -67.032  -2.933400000000006 23.4495 -33.2174  -2.898400000000009 18.22450000000001 -73.0286  -2.407399999999996 -60.26560000000001 -55.2974  -2.023400000000009 5.645499999999998 -8.745399999999989  -1.732400000000013 -54.5506 -40.60040000000001  -1.340399999999988 -67.8704 82.00460000000001  -0.6633999999999958 -60.512 87.29759999999999  -0.2053999999999974 21.17949999999999 -26.7184  -0.1203999999999894 -42.76310000000001 -34.99940000000001  0.3966000000000065 -19.53850000000001 -16.22140000000002  0.502600000000001 26.21549999999999 -71.776  0.7675999999999874 26.8175 -59.8553  0.9715999999999951 -6.302500000000009 -65.0776  1.032600000000002 23.1935 -42.0864  2.387599999999992 24.16749999999999 -52.0514  2.532600000000002 -43.45610000000001 -62.7028  3.899599999999992 17.20849999999999 -19.12639999999999  4.59559999999999 -30.84750000000001 -62.7958  5.024599999999992 -62.8823 -47.0394  6.547599999999989 -37.5805 -30.34440000000001  6.642599999999987 8.113499999999988 -70.39570000000001  6.653600000000012 -47.4188 -36.61540000000001  6.706600000000009 19.9555 -33.68340000000001  7.721599999999995 -24.26350000000001 103.5566  7.794600000000003 26.69149999999999 -67.4979  8.037599999999998 23.0805 -75.0282  8.34559999999999 -16.5745 97.42559999999997  8.600599999999986 -41.6405 104.1076  9.128600000000006 -33.02050000000001 108.1826  9.598600000000005 -58.6071 -38.87140000000001  9.895600000000002 -54.10380000000001 -61.6503  10.30359999999999 -20.6135 91.58859999999999  10.54060000000001 10.1575 -11.58539999999999  10.66159999999999 -4.761500000000012 93.40959999999998  11.07759999999999 -64.1769 -53.9584  11.1996 -26.8135 -22.3734  11.46959999999999 26.01849999999999 -58.68040000000001  11.80359999999999 -18.4705 -63.9276  11.8116 -18.62750000000001 108.8946  12.1206 22.15549999999999 -25.18440000000001  12.19659999999999 22.6825 -40.61240000000001  12.2226 -36.3125 95.4186  13.01259999999999 -13.04349999999999 86.01259999999999  13.1326 5.001499999999993 87.5436  13.2816 26.2105 -49.2814  13.41460000000001 -0.7835000000000036 80.93260000000001  14.30760000000001 -67.5561 -41.4774  14.6506 -5.141500000000008 -66.37740000000001  14.80760000000001 -6.106500000000011 102.2756  14.8896 -4.883499999999998 -9.450400000000002  15.0626 6.352499999999992 74.22460000000001  15.35659999999999 35.1525 -72.8867  15.4016 34.19549999999998 -80.8811  15.59059999999999 -38.70350000000001 106.1236  15.65360000000001 -51.49220000000001 -32.8434  15.7046 12.9365 81.7276  15.73060000000001 15.98949999999999 67.5026  15.8116 19.55949999999999 -16.05940000000001  15.96459999999999 27.60849999999999 -34.3844  16.05160000000001 -26.36750000000001 109.8386  16.5386 -40.8305 -63.7726  17.39259999999999 35.34449999999998 -64.8695  17.95660000000001 20.02549999999999 59.8826  18.08459999999999 44.5925 -85.59740000000001  18.19159999999999 19.8355 75.39959999999999  18.68360000000001 34.00449999999998 -42.6234  18.77459999999999 -14.91250000000001 79.50059999999999  18.78960000000001 6.294499999999999 93.91659999999999  18.7946 24.9545 -81.1519  18.83959999999999 31.15549999999999 -19.4074  19.08260000000001 36.3725 -27.1054  19.0926 3.831500000000005 66.79759999999999  19.15960000000001 -46.35870000000001 95.00559999999999  19.42859999999999 18.78049999999999 48.1326  19.52260000000001 -33.92850000000001 87.10659999999999  19.7056 14.82149999999999 -75.4023  19.85560000000001 13.5265 54.03659999999999  19.9136 36.86750000000001 -56.70740000000001  19.92859999999999 26.95149999999998 52.81059999999999  19.95660000000001 -14.18049999999999 107.9246  20.01859999999999 25.5675 67.43359999999998  20.07060000000001 -24.7415 82.45759999999999  20.2336 28.67749999999998 44.5616  20.2516 35.39449999999999 -88.0972  20.44159999999999 13.50649999999999 87.67660000000001  20.58459999999999 -42.04950000000001 -27.0504  20.70760000000001 49.0455 -78.00970000000001  20.84459999999999 -67.14 -48.7744  20.99359999999999 39.48050000000001 -49.74640000000001  21.0866 -4.350500000000011 71.17660000000001  21.33959999999999 -66.239 -34.9294  21.3646 47.6045 -68.8903  21.59059999999999 29.75049999999999 -12.99539999999999  21.90459999999999 -19.4085 -16.04840000000002  21.9066 42.74449999999999 -20.20740000000001  21.9126 18.8715 -8.970400000000012  22.05160000000001 29.02849999999998 37.93959999999998  22.23759999999999 -27.3245 106.3596  22.33959999999999 44.73949999999999 -36.07040000000001  22.47460000000001 50.62449999999998 -92.6109  22.6336 4.000499999999988 60.39660000000001  22.65260000000001 46.5855 -61.8929  23.07859999999999 37.23650000000001 7.404599999999988  23.55160000000001 -52.68390000000001 -62.80160000000001  23.85659999999999 -61.8233 -57.4034  23.87960000000001 48.91049999999998 -45.3664  24.1456 42.33750000000001 0.8126000000000033  24.2276 34.3245 33.0496  24.23859999999999 -36.73050000000001 99.16759999999999  24.29159999999999 33.14249999999998 -5.588400000000007  24.4196 6.861500000000007 -4.705399999999997  24.68860000000001 40.88849999999999 -94.4027  24.7106 42.94049999999999 -13.17940000000002  24.7696 2.149499999999989 -70.29690000000001  24.79759999999999 -28.34650000000001 -64.8416  24.85159999999999 -70.2557 -40.6754  24.9556 -42.28370000000001 90.83959999999999  24.9796 13.66649999999998 40.57759999999999  25.07560000000001 -3.381500000000017 101.3526  25.2936 21.63649999999998 32.08760000000001  25.42660000000001 50.38849999999999 -27.10640000000001  25.4376 31.26649999999998 26.29859999999999  25.49760000000001 29.48650000000001 19.2526  25.5026 6.3065 48.8176  25.55359999999999 28.81649999999999 2.915599999999984  25.63560000000001 -58.5471 -27.8424  26.1386 40.7595 13.48859999999999  26.46959999999999 -13.8135 72.36859999999999  26.5016 1.564499999999981 54.68860000000001  26.76759999999999 35.93349999999998 47.9186  27.23159999999999 29.38749999999999 59.99359999999999  27.32560000000001 18.21949999999998 82.07659999999998  27.5616 22.1105 11.89859999999999  27.57259999999999 -41.78150000000001 85.6636  27.5746 -13.19650000000001 -66.6189  27.61859999999999 47.92149999999998 5.976599999999991  27.66659999999999 59.98349999999999 -87.89060000000001  27.7406 41.33249999999998 21.62260000000001  27.8306 -18.91050000000001 101.2656  27.83260000000001 19.45349999999999 -2.103399999999993  27.90360000000001 -23.28850000000001 76.3246  28.31360000000001 47.94450000000001 -5.920400000000001  28.49260000000001 60.10749999999999 -71.4374  28.70760000000001 25.20650000000001 74.19159999999999  28.71359999999999 53.86949999999999 -54.5134  28.8116 19.39949999999999 -79.1615  28.98159999999999 -33.97550000000001 -20.2424  29.0966 -9.083500000000015 65.82560000000001  29.2056 38.56549999999999 38.85159999999999  29.2226 58.48849999999999 -63.63330000000001  29.24959999999999 28.61150000000001 67.27160000000001  29.2936 56.7175 -40.94540000000001  29.31960000000001 33.89849999999998 53.9716  29.3246 34.75449999999998 -91.00580000000001  29.3776 -49.0215 -23.08539999999999  29.6626 41.67249999999999 29.5566  29.70959999999999 -35.33250000000001 81.27260000000001  29.7816 53.1215 -19.02440000000001  29.99959999999999 -5.948499999999996 -3.155400000000014  30.16460000000001 13.23949999999999 23.1026  30.19159999999999 18.3125 4.130599999999987  30.24760000000001 61.8725 -79.16120000000001  30.5616 51.01949999999999 -97.95920000000001  30.58959999999999 61.4725 -96.71100000000001  30.7696 10.95050000000001 1.338599999999985  30.79759999999999 27.7405 -84.7527  30.8776 7.424499999999995 89.80259999999998  31.16059999999999 1.805499999999995 2.197599999999994  31.47059999999999 6.473500000000001 32.16759999999999  32.17859999999999 -15.9825 -8.973399999999998  32.24359999999999 8.79849999999999 7.211600000000004  32.69560000000001 -29.57850000000001 92.7236  32.8056 59.7475 -46.77040000000001  32.9316 51.6935 -0.3353999999999928  32.95160000000001 -3.500500000000017 44.3886  33.03559999999999 -8.8125 58.59960000000001  33.0556 -68.1431 -29.03540000000001  33.24260000000001 -62.5078 -21.17740000000001  33.3356 -37.69750000000001 85.80459999999999  33.55459999999999 -0.9244999999999948 37.89660000000001  33.9126 -7.535500000000013 51.69659999999999  34.50360000000001 57.9145 -33.8014  34.5496 -11.17850000000001 93.27160000000001  34.7056 -25.34650000000001 -14.07939999999999  34.81659999999999 -43.03890000000001 -64.8121  35.07560000000001 9.912499999999994 -74.93000000000001  35.24160000000001 48.1465 17.12860000000001  35.32159999999999 41.36449999999999 -94.90310000000001  35.3486 -69.5421 -36.5244  35.49160000000001 -47.94550000000001 -17.1114  35.51060000000001 -1.796500000000009 7.901600000000002  35.82259999999999 1.821499999999986 14.60560000000001  35.89359999999999 58.32749999999999 -26.1764  36.4796 50.5505 10.0976  37.08260000000001 -1.464500000000015 27.1446  37.2296 -29.59350000000001 78.4066  37.33859999999999 -56.4204 -60.4106  37.4556 -8.652500000000003 3.36760000000001  37.54660000000001 54.5035 -12.1054  37.6986 -19.30850000000001 70.63759999999999  37.83359999999999 10.14849999999998 83.1336  37.9136 -68.56570000000001 -16.31040000000002  38.03559999999999 38.3135 44.38759999999999  38.0626 17.5855 77.4126  38.08359999999999 -60.00200000000001 -12.5094  38.33359999999999 -35.80350000000001 -14.24440000000001  38.6026 -3.014499999999998 21.86959999999999  38.67859999999999 46.11449999999999 24.3656  38.6806 -21.40350000000001 85.94659999999999  39.07660000000001 54.0275 -5.354399999999998  39.0796 53.1215 4.177599999999984  39.27760000000001 35.3115 50.22559999999999  39.32660000000001 68.48249999999999 -74.44  39.32759999999999 22.7655 70.61259999999999  39.40459999999999 69.75449999999998 -95.041  39.42959999999999 33.42349999999999 -88.9115  39.4436 -63.32320000000001 -52.6794  39.6396 -7.8125 32.95259999999999  39.74459999999999 -4.144499999999994 85.17359999999999  40.1506 67.65949999999998 -67.0685  40.39259999999999 -26.20150000000001 -67.93300000000001  40.4726 -68.57690000000001 -22.85239999999999  40.47659999999999 -17.1435 -1.970400000000012  40.5446 30.44149999999999 56.4716  40.68260000000001 25.6815 63.3296  40.9556 -66.72170000000001 -43.1314  40.9556 68.9545 -82.71690000000001  41.11660000000001 -13.39350000000002 40.09559999999999  41.6096 -46.38180000000001 -9.509399999999999  42.02860000000001 -17.14550000000001 47.7516  42.0446 -17.7295 62.95159999999998  42.3356 19.79249999999999 -80.24730000000001  42.4836 65.34350000000001 -59.7659  42.56659999999999 -29.60650000000001 -7.326400000000007  42.58459999999999 42.77949999999998 31.90260000000001  42.77160000000001 -15.23050000000001 76.7576  42.96260000000001 3.993499999999983 78.6146  42.98859999999999 -68.40920000000001 -6.817399999999992  43.07759999999999 -6.969500000000011 -71.6007  43.1386 -60.7146 -4.378399999999999  43.31659999999999 58.7595 -20.01240000000001  43.3246 62.44649999999999 -99.1093  43.58859999999999 -12.70650000000001 10.4366  44.03059999999999 50.63649999999998 -98.27080000000001  44.13659999999999 12.09549999999999 73.5616  44.67760000000001 62.18049999999999 -41.63640000000001  44.94659999999999 -12.6935 18.58259999999999  45.32560000000001 -18.14550000000001 4.031599999999997  45.42359999999999 -14.1825 26.53659999999999  45.46559999999999 -67.86380000000001 -16.90940000000001  46.1746 0.7164999999999964 72.88759999999999  46.47659999999999 -66.1778 -30.3074  46.52359999999999 37.89249999999998 38.4076  46.7576 64.3835 -50.99940000000001  47.0686 -43.80640000000001 -1.532399999999996  47.08160000000001 -9.423500000000018 67.3766  47.2756 -18.90350000000001 59.5496  47.43459999999999 47.66649999999998 16.77260000000001  47.5926 10.22149999999999 66.7116  47.71459999999999 60.24850000000001 -27.54740000000001  47.75360000000001 -51.4799 -63.6018  48.0196 -66.41980000000001 -1.728399999999993  48.2236 -29.0515 1.127600000000001  48.75960000000001 41.0035 -92.9804  49.23159999999999 27.33750000000001 52.17859999999999  49.29759999999999 -20.68050000000001 34.80359999999999  49.31360000000001 -55.38850000000001 2.975599999999986  49.3426 52.3775 -0.2564000000000135  49.4676 72.54249999999999 -92.38380000000001  49.86859999999999 -64.8956 -37.2154  50.2276 50.15349999999998 7.273599999999988  50.23660000000001 60.91749999999999 -34.5844  50.6096 72.14249999999998 -77.536  50.7876 -27.1935 8.392599999999987  50.92259999999999 -23.62750000000001 50.9136  51.0496 -41.44750000000001 -68.1373  51.05959999999999 6.900499999999994 -76.4756  51.4736 29.67749999999998 44.9076  51.69460000000001 -41.4385 6.019599999999997  51.79859999999999 -23.22250000000001 22.28459999999998  51.81360000000001 15.46850000000001 56.94159999999999  51.96959999999999 53.35749999999999 -7.516400000000004  51.99760000000001 -25.34450000000001 15.90559999999999  52.0076 71.8005 -71.16760000000001  52.14760000000001 -63.56150000000001 -22.37540000000001  52.17060000000001 -22.73950000000001 43.65559999999999  52.5866 -57.3665 -57.5844  52.75360000000001 -3.069500000000005 60.52859999999998  53.2526 -64.9555 -5.801400000000001  53.47059999999999 58.8075 -100.4653  53.72059999999999 -16.66650000000001 55.2766  53.81460000000001 55.9965 -15.19239999999999  54.09059999999999 -61.38550000000001 4.554599999999994  54.15860000000001 29.01349999999999 -85.9725  54.39959999999999 69.4015 -64.34480000000001  54.80760000000001 36.27349999999998 32.9836  55.0196 -60.85120000000001 -42.6524  55.2176 -61.4355 -13.85339999999999  55.2756 -27.1165 28.79259999999999  55.46260000000001 -52.2668 9.268599999999992  55.77260000000001 -39.26050000000001 13.27760000000001  56.04859999999999 38.56449999999998 24.9716  56.30359999999999 17.72049999999999 48.7766  56.43260000000001 16.83349999999999 -80.471  56.55260000000001 -19.0515 49.54159999999999  56.6086 -26.3395 -73.3869  56.61760000000001 73.13749999999999 -83.4374  56.9796 42.09950000000001 17.88460000000001  57.44759999999999 57.57049999999998 -22.51740000000001  57.45160000000001 -3.719500000000011 52.14760000000001  58.43360000000001 49.3715 -97.75980000000001  58.79060000000001 -56.3108 -49.6444  59.1506 -58.67590000000001 -28.57040000000001  59.7176 25.5795 36.45660000000001  59.80359999999999 -23.6225 35.77859999999998  59.9556 -33.91550000000001 21.23060000000001  60.17359999999999 4.633499999999998 46.63560000000001  60.2816 -7.774500000000018 -76.58030000000001  60.3956 65.32550000000001 -55.4064  60.61259999999999 -12.55350000000001 43.75360000000001  60.73859999999999 14.8785 42.2226  60.9246 -57.07990000000001 -6.010400000000004  60.9836 45.36849999999998 4.369599999999991  61.2706 57.47749999999999 -29.70439999999999  61.30359999999999 -54.11080000000001 6.282600000000002  61.46459999999999 61.98749999999998 -45.8284  61.61660000000001 -51.6024 -63.96600000000001  61.6996 67.39249999999998 -98.7492  61.88159999999999 73.4145 -91.1802  61.93360000000001 -45.19080000000001 13.54859999999999  62.0686 -56.7903 -35.54640000000001  62.32560000000001 40.01649999999998 11.0926  62.6336 28.79349999999999 29.79759999999999  62.67060000000001 -29.70950000000001 28.90559999999999  63.32060000000001 -53.95870000000001 -20.84739999999999  63.55959999999999 0.9805000000000064 40.8716  63.56460000000001 45.20349999999999 -2.098399999999998  64.2706 71.3235 -76.9982  64.61060000000001 38.88149999999999 -92.4169  64.86359999999999 52.0095 -17.9144  64.89660000000001 -44.2899 -72.22240000000001  65.02459999999999 69.66549999999998 -69.96860000000001  65.0796 6.627499999999998 -80.0894  65.3646 8.139499999999998 35.78559999999999  65.7996 -8.767500000000013 35.4966  66.0316 55.9435 -37.57340000000001  66.46559999999999 30.91149999999999 17.8776  66.66560000000001 -19.36250000000001 30.3416  66.6816 45.81049999999999 -10.76740000000001  66.9496 66.6455 -64.004  67.2056 15.3845 29.50360000000001  67.24260000000001 -50.87790000000001 -41.6734  67.3536 -47.3412 -12.3194  67.44460000000001 -21.10850000000001 -78.6113  67.45359999999999 19.35550000000001 -83.89870000000001  67.77760000000001 22.8845 23.42359999999999  67.81960000000001 -45.15010000000001 -2.01339999999999  67.86359999999999 -25.5425 23.72059999999999  67.87260000000001 -34.17150000000001 -77.5909  68.1636 57.71850000000001 -101.5376  68.3776 -32.34450000000001 16.1096  68.90860000000001 0.03649999999998954 29.5196  68.9716 -39.18150000000001 7.620599999999996  69.48560000000001 -49.65220000000001 -58.4644  69.9006 29.11750000000001 -88.2231  70.03059999999999 -48.13690000000001 -27.80340000000001  70.27359999999999 34.5855 4.215599999999995  70.29560000000001 -10.7645 25.4366  70.5026 49.30849999999998 -24.2244  70.9136 -43.5223 -76.5621  71.6806 71.07249999999999 -85.55590000000001  71.81059999999999 4.619499999999988 21.9836  72.01660000000001 -46.3263 -34.96640000000001  72.04060000000001 50.7705 -30.86940000000001  72.60560000000001 -43.99270000000001 -48.4474  72.6746 24.5795 10.59960000000001  72.73560000000001 43.33750000000001 -17.35839999999999  72.87260000000001 -41.8185 -19.7244  72.96860000000001 -13.0215 16.88759999999999  73.00059999999999 57.8125 -51.4524  73.24860000000001 15.57749999999999 16.3006  73.40559999999999 -46.63780000000001 -66.5243  73.8296 54.00549999999998 -44.0514  73.92359999999999 -8.030500000000018 -82.54820000000001  73.9796 32.39949999999999 -3.675399999999996  74.07859999999999 -22.0605 8.799599999999998  74.35059999999999 -32.5715 -7.39439999999999  74.42660000000001 -27.91050000000001 0.620599999999996  74.48759999999999 46.36949999999999 -98.8083  75.1036 60.04849999999999 -60.55330000000001  75.14259999999999 8.615499999999997 -84.3783  75.21559999999999 2.107499999999987 14.29759999999999  75.23060000000001 -34.8935 -13.6874  75.5986 69.02249999999998 -94.3245  76.2406 62.78149999999999 -69.2428  76.34459999999999 -42.69820000000001 -73.18950000000001  76.9556 -5.519499999999994 8.45859999999999  77.0146 9.513499999999993 8.837600000000009  77.0196 19.6985 2.763599999999997  77.56059999999999 -35.55850000000001 -25.07040000000001  77.87860000000001 -26.87150000000001 -82.4682  78.01859999999999 45.1755 -34.16040000000001  78.0256 29.82849999999999 -12.6454  78.1566 -12.02350000000001 1.683599999999984  78.4436 -39.7475 -56.7814  78.61060000000001 -34.56450000000001 -31.5844  78.6396 -35.44250000000001 -40.37740000000001  78.97460000000001 -24.32950000000001 -11.0814  79.12459999999999 -16.24950000000001 -5.526399999999995  79.15260000000001 19.19549999999998 -88.539  79.29060000000001 40.60749999999999 -28.56739999999999  79.38460000000001 34.5035 -21.36439999999999  79.63460000000001 3.5565 0.4676000000000045  79.9136 -25.33450000000001 -17.7954  79.95259999999999 16.95050000000001 -5.372399999999999  80.12459999999999 63.2295 -78.7916  81.48259999999999 32.6885 -94.2872  81.80760000000001 61.36449999999999 -102.4272  81.84960000000001 -13.59450000000001 -11.8254  81.90559999999999 41.64949999999999 -40.38640000000001  81.96559999999999 -1.190500000000014 -7.870399999999989  82.48859999999999 45.91049999999998 -48.3214  82.6866 12.32749999999999 -12.08340000000001  83.0136 -16.7295 -87.568  83.0256 -18.88650000000001 -25.3244  83.0556 -35.96350000000001 -66.4131  83.33160000000001 49.64149999999998 -56.6794  83.79660000000001 -3.94550000000001 -16.8614  83.95760000000001 -28.1495 -50.2954  84.12459999999999 16.26149999999998 -19.63339999999999  84.3896 1.384500000000003 -89.3383  84.45859999999999 52.3175 -65.33620000000001  84.52959999999999 63.5205 -88.70230000000001  84.74359999999999 26.5615 -26.7064  84.82859999999999 33.2895 -33.60340000000001  84.84960000000001 56.16249999999999 -105.1336  85.04560000000001 54.95249999999999 -72.50530000000001  85.21459999999999 -17.20050000000001 -32.76440000000001  85.80260000000001 0.1875 -23.8304  86.1446 -26.80950000000001 -86.7565  86.50360000000001 -31.35250000000001 -73.14840000000001  86.8236 -17.84950000000001 -42.10040000000001  86.82560000000001 13.1155 -25.89240000000001  87.29259999999999 62.10249999999999 -96.5136  87.71359999999999 -26.04450000000001 -60.33150000000001  87.78360000000001 1.718500000000006 -30.32939999999999  88.22659999999999 18.3545 -32.08240000000001  88.3006 -27.57650000000001 -81.2105  88.4676 -6.747500000000002 -36.5424  88.7466 31.33349999999999 -46.5164  88.81559999999999 37.06549999999999 -53.9734  89.07159999999999 24.8485 -39.27940000000001  89.52359999999999 43.25749999999999 -101.7008  89.9366 17.17149999999998 -94.10850000000001  90.0256 49.46250000000001 -77.4983  90.1506 39.85749999999999 -62.13550000000001  90.2296 53.95050000000001 -84.44670000000001  90.3546 8.579499999999996 -37.5594  90.6276 -11.15350000000001 -48.8454  90.93260000000001 43.17249999999999 -70.259  91.0136 -1.990499999999997 -43.1054  91.1446 -15.24350000000001 -91.1272  91.17859999999999 -15.4495 -55.7304  92.2636 -21.7925 -87.0711  92.3766 14.10249999999999 -45.78440000000001  92.58760000000001 23.4735 -52.78740000000001  92.91759999999999 29.1095 -59.07640000000001  93.24160000000001 1.510499999999979 -48.87140000000001  93.27260000000001 -16.5245 -67.1344  93.75760000000002 -20.2025 -76.3274  93.7996 3.27849999999998 -95.1649  94.04759999999999 -3.161500000000018 -54.0904  94.11860000000001 52.14849999999998 -103.3878  94.23759999999999 52.01849999999999 -92.0526  94.66759999999999 9.767499999999984 -53.16840000000001  94.67660000000001 -7.077500000000015 -60.2998  95.38560000000001 42.6335 -82.49210000000001  95.62459999999999 16.50449999999998 -59.4494  96.00659999999999 35.4545 -75.8323  96.11559999999997 4.148499999999984 -58.5874  96.28059999999999 25.2345 -67.77680000000001  96.47559999999999 30.41649999999998 -98.15090000000001  97.11660000000001 -13.8015 -80.7929  97.44560000000001 3.603499999999997 -65.92230000000001  98.32560000000001 -6.669499999999999 -73.8442  98.5976 -9.5685 -87.1375  98.62560000000002 46.0095 -104.0146  99.47859999999997 37.04949999999999 -88.88640000000001  99.5256 14.6825 -96.93610000000001  99.7946 40.36249999999998 -96.9502  99.9196 30.2945 -81.8091  100.4216 22.39849999999998 -76.83240000000001  100.4846 9.66149999999999 -73.9319  100.5536 -3.010500000000008 -93.3934  100.6046 2.841499999999996 -97.0181  101.1556 -0.7205000000000155 -80.4751  102.2396 25.88249999999999 -94.37690000000001  102.7726 12.73050000000001 -81.7617  102.9356 3.757499999999993 -87.36070000000001  103.0816 21.56049999999999 -86.98740000000001  103.6156 10.51349999999999 -93.91810000000001  -31.24412113944805 -13.22365642158644 35.80586616427067  65.59515826700306 -0.8215313108517819 35.63242450766924  -38.4434 -68.51675 63.10309999999998  60.36544171633349 -2.877168744018178 45.37617442716819  -52.50152215235532 -46.63487472002987 62.88906891445532  94.38447866538485 3.863506878646859 -53.58942882341152  48.22056841577884 -65.42562177274374 -9.827632216323479  40.51260000000002 10.7895 78.0136  -101.3215549376893 16.90172357017627 -87.33979896191508  43.83908373181185 59.76226280174248 -30.83411646218184  -84.54025 -4.813000000000017 -21.35989999999998  -41.9014 -65.78460000000001 -36.0809  -24.64359433214139 0.9463126221401978 44.05902341142956  -12.10340000000002 43.68350000000001 -72.9225  -21.61240000000001 -0.8075000000000045 73.34809999999999  -33.84190000000001 47.78149999999999 21.0496  -41.62749557099657 56.38973352373452 -4.051595246537033  -43.04643549809201 55.95148071104464 -0.04678984943797104  64.1491 72.10499999999999 -84.49665  76.57691152400196 -33.14617062041638 -18.70954175120013  69.85679589923052 13.46805737678017 22.68121415946146  -38.8384830092412 -60.52398126138648 12.05512533411871  29.54653810294133 3.832000951681664 42.76081639617527  37.51079815151169 -10.35411449568986 46.07776860014692  37.3356 -7.15900000000002 38.99610000000001  69.8571 23.24449999999999 17.0891  -68.42787491554697 1.756484112510464 31.15069869423778  -46.4402598501776 -66.8421991265356 11.35081134875088  -22.75825563402788 -10.87038746901206 79.15599384545581  -73.5549 -7.968000000000018 18.61959999999999  -82.67851740262674 -8.737615225341642 -14.96334609629253  42.86709999999999 -5.618500000000012 77.68610000000001  47.29572295883492 -1.191708363382475 67.09794683439293  13.93946633737505 -65.28159370446535 -48.01710499970579  -85.10894999999999 48.17299999999997 -59.41045  -87.38954612865356 46.59763380492259 -62.79825235543782  89.4111 0.9159999999999968 -37.0509  71.76388128485539 66.79304871858744 -73.90639329644235  -75.51384999999999 2.724999999999994 12.15260000000001  -25.0305203255374 58.43473202101885 -97.52922166077383  -34.11641535444704 48.18849715344624 16.96141817185739  29.60311012548041 5.799253791150448 39.13204540566613  86.37900276455119 -8.625437367635755 -31.66073291876913  -100.588480762559 15.86922674807096 -84.24689821094786  -99.10061896137991 14.57386442026632 -79.70996173928074  84.41410000000002 -9.349500000000006 -24.57740000000001  83.37314952262514 -12.15143201356392 -21.50946924776062  -52.82490000000001 -58.6345 -50.69290000000001  -55.2359519900386 -56.46764617733345 -53.85919987717313  -70.10496536527306 71.3081670601876 -92.47317232937054  96.92803252821869 13.21337294600971 -66.74618744756947  98.34929502483988 17.57137259233326 -70.80558799890385  -49.6444 -35.95795000000001 73.69009999999997  13.07436158303526 -3.756101951071145 86.80057486355832  19.43883720878549 -6.796200944502118 76.98073730708242  -65.1292926617426 -50.78770635019838 18.20520136216365  -69.42771715424256 14.42846963430839 24.95626058361665  -52.13376169101454 -66.37508678295198 15.68384258904533  -45.22508687251219 -59.53634620985372 46.12681048924833  -76.25460890953617 66.96063757594249 -84.6257248086123  -88.82140287451847 -14.21822016331433 -55.5314567705383  72.49963118034822 67.12230292836267 -77.92906568177347  71.14172443072712 -36.48170340003588 -0.6889750339737759  93.01609999999999 42.45849999999999 -76.6653  50.26811730134241 -20.54252707831535 27.64594135524041  76.98509999999999 1.996999999999986 8.648099999999999  -90.79307312468576 -21.56916324801196 -85.2539067734306  -44.33133609170959 -59.22496862142565 68.73493888796298  95.6526326837473 -5.044677843645957 -66.44308976372632  -88.68845582028284 -11.61552492656247 -51.29101960448624  -69.66130625621277 -38.39138298025441 17.84488637414134  97.09350610867136 45.97121962706115 -100.0137239666697  -57.5164 -46.73750000000001 50.08010000000002  -55.14312763343537 -50.40782201121813 54.23681837820232  49.36738377495735 -59.7262836127818 -51.12263751708299  -53.17241722078329 -37.45291308885676 -72.28139554804386  82.11188800810058 -13.22551668677232 -17.26663332486069  75.5171 -13.78999999999999 8.629099999999994  70.73833709166612 -22.40842445605215 16.50965520743111  -26.47550675791803 -3.216774497474745 60.29627761434182  -27.82550738972262 -4.8774114266335 57.09901949009162  -98.285917985973 11.53410491838224 -76.28184724080045  -63.14750000000001 -10.49950000000001 45.00560000000002  -61.27210615880207 -11.47114171358754 49.218888403184  -59.41709377935835 -12.13795638812357 53.35926662232879  33.34909999999999 50.52149999999997 5.077099999999973  -39.47477854446304 60.91280427419974 -26.2487280399798  -38.29517247049081 -29.68021001342413 17.96452122708124  61.1311 -55.86455000000001 -42.16290000000001  19.15209999999999 36.17400000000001 -35.2274  -42.35356287860482 57.01572118071965 -7.49157593664151  -47.29497699798961 -57.45604493087723 65.24640461832689  -48.57990000000001 -59.66445 61.15010000000001  83.93081428405944 4.32300011582015 -17.99567437625839  85.05968790516872 7.304048875040479 -21.97223428962641  -49.52396288704431 49.34087660428341 16.40857933106244  -49.95467918830182 47.89404069000452 20.78499145757934  -50.80893052037858 -44.71015752444079 67.12744318672358  18.52993990187176 11.85237819462063 63.37260477239707  17.45536114743845 9.752246570328197 67.14092343576914  20.45046675627975 11.48066040851333 60.15667473011072  72.8176104138287 -43.32744674549343 -41.03944251150988  84.82266155027594 56.69700698286547 -78.17792431037553  -65.63479739587383 19.40912707537268 31.64934776773418  36.66554412281496 -8.000444789590745 42.43587959347892  -50.70483576990478 -66.59258223246871 -9.77143176565346  -42.86340000000001 -45.30960000000002 41.77510000000001  23.17860000000002 7.545499999999976 54.36259999999999  -97.08521776452395 10.77128366678838 -71.34023990717138  62.05105015067215 8.412554521786006 41.59405687573269  -33.67740000000001 -68.55585000000001 -29.4889  -77.5587 -23.1935 -2.683899999999994  31.78894712265085 11.72814365434408 13.2838352815659  -40.11706425522328 60.41255018725943 -23.65344384491362  -49.72829637467476 50.12506871545318 12.87646411848368  -49.80026755562447 52.25028267383976 8.722890559154592  -75.21615 -15.25700000000001 11.1591  85.62000700558187 58.18329697132171 -81.86701575034796  -79.64145000000001 -9.013499999999993 -1.814899999999994  -83.09447684685328 -32.93489361109782 -79.19775461844434  -34.14207580810489 49.31165250744155 12.82777277671784  -30.86317646480012 -13.71947669349845 42.300106162986  -43.57541187907776 -45.04361791054868 38.33818019198372  -44.35980612417663 -44.99438520062027 34.77024466845219  -44.14309940176118 -45.21955093915881 31.28890400143737  -43.43830915095967 -43.64305008085481 28.10067233801695  -42.39604675960636 -41.76536108779636 23.88242370628089  83.25146809989747 4.046330099430975 -14.51487728045959  35.18903668866542 -0.02932611510274796 32.52492314856192  -49.6962388315289 53.54676743785461 6.089803961858081  75.92063302745947 -39.6137310110599 -75.46572356344846  -48.58733772371198 -39.7844307033826 -69.65197237216579  -20.67439999999999 5.126499999999993 80.42259999999999  21.69207791279666 42.63505653736465 -44.21159378652833  20.51159999999999 39.37199999999999 -39.34690000000001  -50.13235859771825 -67.81082874715825 20.01258908456165  76.38811744197122 -25.60535846504936 -6.597147678759484  96.63974061160621 9.312666375435583 -63.05780398949251  95.8442538482322 10.97691761963867 -59.06377552509943  62.13193953423198 -53.40544267490725 -12.97942201338893  62.16171014444259 18.03119454239797 36.16618067878147  23.45353155227775 53.21629727834556 -86.88231273593023  25.3201 29.67350000000002 9.651599999999974  26.93981082801008 30.25930271851021 12.59336091599715  54.8364794469031 43.86390932316104 13.94923855628167  55.70183577902037 45.56659901703341 9.001663021993608  88.9186 -9.919999999999987 -42.60290000000001  87.56768711928012 -12.82464890617518 -39.58480619893008  85.47688129354006 -9.444467462458192 -28.77933014202907  -22.96613000244707 -12.35304429680016 96.25898681571306  -20.59640000000002 -15.84800000000001 88.9606  -20.40841618499979 -17.13091754576919 85.59250886584877  75.57454171345034 -39.24770148534328 -77.80819889347228  29.39445477050953 -0.09909497424411029 50.14990081858465  28.63881497147932 2.177508158773293 46.95288042573742  -45.0964 -44.30510000000001 79.58009999999999  99.4051 1.496000000000009 -73.88804999999999  46.48099244638667 -62.20632569803109 -48.14910120313822  -103.45805 14.71449999999999 -98.53630000000001  -95.70134999999999 -3.712500000000006 -97.81545  -97.0835 -4.330000000000013 -81.94395  -89.02930000000001 59.49850000000001 -103.4786  -91.81180000000001 -19.1035 -77.22375  -87.90090000000001 37.18199999999999 -52.6534  -84.52889999999999 62.02950000000001 -91.83715000000001  -87.04015000000001 19.07899999999998 -35.91590000000001  -81.96504999999999 -33.58850000000001 -82.66640000000001  -85.69515000000001 -15.033 -37.6859  -79.68375 -29.0615 -87.0065  -82.60650000000001 44.47200000000001 -46.1054  -81.70035 37.09049999999999 -33.77890000000001  -77.89879999999999 52.98699999999999 -51.60640000000001  -78.45965 59.04299999999998 -64.57885  -80.9132 -29.31700000000001 -35.8629  -74.61754999999999 68.51050000000001 -104.9877  -73.07040000000001 70.29049999999998 -101.57865  -79.80905 -15.48150000000001 -8.280399999999986  -78.01505 -4.6755 5.069099999999992  -72.49485 54.06649999999999 -41.1819  -76.8661 -19.76300000000001 3.631599999999992  -70.60339999999999 52.2115 -30.9829  -70.90825 -42.98715000000001 -76.59045  -73.5543 -33.8845 6.72059999999999  -66.73505 67.76699999999997 -73.46045000000001  -64.5744 66.99600000000001 -62.6242  -63.8219 63.98249999999999 -52.1854  -64.57015 29.749 25.76159999999999  -60.67555 -59.53490000000001 11.5421  -61.5981 -59.16595000000001 8.235600000000005  -57.34385 70.16650000000001 -104.7867  -55.1345 62.3235 -41.73990000000001  -55.9349 60.1575 -26.3254  -56.0424 60.976 -29.85989999999998  -48.0384 70.59049999999999 -78.03355000000001  -48.1674 69.82300000000001 -63.25030000000001  -46.16540000000001 62.21799999999999 -34.9149  -42.5564 47.04799999999997 27.75059999999999  -44.4329 -57.27065 24.5556  -33.08840000000001 66.01399999999998 -66.77850000000001  -30.4469 58.292 -34.6639  -24.55239999999998 -0.8175000000000239 91.70010000000002  -20.5179 -38.90020000000001 107.8026  -20.35939999999999 38.18499999999997 13.63159999999999  -20.78190000000001 -23.96850000000001 105.7996  -22.03739999999999 -2.832999999999998 85.4776  -15.00190000000001 -27.30950000000001 93.71010000000001  28.42160000000001 51.327 -34.9359  27.83459999999999 -2.406000000000006 59.49810000000002  31.12860000000001 48.72200000000001 -12.64240000000001  34.8261 65.8135 -87.1011  37.73559999999998 59.12649999999999 -52.75640000000001  41.1371 52.03549999999998 -0.2959000000000174  40.5941 -13.21950000000001 55.62309999999999  40.15559999999999 -13.858 59.0746  42.37010000000001 59.416 -34.19290000000001  39.7056 -5.442500000000024 12.52109999999999  40.38459999999998 -5.436000000000007 16.5941  44.75459999999998 33.99549999999999 44.64760000000001  47.36359999999999 42.33949999999999 24.6686  44.46859999999998 -14.2465 33.87809999999999  55.3546 59.06199999999998 -39.60490000000001  53.1206 31.73599999999999 37.43209999999999  56.45359999999999 48.79049999999998 -1.177400000000006  56.1061 22.27799999999999 43.5651  54.63260000000002 5.874499999999983 54.5446  57.00210000000001 -11.38550000000001 50.84460000000001  61.91309999999999 30.72450000000001 24.19759999999999  65.69810000000001 -50.15175000000001 -49.0459  71.75360000000001 64.3785 -100.5882  67.04259999999999 -51.5583 -35.25640000000001  67.5001 32.29799999999997 10.84610000000001  68.05709999999999 7.710499999999996 29.51159999999999  73.96859999999998 48.79650000000001 -38.97990000000001  74.39609999999999 -35.1969 -79.51515000000001  74.7886 -40.94240000000001 -30.01840000000001  72.3896 -4.200999999999993 19.43559999999999  81.93757085672519 -33.41210074267164 -79.50934944673614  76.29160000000002 -19.96700000000001 1.15209999999999  80.29309999999998 -27.22250000000001 -25.19740000000002  81.75459999999998 25.38249999999999 -20.49889999999999  81.9271 -26.32150000000001 -36.57090000000001  82.73160000000001 -26.64600000000002 -41.2389  87.9631 56.75649999999999 -102.9075  92.47210000000001 -5.982500000000016 -93.14605  88.0051 10.03650000000002 -31.20589999999999  97.55060000000003 38.21299999999999 -101.08275  95.87459999999999 -6.200999999999993 -94.07265000000001  95.84910000000002 -9.12700000000001 -92.2603  102.0846 3.751499999999993 -93.65575000000001  -103.45725 13.053 -95.21955  -91.1799 -18.11000000000001 -69.69115000000001  -92.01009999999999 -18.18350000000001 -73.5187  -85.0647 -14.72500000000001 -34.4684  -74.55070000000001 -33.61950000000002 2.959600000000023  -66.25364999999999 29.69049999999999 22.40309999999999  -55.7967 71.94649999999999 -101.37765  -30.2199 57.95749999999998 -32.00239999999999  -22.09690000000001 -2.221000000000004 88.93860000000001  -16.87439999999998 -37.1276 107.1971  -17.7304 38.00149999999999 9.057599999999979  -16.89339999999999 -25.66650000000001 100.9761  75.31360000000001 -40.44540000000001 -33.2754  80.81810000000002 -26.72550000000001 -28.45439999999999  81.9126 -25.88250000000001 -32.17440000000001  -49.1309 68.09049999999999 -55.7199  -48.3374 66.9915 -51.8389  80.41210000000001 -18.96200000000002 -11.45339999999999  -55.5006233537671 -11.38573632044177 -42.26621944403163  -46.30737971677199 25.42525149792195 -36.08043117724532  55.71071022842528 -14.60476323513174 -28.9432031802082  -43.70420228792214 28.43889028693204 -4.398349531120772  -47.14838265417521 40.78591858480368 -61.67997739351003  -57.24762226887742 -35.39320020477955 -54.17347461794648  49.12625764836582 31.48245036103228 -32.24955283125254  -45.80382057384098 -2.208755247011482 38.53533247746736  -35.84623682368991 40.62394265979609 -35.06247785884686  68.64781031362776 -0.6602130731845364 -33.24967193873398  56.52416058667092 -33.92578625584302 -33.60050474705311  -47.86377190218566 18.5196839204558 15.48116798808485  55.16685765703426 6.397661530659434 12.01779804221079  -54.83933108111282 -26.01984311974586 0.2947716465003225  -54.6742004976919 42.46887085614037 -32.32363525979552  61.10851290498223 51.9965800006934 -79.15844925448759  -65.8760637327677 -20.65029191678286 -30.65130284760281  -71.27305459638737 -7.126760752880983 -39.58340210072114  -49.2076313124055 40.24711954927628 1.198380422306059  -68.66255807649908 33.2476387661369 -66.36915561962837  67.44186977684038 8.813167258012868 -19.0392295838827  -43.77483079749106 48.63191561923853 -28.25478359990242  73.34572187255 12.79978771932934 -59.99112002911123  -41.87860818349466 33.69954030493747 18.11376293815954  -54.55222813282883 -42.76864208193193 -62.04822045866985  -25.34801698015059 0.6283737611764764 -35.46673339479527  -53.24825495055173 -47.66038401682228 8.99226458388776  38.39965463348523 -43.18783927172288 -44.05335420884003  69.06376307442721 -18.95915966426612 -27.45526405866332  -34.5138837825142 -33.29590829881685 -40.54659738081799  49.00244897752853 46.20211582924037 -33.71288014219  -71.91509324040994 -3.643070893987868 -59.63127752659344  -39.09249528143761 42.92066099058218 -8.891245874458093  44.31027982539402 30.97361057534175 4.829551401820879  42.27668011152514 12.27644397768225 45.18915726129683  -39.7335158216024 3.213341198162993 60.23963374069206  -79.50081258261673 -9.793795079638983 -74.38856899695837  -55.29591364259052 5.04774943771784 -7.015554546324978  -52.86731000070313 53.69242733744903 -56.85590577057086  72.42707426278869 -10.09542816462536 -46.94429960369037  -35.95846164071989 50.29414474640461 -33.83754544049759  75.02973386355004 -11.18939404648077 -34.24448108286481  47.16090240483038 -0.08711887038953137 44.52803673186611  -83.66532055151605 16.49488616939612 -78.51624031938599  -54.66443108853848 -40.76361120079923 32.10046745628472  -46.17850743388071 -40.66562592812141 -19.35328052245094  -51.58869748416751 -6.822453179798231 15.14683351044326  60.88100102838084 36.7576892339699 -56.19917361691725  -48.09608652568565 -17.64983559542752 44.85998685891596  30.76004697210462 10.69810718726777 68.6068325475062  78.35011580120758 47.15914365330352 -85.64968066081103  -27.55762865462128 21.8513135305966 -49.2336232262637  34.10294982327059 4.645086611910756 -33.39743304180419  67.52876803444087 -32.45437370427273 -31.6021286499669  -54.05307223656071 29.61694665834804 18.39035281546421  -46.26579377557042 -45.0925118091628 -49.6626053850699  -29.47467570496249 26.63023083504225 5.809747286493916  33.83454008372269 35.49407381768168 5.77965171805161  -66.31311339299293 26.3275865222088 -45.45227592046962  34.04391215877266 30.22481901870023 -38.45665704535622  -38.82852958155881 -8.786868878664166 39.86671764059264  -37.09325666097631 11.66473539104126 41.43576395595548  -75.54695899223881 -16.25464932479616 -37.87217515230954  -50.25159091643206 38.94308265519942 12.28315816083432  73.95062523054926 0.2091499270309498 -18.45280512162125  -52.10801335220079 -35.92568511639014 -64.17229499381688  78.46779680046993 -2.328341814130283 -30.64935063883453  -64.74209567154142 52.29735886067922 -83.71238760466413  42.1442364411615 42.56893633998988 -69.75704410863557  -30.53888043959265 -14.96279840436543 86.13487697201344  -31.1520585580848 -50.00403953908415 -32.0747649041294  71.75599311262198 -35.45445066293277 -65.786407917796  -29.98265744052648 14.03782059740101 -11.79639111030198  -49.85724057197683 18.74444454364328 31.15265085806823  -62.8797295094064 -34.45673827400222 1.830447205679832  -44.57632936773369 46.73361992368737 4.575192012375027  -75.20534296613549 44.58965559889856 -67.23885807074218  84.29358674264137 6.871515753990082 -62.07661835271429  -62.91334984433472 -10.80044298447478 -6.931068025289079  69.30631440588792 -22.60035679936296 -41.41929443639036  -65.06729436278479 42.26607709687988 -50.47910186225343  52.27659421963176 -0.6589039888795583 28.20183884295798  41.75727725823782 -4.008910251811329 59.28742657017403  -69.12439600896195 -22.15028881923386 -61.29978032256912  44.17375438042197 39.111202322715 -9.963449782348846  51.0225913424683 19.03911542378034 24.74868473144133  -37.14564335771382 -13.32677152718222 -48.96486910242534  66.76556784396163 25.3381290011238 -31.66009849328611  51.1462784832604 -4.348596204023607 12.7052087798165  -55.1768026217534 -30.78183668200494 16.04743498255968  -61.84999347842158 26.27886963493901 -23.06331103326139  71.56634210187266 55.84191192541778 -76.93096523277922  -70.60926338085125 -29.44625380771244 -33.87262212842727  -66.30063211615699 0.001166218858884349 -22.78027737405833  -45.06969689916293 55.96389333799431 -27.16196385010275  -31.44257560484732 37.45213525217636 17.78658675642086  -4.94445860788332 3.097314391136763 -35.26346107859887  -52.25740501365058 -57.09951569556141 7.662557569776482  58.78736077191633 -27.38680812617335 -15.12020193099309  66.59280288094732 -12.52593602758077 -13.67675883515568  40.36647993885944 50.2696245473964 -30.35521480460747  35.33362737306246 8.494149014028551 52.36699791587938  -73.8961588238229 60.12253872113655 -98.41510111448812  -58.39389628941061 7.360632992266687 16.85682526417497  -57.19664389726155 51.46303515120965 -30.16409752009599  -46.05353119331762 48.55666383332232 -6.396392097610061  -82.32324463861305 -19.18598094097256 -74.72337289574831  32.32831860402965 19.91631248794013 -23.70725002091854  -34.76171890027985 17.5360693697593 55.88132363691395  -51.2371101190168 -47.18985814752732 41.56182866044773  -44.23319595619307 -38.7289333636698 58.89107573977867  45.72570192509829 6.803679099476426 -0.4188150034941884  44.07446092014433 51.07470199255712 -73.1364927807535  76.24705306927359 8.907009616255749 -17.3132654233732  47.21870247930767 -51.4646157282553 -42.39591042282734  -76.77511544416018 -13.14868275042713 -53.64455131357187  58.77091069156344 21.22387546973872 -0.9157144611901913  53.47891169316409 32.12061227665012 12.37023146928641  -39.10736877268124 -53.76249357844141 -18.17440565382702  25.77060819135571 17.82316920906317 64.80362063473197  72.43286930003777 -26.62198043080681 -28.08149714202995  -79.84080515175482 -9.173047398278072 -37.70871845676972  80.01042742984993 -7.814182232837652 -66.35921060748137  74.63661549421866 13.59556074484584 -40.74391630622078  -70.40881125806663 12.67156326749466 -34.68626642673257  -27.0910167394091 39.2320037742613 -67.15234654149313  80.07177417338008 32.79508539865208 -76.21638266306606  -19.24339197023212 -39.97160453957429 98.47573243535811  86.61022910193356 11.79268244242948 -76.50159731352247  -10.48904737997242 -25.94430370385697 -43.0865627413375  -55.59843325084917 -11.67474145199276 -58.51432795056124  -35.46604613445751 49.82171487019602 -60.61485646319139  -35.32724155539807 -4.565725318472431 62.41954284335841  -45.21026767523098 59.4293750594918 -56.79688941878965  -57.57995387824907 56.72146407400106 -70.41082350484771  -51.36293121417036 -46.74047295333195 26.87904420591872  -15.44571072427038 20.47777783661266 -40.700921771149  67.42555749067975 -40.26456232684669 -32.81055643040713  -59.85825420549786 23.43974443607775 21.40788748115085  -43.6273290423923 44.21034260989524 13.06936840742068  37.11397476967912 35.37814230428805 -54.76225822329521  -19.88291977390264 -52.80906554734511 -39.23427030626655  -62.73317058014712 -24.59600765797799 -15.31517391328381  -33.29149919767016 4.497375802062891 -51.85598687602514  62.37877480764237 41.3875894019412 -29.33533368015821  73.08641328750153 -9.836702704517819 -21.53657415379465  -28.96799791001055 -6.377052164956439 87.77025876171845  -60.1369366821032 22.02859411010976 -2.286592904634205  -53.39563376654903 -6.742945051225263 44.16728331597665  -36.01579069274368 -27.32309624674335 -53.77603956471323  -28.17873622378991 33.68390422812848 -17.91707660243083  -75.17857582732108 14.72919907310396 -57.30486267615609  44.48941310752838 8.187882088698984 23.35842013003978  64.70747224960351 62.06642417502522 -77.67598387410675  -76.29437632307861 -23.52806184472456 -31.72745379076638  63.39869995758119 -1.465111346195869 -1.080225277401325  -23.14124626173927 33.11235679785207 -40.25617146379336  20.19306986575234 7.118353527229942 -51.0659614201859  -46.86943663242191 57.71645286937138 -87.96842931731209  -67.39933158495747 35.82267103462502 -33.06005803638523  -58.8583492089537 -52.46420092854889 10.02151733105464  40.24490908525192 30.65006062239044 19.05086539185695  -67.88466996388115 12.3700104624298 -13.05805401910635  -34.00525499642345 47.26494881814634 -48.53288356964528  -90.41470693317693 9.977773794207394 -82.69104912613193  -56.24044538430378 -40.09841842524368 -37.11897899538873  -28.63433136591937 37.96850301290445 5.8378829058002  -35.80304589287856 1.142240612499705 45.06973482647768  -79.48826753977531 33.63956586877674 -80.55397188069493  44.7603129336575 1.872959700406653 13.75986885710628  -29.70805656111077 24.48527009922552 45.28264374526066  48.77031615943261 52.61291243619388 -53.63776287377985  42.45548956460738 42.98798826723763 5.348592348487699  -27.31916457278797 50.77456365421577 -90.0957612740133  -32.28142463775686 7.98108563745086 74.27687263176404  57.69586795593034 -11.4603472984478 21.65746635888939  -36.87976312692828 -9.082271229588855 -17.10644885521418  47.55451076227575 53.75022384968557 -33.85776335441854  37.97731492830795 5.64420498079437 41.52661839690649  80.2835901705036 -7.301520945196955 -40.73879728313926  44.20128542999177 -6.770326783103457 42.31665689853827  -16.65577639856562 23.42540499581665 -59.25813525433118  -53.97025203948243 -49.95277602290001 -47.12198458137949  -80.86403435289259 40.365297215645 -61.46517383223971  -86.85573360176249 -12.7420138497865 -76.56605849655899  -49.78250109364996 -40.72534507673384 37.89183644425427  41.84156805444158 19.97231121253208 -3.641807610992686  33.40322969185013 24.1089965639938 44.36516955206062  8.252501725832445 -34.05615508341913 -46.69861064501026  21.24293131786447 -52.77227120555446 -46.26088329286866  57.46422303929796 -33.61527783440489 -52.33850832783476  76.64212315215821 -19.96990482137944 -30.26868213693163  -64.11061068140125 -0.2906520053670079 3.427515438983448  -60.65792517039478 -17.72920654417337 11.0407950709388  -55.34674681984129 -2.654872611355273 28.11895036628704  -56.30109314989932 -44.4853722194616 -7.682966176545392  84.36874260824703 7.153660324786301 -51.29052656245729  -70.85102962004504 -11.96725070784993 -19.74358021398317  -26.34115439014661 29.62842540837727 26.33355590851534  68.56101348569527 -23.1200500623936 -13.57420354468192  34.75622823746571 34.67600719714994 -21.03297270752637  29.53956665493502 0.5035004381457213 79.27292982510284  66.08133681309144 5.810243449429777 8.261255680078477  -21.83602638991624 -31.60524144982752 -29.72860118070057  -84.50808062380401 8.77896543724151 -67.82762504597301  -41.85748286913004 -53.03613987103202 -38.91109710053732  50.66741606836385 10.09830456654782 35.42519016794827  53.32210673155467 -41.73525458342499 -19.17422321600492  59.93865282768556 -19.08521210777953 -1.233241824353968  -38.4047940671703 41.51811442720529 18.65887619193037  27.94631906783329 22.52895607073398 -61.12541810449952  -46.95412324453154 50.64922914588831 -43.36392896741114  38.46143466182346 46.45918336880652 -45.51331391591285  -70.64891630526351 -33.46356415550909 -67.98423881608392  34.20764504159985 -18.02557675058557 -35.6476533729214  -78.43998602647298 28.48895364841607 -49.97945720849245  76.29382447430169 9.265297486628867 -29.67894887435614  66.14271291110953 -33.86972127015174 -18.76293568802311  52.45076845668387 60.04334328941601 -75.24310411052441  55.83229040092647 34.29766495734685 -1.15463427538208  -13.24422484322557 15.27814122466617 -27.52500297702545  -68.15392397645842 -20.23221239385677 -7.068149822475618  -56.43927151908818 8.961297168587436 -59.82661003730168  -51.61617357407029 -26.88320628971994 34.39263718371419  43.00961204401398 15.72163892245217 8.43738412124199  57.17168049673575 -45.14530746483855 -38.13176237489937  -81.11161404323991 25.50347611985868 -67.20378909239984  15.56206037740637 3.72212318066795 -28.86375474535214  29.98318488516054 37.59164765967876 -68.24339943505791  -58.04101503903432 13.01753022785078 30.13899089348541  69.64781314077081 35.98235912019788 -39.5048417410282  -45.64163310548039 14.0394834057243 52.25732946141656  -30.2756450077336 -59.08249725732952 -23.61134096689042  -37.14480467207939 54.09798851005311 -74.83789700921093  50.14845837290034 -6.605785884496328 -2.981670777484027  -50.33867080480297 -49.85108410154335 -27.56534367740082  28.85067287581671 37.5557803071479 -34.47942548927496  -77.99541162796105 50.48588989047315 -87.59073886663302  -25.6484977992742 15.25425535006687 0.457197552433513  36.4725764611897 1.241873502924619 67.51788054152803  59.8195253651746 16.67150983856516 16.939205349872  -46.62911636982885 -23.05046871839701 11.93867861600944  -63.65165251059153 47.54403233396479 -38.56463741156848  -22.84565813199632 25.16435643728826 -8.835174463430008  -92.07422293132522 18.83528080901246 -83.49488853538317  -39.13785627993201 30.02064138303504 36.41097903165544  -45.96792835847992 -53.96339831439855 -5.214405875871165  61.6398122224833 30.9945437581024 -16.37915639794775  78.31291362134542 26.56399702021585 -56.44538438527896  -14.24432037274138 -12.93634521552565 -27.12616145499035  39.84424718751001 -39.78468036343057 -29.24846910501924  -40.85524203998268 -12.08429629995396 52.67032786828383  26.29524656653047 16.92982427585966 -38.39023841451052  -59.51036645885634 -39.27628067673429 20.53158959545965  -64.27797444541244 38.66754083335815 -20.65124341668155  -76.19601316540168 -1.503978719520205 -28.97252094442237  -14.82794424466317 0.4041263350947872 -49.59641790709156  -36.44016464894753 -38.76306049915789 79.43290059680936  -84.29984809150447 -3.233675183543596 -65.81450295673592  -41.54462756591407 21.84937664415941 -60.82979594069849  -40.25347323123381 49.49373968820922 -2.041652984095236  37.78485424397655 -56.43289647470142 -34.00114712918341  -81.30155087673617 -4.376852116638702 -50.4429310106736  72.80542136705276 41.64975014653734 -65.33555141243849  88.08710995831322 18.64835770213668 -68.62455602974173  -66.52488618513411 52.69713383605205 -61.75123195028597  -74.00679367613661 37.39433835230582 -42.56921837314515  47.29464587041909 29.34168301733342 27.92224012016351  -43.51810578674792 -9.91430717554988 -0.515759795744799  -69.92425079368383 7.112708846142567 -3.092275942718715  -62.76717878068629 -3.933412665131556 19.37135185234209  70.24735703254311 43.34377706502679 -49.69123552613605  -42.36292488110061 -56.57878081272982 -27.68006010658334  37.36684948737485 44.43869406870846 -5.092837725386744  58.33669572798058 62.16494793540889 -88.32694453554296  -53.87139688978333 30.22876677171811 -71.62074425009878  -45.97623008720686 36.43012301288235 28.13035809618793  -41.09601640874745 -25.77039807891373 -11.02453260048895  50.15449610469335 20.57008620214862 -61.66645524942196  -29.24381213758136 8.417781248534055 43.6676909027112  -68.1667513144055 -28.72000897612949 -49.33953092776308  -48.86465147620477 -29.77109428192438 51.13132105443191  44.30232259396334 56.10997964283109 -85.79568932138838  90.03862742643088 7.785762509774827 -69.10664625963443  30.95215683840743 37.31008542198694 -46.05567411106567  -51.76698684163881 66.21453053520489 -92.13856161910007  -5.772499540692053 14.19474607315186 -58.26397502725899  62.5612060935733 48.96762268875901 -50.1067095359366  -74.58457744255729 43.86221145904685 -51.53929879068221  56.35005741117155 -4.060056383601875 36.47928851971676  87.97132806383789 35.44140887477343 -82.3253457875079  -49.66821037301813 -24.07610747113375 -57.57903596054192  44.17786504859754 3.248850221390711 31.59924843072628  6.383427761642423 8.929776402885267 -44.45482428025906  -17.17156733786607 29.71995346686953 -49.56849587286541  -58.7263114957404 -42.08258071109408 -22.14556740424175  -73.46007802232904 57.47936410896173 -81.34838646693483  -47.06792969728009 -24.71133276857748 23.14132460201225  89.64768554991534 -1.397902931457111 -79.40633105882729  73.98483562590826 57.40907973873055 -90.75707206336226  87.48920999984705 13.56977351499464 -57.01027104913665  45.54170753725467 -4.387506913520355 2.400626582859928  40.28993152273233 -1.111364757364271 -8.564401305465992  -38.23221226645121 54.15765207658245 -28.25897064816573  -34.26092865077263 44.63736019669679 -20.64339350647154  -63.50251993784177 15.47281006482206 17.4676091431644  -12.46472873636455 -40.55868042504461 -42.76748946353673  -29.58856235495617 -6.242957334367759 -56.06809766576335  -31.41036967094448 -2.098705371153045 76.33920942796601  34.98722701568462 28.78337694573742 33.31151238170841  67.28394312223014 -33.68189602025039 -45.48415094833504  -57.96827977078419 -16.02101353402064 24.7448638252425  -33.80401045492479 44.17640260604063 -24.13198584745192  -43.32749206905609 31.77646497593616 -21.93621204586128  -24.85084291057203 42.29258680979186 -20.90575888198805  -42.50528930062109 40.99977903793703 -23.04722670262723  -35.56119382245177 36.19671119367902 -21.50308120427025  -38.67131528487036 49.05897344843169 -23.60995635287213  -31.05137199486151 22.62253198654304 -30.02669169937738  -30.4938368177325 39.76071677970376 -21.31030654717026  -23.85987172314753 33.74085749559751 -28.68946383752547  -28.7259009757052 41.76082393393077 -11.00684848119371  -48.58645774361902 49.2150500670362 -17.87581520536821  -26.25332522407163 44.66799171037832 -32.23053644134434  -50.72098630834513 55.63666659712052 -33.10366024805164  -82.10117796492123 54.25924338401347 -98.35458312630507  -81.33845136480301 -14.7003072832363 -63.33126082545265  -58.93308534327542 31.81007084186032 5.997670255998258  -30.45842585435076 -35.11699886168404 -57.41230051879832  -75.24952918398242 28.91062658504674 -32.80839718370967  -27.92767548326586 16.29290121597168 67.66148297354843  75.88866054820309 20.18450497184742 -28.24603464109751  59.78607589132304 -32.96642162302305 2.370680342770072  20.92314565693476 -8.985461841253567 92.69181965779583  -50.92606620672319 58.47366193201486 -49.10262853451559  -32.24030662952751 -12.75011082941478 76.50893677023328  -50.33931889975727 9.76110735999012 40.45953989943541  -60.8574154965775 -19.25425036099345 -66.5723786161054  -25.39487081354815 18.80134781047457 56.23958205972698  56.18996116067214 45.67339700010766 -66.86604830500988  -20.97662979218487 38.20966034899632 -76.12618799386289  -30.16051753127525 -56.94805423014135 -40.79158680269056  -63.61926431455346 -34.17693346477049 -9.423925553389466  62.48089090004606 -10.48386716694651 8.856815856579999  -42.90975720539782 44.43709689251543 -84.66944732245859  -73.72643031198643 10.92125271079811 -23.3599847518671  -22.52788118029929 29.39236866998226 -66.21721722650608  32.2965387111025 48.39354673593928 -67.09618255008689  60.80087942904021 -20.6599836069627 18.1674548080191  -89.85302864908529 32.08817510087266 -90.10285312042643  88.63095927365072 0.9550763450523618 -58.55500005331496  -71.25526843404164 -4.039435334894193 -6.349997819180743  34.0008851661288 45.01680431743645 -81.19226711641372  11.68967550170069 -55.34147191673965 -48.84780202410674  22.00527224589555 0.6743155448881737 85.86599005387455  -13.08341345068536 8.483258203541936 -16.23985677116048  -51.79821883949823 -53.68390647877298 -17.83519546927138  76.4722272297991 -1.08970940690034 -56.41687117802566  54.67210046687609 0.3461297734559423 -54.48034963371771  -25.94355340878406 -25.21879447271142 97.80064000924784  -60.59537598137328 -37.1215681558608 -67.10123619165896  -61.72938519924006 -28.44540243984648 23.87645001450744  -68.90930159144722 27.11033292588613 -12.73282511258475  74.37906151762297 -14.7029343025176 -15.0001229494089  24.86356138946331 9.019185178019825 -18.66950298132852  -29.22021287546272 10.35721891476237 54.40072652774015  -43.40025729135483 -31.39882279552435 66.47136503390408  -76.03739384846379 -21.13538010705871 -47.1111372032172  -70.42920366258768 -27.64561511181127 -21.16018084069466  34.92357285198437 26.2855246526004 0.1315204637128602  1.007911404506899 -44.33660485608753 -47.44871264380173  -45.16523746252723 60.36687702396571 -69.26826334665763  -43.54187680357882 -62.65435517842045 -1.339325607070805  45.86434743346976 22.2518444813833 37.42439264100759  -44.69747093702469 -37.52214252391141 -4.557100157990305  24.88673630196044 29.02538721592185 -50.48052189359591  -44.87998328311551 -50.2784609013848 -56.48801622769608  -32.98218410851513 -47.73379540959971 -50.48222754761768  77.28438747202779 -31.42535731881279 -71.76832379634305  70.6552953677166 -20.01575485846446 -63.30746502875709  59.12710089357154 22.42227889682061 24.87254000552539  34.60947356424381 1.304769043422425 56.45540892520467  28.49269709450255 14.27470919551021 51.68828267887949  51.94003828477219 41.61464719999279 -79.50896256600845  82.98195628408882 42.40278430082043 -76.34071848694045  53.4416563752601 45.96475074566072 -22.26554300546206  69.46773609106134 9.06639678679548 -6.062356496898445  -67.11483985106699 -14.59946907404613 2.594648580600989  32.35959202158759 8.257041741381585 76.73155837540205  57.98209816911549 7.634849904908094 28.92247792255944  56.82501264397479 -44.0450726645884 -8.152888727374091  -78.35231203150998 -29.65174994816837 -71.78045511127755  41.2037042584931 -12.84825926274496 -22.01948740745084  -41.9260921244241 -21.88538233023662 51.40264272900097  28.74966240295487 -59.39896228167319 -40.5319948118736  63.96872056826803 31.00543738657862 -73.44482324985375  -51.08734490329057 37.14137247138652 -11.97842891289326  -61.86341609577582 52.98512751078766 -46.59379969596097  -34.07894775307221 14.89357301458583 22.38508217524443  -1.291107299204725 12.92373504447178 -33.36476396935201  -37.20856059959787 58.79498231399623 -61.21062413147794  -56.69589999999999 -56.23230000000001 39.84309999999999  -36.61379787828849 60.69284092688227 -86.48976848687059  47.37947641404668 -2.382126377674865 21.04959389505652  59.37164233192394 61.59581980329503 -68.17254521057613  -67.6622378891371 -27.27673630370185 -1.238985342270553  -86.83149808931293 -0.9318024574704395 -77.13238883647151  48.78395062666419 -55.13471495172878 -31.53048996025791  -34.44222325692169 -59.42605916511083 -32.20379625579285  -27.3961002936891 -22.16952945306326 -18.21909849346864  -37.39798368136356 40.93215260218062 -22.36936194889651  -40.9611569624262 38.02258988475182 -15.39580385383081  -39.18988678660435 36.23566075812118 -28.91953660365795  -29.27460809935098 44.70903886932098 -21.80445394915861  23.69098458883911 7.93225382591848 73.13553247581541  46.9195676150085 -49.3451307699236 -53.01467986066547  4.274423829650402 -12.53498015363473 -46.16936715843526  -56.25848661084004 -15.2773342679041 38.17745556297598  56.17708422063023 41.52885530242369 -9.928051114975688  -37.80447558967782 -62.09462418597384 -20.39942137167918  -95.06519222879705 22.09564908213321 -91.46989540668156  -75.2435578994302 -3.505812683868555 -19.7001093064404  -62.73000117839949 62.48829405567125 -89.47830494785281  49.75005321152494 11.40803483631163 -17.31043824129981  -29.71762357556545 49.19771504629443 -27.60138085140932  -33.02347035812377 49.72423306499635 -22.95813280283079  50.67276024045307 -53.41483353041585 -7.793287758152047  77.1026 -29.61150000000001 -12.3844  26.84979906557686 -37.68500450388134 -52.70944765561796  -41.85440036212837 26.47078292288055 7.856287036828974  -57.36180373127013 30.89712423617942 -56.6810349622705  -50.73249183558985 10.86214692031584 -24.59348309001157  -46.52657765862267 5.496860422566471 6.328202303093462  42.63020444261053 17.59717757183256 -35.20667884929021  -32.51561330315786 -41.94214092650203 -20.94057520739295  -59.54201212479884 2.074939259629446 -36.30913494531077  -59.13251822289919 20.52570138743758 -35.2569285796004  -28.57010448375308 -35.82617467300844 90.39930723286164  -44.79641467539103 -1.448643289344403 -59.2055631834731  -42.38173188397259 -0.8758801035623947 -38.14231639119703  -23.16892750135946 -19.88481782716065 -49.50119218233773  35.77797132218302 -0.8084848914140537 -56.11093077823914  -39.02126498487445 32.44402310875185 -48.02720011421567  -47.59375898587389 -25.06359692061126 -29.79488629547564  -65.20547038819551 37.84998834237206 -80.10926617724476  -52.46497735606306 -6.126192013181679 -17.94581901525521  -69.30858386365973 7.707830392200577 -69.61836587160434  17.26857746556823 14.31105962399101 -62.12286969593214  20.86070320090445 25.46477666663637 -69.78305824440402  50.37151561577301 37.58542828298758 -45.7345630994232  34.41316295293095 -20.74958399739415 -52.68879314985202  22.51444069113586 -27.83213083876853 -32.92171850635293  49.20190245301765 -21.69074980558376 -43.16026135918278  -60.50780789041291 -1.933536523480313 -65.3647761234761  -61.06969998737446 -1.013958294856849 -50.54409662569067  2.344077596456941 -2.946041842366128 -21.9432545504504  23.01580267224276 -6.132472987573777 -40.66030436064528  63.95611405615193 21.8631849002189 -50.05274993137611  76.90024966100671 26.04009796417117 -43.57217551204886  -11.66978788152267 -24.53154776467855 -30.79297079432754  -15.83682834633859 7.909046816415042 -39.48376411882023  -21.56288970299528 10.76242944110209 -56.07174495921653  -41.30917252002243 16.21681802598803 -46.87939298455791  -39.30648336708208 32.40427967739905 -70.27177809449979  -77.68021682926533 8.010444804588928 -45.48272331614012  74.43953515478512 20.65425432490918 -71.68559852451088  -40.07949847458092 3.010584998350282 -8.135985292469115  -55.52345586705191 -9.444469824041562 3.127385640736662  -51.4117943242437 17.55972392642494 -68.57873290814258  -34.3483457724667 -15.9483104320847 -6.793613501959555  60.82460413691939 12.52174465771472 -67.32638569536259  39.35561194048961 26.92766490229289 -68.3401021118631  48.74725227442627 34.0398726630967 -61.56676478549157  -46.01000829472108 -33.15647555620734 -50.67133098848464  -1.387873532600508 1.616610487407399 -53.66073308459303  -25.5649768086999 38.81167720788017 -54.07798917128527  -43.93224078777098 -11.19373555826829 26.69943734808865  -26.28830831161923 10.20183502176852 -24.98710470102884  -21.37167736136843 23.30376114029914 -21.51964919834305  -48.47101096791323 47.47133925198611 -73.03747506921917  -15.06224303766433 0.466155878211481 -26.83197104644921  -25.11646109478221 -0.2876110150305919 -13.21070515424344  69.45593218579853 2.680718579995215 -45.94755467788977  58.3475047576911 -7.454275326451977 -42.03038588299611  52.23069927310144 -16.15485856795856 -59.82525715726514  75.44247248915914 -17.80725938056032 -22.48208037539101  35.5042944704617 10.99051123016974 -11.03180262265676  -45.42294207100745 -30.47817027757804 3.887256264814425  -24.60486210054495 -38.80628268110245 -46.58767458539064  78.99407331189482 -17.53165121477821 -54.43173480082622  64.77906203300105 -8.367462036992038 -58.44843278335364  29.72862991399882 -4.74489022508314 -17.98974656399312  44.99554977207691 -25.72840089752799 -28.66613213657402  49.97414137150508 -17.07773472151504 -12.10969737158118  -42.22213681151702 -19.3366219797967 63.59236986950222  69.31738051177135 42.00244811037425 -77.85282034804925  -61.06763294444134 36.95558573083702 -4.898692375632578  -44.30158348964669 6.259789053945525 27.20726863868626  -30.92089569625654 -18.19249531532286 -34.14786136405725  7.157557850709537 -2.614313618999745 -37.39943109639214  0.09066335955185423 -24.31474490644601 -51.38820051094561  3.045686843227543 -24.13568828799113 -36.45782348138135  -9.71681434985274 -13.30664240442354 -50.47384042174096  -67.109148663591 63.58076171799109 -81.89603256660949  60.2435130526429 18.28508936137391 -13.58407442475689  41.75081537584455 1.09854857922079 -22.27052775401259  47.19808378432552 26.41455343963656 -18.00895453263132  56.63834631805474 -2.266011770733854 -19.63139909150721  19.61274346349876 -39.90675006107186 -40.88883197933215  -54.76534982751943 33.85320469210191 -43.29617132031595  -50.84814373278587 21.61361962024469 -14.94125432937659  -36.25781587549506 14.08163294338902 8.946529060203858  -39.27508621312197 -4.609746737655882 10.83920352078948  -58.05725313151535 11.13824832518739 4.450172915997996  54.61436627409785 19.22769331992407 -27.97596158494673  39.21946386231733 20.40903369334561 -50.32738389499178  -33.07650940939516 -26.6613405366777 83.69513567163804  43.9643251934649 5.933991025895921 -45.05288914962318  -44.01299000302659 -37.72580622585747 -32.22719006934508  -56.92142446774488 -25.68259213957825 -40.80270762971399  -51.12380965753691 -28.98134285348472 -18.1972627835132  -58.78912344726731 -31.03546155754324 -28.51663433300789  -37.16665479903391 -29.71032808648638 -23.05626802490471  -50.99575840252456 -16.65438443179323 -9.565197617416402  -50.27670641779861 -0.6891219030966056 -28.73763451118515  -54.54480013805835 -13.54692573093689 -28.99977482005417  19.09198529890537 -23.60247099677372 -51.03786243094777  32.78185763868254 -30.40410742685621 -42.21333779544354  41.06833541690511 -9.684145933339323 -45.6378051152298  48.09729251346232 -34.60564314625842 -43.42969163501043  -64.21190683195961 12.66338709185797 -48.56947755903914  30.5034223984859 2.830519355668144 -45.30042024234483  22.27689142381908 -14.24985258780708 -29.16062049662608  15.11084257466445 -5.961246338830335 -52.32054607518712  80.61996765297525 17.32742335403393 -49.23301611163333  -5.730561374263431 12.89722204502263 -45.53702747313386  -52.03484311653642 19.45301083665393 -53.50601090194513  -49.20968894504432 5.222869894534995 -48.20322244207414  -34.96443580329824 10.64034042239132 -35.85606411575492  -45.97618240933588 14.79568572034765 -3.9074612780189  -63.9531019864814 20.50061912176159 -63.23507374634077  -43.10750031511429 -23.20995760867312 -42.24004223447623  -35.52360843821994 0.4643297539801381 -26.57506231007292  -59.28867584857704 42.72196693731539 -66.84996138079758  -20.77901116628999 -11.62668705823663 -16.46856436341599  62.44232132480991 -21.20834213669899 -52.81620654886373  -20.26527711518492 -11.4228184693805 -39.24091432497538  -1.2956004485238 -11.92620096149614 -31.75066097963469  -39.46480313456212 17.33619749721589 -20.85506342054765  -32.10025127288856 4.253354401367773 1.829756003267363  60.00394670883651 12.12334131535354 -39.71565308106831  39.08365350833486 11.80693547570436 -61.5239078207004  51.3701050461365 23.71664988362068 -44.24661191982707  47.08976861675484 -3.123294223511095 -34.65972690855408  15.2908379643782 -16.95427648769773 -40.15702662081029  -44.15896920466739 9.035842210043086 -40.12372574049061  -26.43055483917172 10.9165530267496 -44.33649581596679  -42.77102284612683 -13.13884808825895 -34.21329437600683  </DataArray>
</Points>
<Cells>
<DataArray  type="UInt32"  Name="connectivity"  format="ascii">632 716 1846 1923  1605 1842 1883 1918  751 1231 1492 1772  1417 1586 1637 1765  1392 1827 1853 1946  933 961 1406 1774  560 570 1564 1731  1841 1847 1917 1924  965 1013 1413 1856  1705 1714 1804 1815  846 887 903 1425  483 523 541 1721  121 156 1686 1912  1413 1468 1655 1856  699 1224 1231 1773  663 688 1643 1766  1461 1509 1623 1663  877 885 1723 1781  632 658 716 1923  1618 1846 1890 1923  1000 1022 1143 1608  1822 1929 1933 1946  367 1423 1695 1708  832 890 1335 1664  1392 1481 1822 1827  1826 1830 1915 1946  1418 1505 1652 1785  1826 1830 1928 1946  1273 1274 1460 1750  890 904 1346 1809  1418 1819 1899 1918  58 69 120 1687  21 23 1284 1575  954 1269 1508 1610  1534 1830 1929 1946  590 1541 1705 1711  410 1509 1637 1763  942 958 967 1680  489 1516 1737 1854  593 602 1731 1737  61 65 1134 1646  1824 1906 1908 1943  671 690 741 1724  683 726 1580 1744  1422 1613 1844 1845  398 476 1815 1816  912 933 1665 1673  916 961 1774 1886  1408 1512 1653 1855  1400 1457 1514 1873  1029 1444 1528 1701  713 738 811 1785  206 243 253 1526  410 424 451 1810  864 912 1665 1673  1013 1468 1513 1519  445 490 495 1907  640 1579 1891 1917  762 1498 1577 1760  1534 1853 1929 1946  1853 1927 1928 1946  380 489 497 1854  994 1003 1014 1593  1541 1709 1711 1869  384 497 1731 1854  639 1618 1790 1846  1010 1031 1260 1590  821 863 914 1776  780 821 1332 1491  640 660 737 1917  1822 1857 1930 1939  807 1819 1841 1920  481 1426 1523 1565  988 995 1353 1528  74 1297 1453 1758  974 1225 1528 1616  1244 1486 1557 1600  85 86 1154 1588  75 95 1553 1736  649 656 665 1724  1484 1588 1646 1812  31 43 1542 1855  932 942 1127 1680  675 691 706 788  637 663 667 1684  227 299 308 1676  228 270 1676 1813  1028 1029 1385 1444  1038 1161 1185 1482  117 143 145 1538  1078 1082 1517 1775  31 1595 1653 1855  13 19 1434 1617  1339 1340 1479 1560  1548 1601 1643 1906  437 488 533 1721  1114 1115 1120 1519  122 144 155 1733  843 1581 1841 1920  174 199 227 1493  1395 1429 1522 1602  797 803 1147 1433  807 1418 1819 1920  807 843 1841 1920  1404 1668 1765 1878  983 1008 1202 1723  124 1494 1696 1904  1598 1616 1641 1798  580 1647 1865 1893  1890 1923 1938 1945  807 898 1806 1920  746 1231 1492 1773  364 1456 1682 1864  1398 1558 1622 1727  898 1581 1806 1920  1847 1890 1923 1945  497 543 582 1731  1428 1659 1836 1857  1048 1067 1462 1769  539 1532 1768 1879  1807 1890 1938 1945  1605 1847 1923 1945  101 106 124 1660  568 1461 1532 1623  542 572 587 1866  1009 1010 1590 1723  1311 1312 1488 1551  662 1498 1643 1755  1396 1415 1456 1751  635 670 1865 1924  245 257 288 1488  532 533 551 1729  1874 1875 1881 1936  1438 1654 1730 1786  65 1134 1646 1812  334 361 442 1561  1392 1822 1901 1939  398 1694 1708 1816  27 31 1542 1595  1843 1874 1875 1919  1413 1639 1691 1925  1749 1874 1875 1919  1020 1021 1035 1777  1534 1829 1853 1928  1436 1626 1686 1747  458 462 1903 1940  443 493 525 1831  1054 1059 1482 1654  1416 1851 1868 1947  1226 1241 1441 1482  981 1254 1276 1357  683 737 1819 1917  1085 1091 1098 1513  839 1505 1652 1785  580 619 635 1893  981 992 1276 1357  1442 1527 1709 1947  330 392 1636 1667  961 1011 1039 1441  683 1579 1819 1917  860 862 884 1130  245 307 1151 1181  564 1326 1447 1589  1021 1037 1507 1777  890 945 1269 1563  477 525 592 1831  362 487 1624 1793  1392 1405 1481 1704  1477 1889 1932 1948  183 1305 1604 1751  52 1474 1506 1758  165 1495 1645 1713  1413 1639 1848 1856  263 267 305 1426  640 683 1579 1917  988 1528 1598 1616  1408 1484 1826 1916  1503 1673 1743 1774  1709 1868 1929 1939  558 590 1705 1711  796 1209 1335 1664  932 942 1349 1680  1472 1543 1683 1794  1060 1071 1166 1570  150 182 184 1556  327 340 1246 1576  815 882 1133 1491  183 208 232 1751  1407 1408 1484 1916  839 848 1652 1785  211 292 1172 1415  469 549 550 1589  369 376 509 512  25 27 36 1595  347 1477 1521 1682  376 447 509 512  1579 1842 1892 1945  87 1297 1483 1758  432 433 1124 1451  705 752 775 1578  501 1324 1328 1381  807 1418 1806 1920  1395 1429 1471 1934  1174 1175 1655 1674  100 111 1302 1633  806 1605 1783 1923  804 1338 1491 1603  433 1398 1867 1888  446 504 1324 1537  344 363 1145 1151  1402 1445 1529 1718  715 762 1498 1760  284 1140 1214 1496  1395 1429 1870 1934  163 181 1150 1585  343 396 1234 1810  400 449 455 1750  455 473 1327 1750  367 1695 1708 1816  1037 1045 1504 1777  578 597 1629 1634  116 1427 1797 1837  278 1666 1854 1859  20 54 78 1716  373 397 446 1537  1041 1043 1050 1754  33 1559 1574 1617  1330 1603 1627 1675  476 479 561 1714  1647 1698 1831 1937  1391 1408 1826 1916  176 210 1586 1747  1233 1597 1680 1780  1400 1874 1941 1944  868 1338 1568 1603  946 991 996 1535  750 763 822 858  1319 1431 1485 1694  351 405 1719 1768  393 464 524 1799  939 1425 1433 1597  1515 1822 1826 1827  1049 1073 1078 1654  770 1155 1592 1630  1297 1483 1545 1758  432 433 474 1558  198 1464 1529 1620  1391 1408 1453 1758  432 450 474 1558  140 1396 1415 1751  232 1199 1456 1751  230 272 1199 1751  400 428 455 473  123 131 189 1604  1391 1407 1408 1916  119 1153 1584 1661  230 272 1415 1751  504 534 1273 1274  797 1148 1228 1571  273 303 1648 1757  208 233 1728 1751  1391 1521 1829 1928  1489 1490 1599 1884  1484 1826 1915 1916  169 1173 1493 1813  323 359 1828 1907  276 334 348 1499  1402 1789 1888 1902  1549 1624 1762 1870  1042 1057 1074 1849  534 581 1384 1750  1133 1338 1491 1568  688 711 1257 1675  1416 1868 1929 1933  1099 1101 1187 1681  457 480 535 1852  372 412 419 1632  488 533 544 1721  1463 1857 1930 1940  1022 1036 1362 1511  808 861 1832 1942  120 1307 1687 1894  257 319 1229 1763  534 581 1329 1750  372 382 419 1632  508 526 565 1629  1567 1834 1914 1916  878 1336 1337 1473  430 449 516 1325  647 648 1838 1839  88 97 1559 1740  481 517 1721 1756  141 166 1180 1696  721 728 774 1330  1567 1836 1914 1916  192 215 1576 1614  118 128 1303 1796  243 306 310 313  377 387 1564 1735  689 1178 1592 1724  855 876 1334 1562  1484 1588 1836 1916  754 823 826 1779  111 1304 1550 1633  1087 1097 1587 1691  1704 1706 1707 1802  1407 1484 1588 1916  1533 1836 1914 1916  453 569 577 614  364 413 431 1540  957 1598 1616 1798  81 1183 1628 1687  1393 1489 1490 1884  1484 1646 1736 1812  82 85 105 1759  796 832 1335 1664  562 568 1461 1532  93 106 1301 1742  1533 1911 1914 1916  116 193 1434 1837  973 1264 1771 1780  932 1127 1433 1680  141 152 1180 1696  1834 1911 1914 1916  367 484 498 1816  466 471 1139 1486  104 1303 1612 1778  1517 1639 1654 1856  727 819 1580 1785  751 1277 1492 1772  1489 1590 1599 1723  677 713 748 1785  941 972 1012 1795  1419 1511 1582 1876  821 1332 1475 1491  1533 1911 1912 1916  312 408 1767 1768  303 1176 1648 1757  875 1341 1700 1764  729 758 1448 1664  1834 1911 1912 1916  1469 1583 1778 1858  383 409 411 1784  1406 1482 1544 1795  104 1300 1612 1742  792 845 1693 1884  839 1418 1505 1785  383 402 1672 1757  880 924 930 1268  1822 1826 1915 1946  139 164 1308 1656  640 660 1891 1917  847 1492 1510 1773  465 470 1558 1756  520 1327 1384 1750  210 229 1626 1747  173 176 210 1586  2 5 28 51  344 363 1151 1259  124 1162 1494 1583  657 727 1157 1744  240 308 377 1549  750 763 831 858  898 963 1462 1581  25 36 1595 1649  457 535 1698 1852  826 867 1131 1779  1520 1807 1892 1938  298 1521 1682 1728  193 1434 1559 1617  1399 1703 1714 1815  1413 1587 1691 1925  440 502 1522 1791  291 367 1237 1713  782 1236 1543 1615  737 1819 1841 1917  49 1497 1717 1782  386 402 414 1501  1822 1836 1857 1915  378 433 1124 1867  367 390 1695 1816  1647 1677 1852 1926  381 1488 1637 1763  1668 1834 1911 1914  669 710 713 738  850 888 908 1343  989 1007 1021 1507  636 1684 1790 1926  900 1347 1425 1764  1567 1668 1834 1914  991 996 1033 1535  1422 1427 1837 1844  1146 1278 1492 1569  639 655 680 1618  940 976 1513 1770  1534 1853 1928 1946  351 1255 1415 1456  668 673 678 1745  1639 1848 1849 1925  568 605 610 1532  1098 1192 1513 1741  1562 1678 1730 1795  241 1309 1314 1788  888 908 1343 1571  1404 1533 1911 1914  1404 1668 1911 1914  1013 1032 1519 1856  109 169 1183 1493  1647 1831 1893 1937  1569 1597 1683 1764  312 1596 1767 1768  1404 1469 1612 1914  932 1349 1433 1680  1834 1909 1911 1913  1420 1594 1889 1913  307 363 1151 1259  958 966 1125 1780  1420 1825 1909 1913  328 331 1219 1530  1391 1521 1671 1758  625 653 657 1744  1411 1478 1722 1895  6 1555 1635 1811  1392 1405 1704 1803  64 74 1453 1758  186 205 1409 1887  1420 1594 1825 1913  724 767 1531 1738  1594 1800 1889 1913  977 987 1032 1856  1824 1908 1941 1944  924 930 969 1508  667 1548 1684 1838  656 665 1177 1724  891 912 950 1665  1205 1232 1434 1555  1533 1686 1911 1912  421 443 493 1698  881 1473 1630 1772  811 874 892 1652  415 460 529 1163  459 518 552 1712  91 93 106 1660  864 891 912 1665  1076 1111 1119 1122  209 260 1464 1727  959 1346 1610 1809  178 202 1206 1539  1533 1686 1759 1912  1391 1477 1829 1928  1407 1533 1759 1912  44 45 1243 1782  1051 1081 1085 1880  131 189 1604 1751  451 491 1623 1810  226 252 1521 1728  199 221 1173 1813  165 188 248 1713  33 1159 1467 1574  1404 1632 1659 1878  1029 1051 1365 1701  1527 1851 1852 1926  1394 1447 1557 1820  1023 1513 1769 1770  1088 1639 1691 1925  752 775 834 1578  422 1466 1557 1651  1401 1489 1598 1883  1388 1429 1524 1725  104 1242 1742 1778  1125 1472 1680 1780  520 1325 1382 1518  346 1135 1596 1799  1429 1471 1656 1788  489 1516 1731 1854  1081 1430 1570 1748  1072 1087 1088 1925  672 716 1882 1923  1064 1081 1270 1570  498 1695 1804 1816  987 1039 1441 1517  672 1618 1755 1882  675 706 788 1619  437 441 533 1729  894 1344 1421 1568  1374 1375 1497 1575  1515 1826 1827 1921  199 221 1379 1813  132 1465 1586 1733  2 5 11 1283  1395 1666 1821 1934  1106 1174 1261 1674  984 1125 1472 1780  693 1498 1591 1627  763 822 831 858  1412 1703 1708 1801  718 733 762 1877  420 485 1668 1765  539 1532 1697 1879  104 112 1242 1778  615 636 1527 1926  686 709 1265 1743  34 52 1184 1717  1405 1550 1633 1900  149 167 1417 1551  1436 1686 1911 1912  1111 1119 1122 1123  256 319 1229 1747  1436 1909 1911 1912  715 732 762 1760  1449 1550 1827 1900  223 257 1229 1637  23 29 1375 1575  1436 1686 1909 1912  557 579 1137 1731  623 636 1527 1926  121 1483 1759 1912  642 658 708 1842  1412 1431 1703 1708  847 903 1425 1492  485 1800 1825 1913  894 968 1344 1535  791 1569 1683 1764  130 1183 1687 1894  1069 1514 1722 1849  639 1746 1790 1846  1183 1493 1628 1687  485 1668 1800 1913  470 514 519 1670  1567 1668 1834 1913  626 639 1746 1846  649 671 702 1724  790 793 813 1502  68 1158 1295 1679  1076 1114 1120 1122  25 34 36 1649  1009 1489 1590 1723  616 626 672 1846  538 566 616 1935  1104 1110 1113 1122  742 791 1578 1764  1408 1453 1512 1646  503 532 546 1561  1487 1790 1851 1926  80 102 1298 1493  1586 1686 1733 1911  449 1518 1750 1828  1436 1586 1686 1911  860 884 911 1130  1076 1113 1114 1122  196 251 1837 1844  1068 1071 1166 1457  1484 1822 1826 1915  1458 1525 1687 1894  1391 1830 1915 1948  94 139 1296 1656  1111 1120 1122 1123  1076 1111 1120 1123  1076 1111 1120 1122  398 476 1210 1694  888 908 942 1571  858 873 878 1630  195 231 237 1454  894 1344 1421 1535  79 1553 1742 1812  439 475 509 521  797 1492 1569 1772  142 201 207 1495  107 137 1483 1671  344 356 1417 1488  1391 1826 1845 1928  1436 1586 1765 1911  851 862 877 1817  233 1456 1728 1751  709 714 1619 1743  9 18 1635 1740  279 347 1521 1829  277 293 1456 1682  1009 1030 1590 1818  1076 1104 1111 1119  444 512 1648 1828  333 364 1540 1682  1009 1030 1260 1590  409 450 1245 1451  328 1219 1238 1530  33 41 1159 1574  331 1220 1530 1600  566 616 1640 1935  752 825 834 1578  465 481 1426 1756  1394 1538 1787 1901  1008 1599 1723 1739  1395 1429 1522 1870  1400 1455 1457 1607  1016 1040 1055 1690  45 53 1243 1497  1586 1733 1765 1911  1521 1671 1682 1910  492 560 570 1564  1484 1822 1836 1915  1567 1857 1860 1872  349 368 383 1672  1403 1507 1593 1631  1025 1045 1052 1504  142 165 1495 1645  1391 1506 1521 1845  659 1601 1838 1839  862 884 911 1130  780 821 863 1491  483 523 1565 1721  832 890 904 1664  1398 1585 1727 1888  1093 1117 1123 1372  1080 1514 1587 1925  643 647 659 1838  1101 1103 1517 1681  1400 1411 1455 1607  1093 1120 1121 1123  1076 1093 1120 1123  1093 1111 1117 1123  1076 1093 1111 1123  1429 1525 1870 1934  112 1242 1742 1778  1618 1847 1890 1923  131 189 194 1751  861 928 940 1875  399 483 1565 1721  965 977 1013 1856  985 1008 1010 1723  84 92 113 1720  1814 1895 1897 1905  728 767 1603 1675  684 700 1601 1619  1594 1640 1800 1889  1459 1531 1619 1738  17 1555 1595 1797  1404 1668 1765 1911  1413 1639 1655 1856  1404 1733 1765 1911  176 210 1686 1747  1101 1517 1681 1775  1064 1081 1570 1880  1020 1035 1593 1777  1436 1825 1909 1913  665 689 704 1724  1413 1514 1848 1873  356 381 1488 1637  291 1315 1485 1715  1436 1909 1911 1913  1247 1248 1435 1576  1356 1535 1621 1678  376 434 512 1648  724 1531 1619 1738  1217 1218 1455 1504  722 785 810 1743  857 918 924 1658  658 716 769 1842  1102 1262 1468 1741  650 664 676 695  1392 1399 1709 1803  742 1578 1700 1764  1358 1385 1444 1528  746 1146 1492 1773  1450 1603 1627 1675  935 953 1616 1798  807 819 883 1806  974 1353 1528 1616  315 394 439 1126  693 717 1591 1627  774 804 1330 1603  1403 1476 1631 1780  1401 1470 1701 1843  958 1233 1680 1780  1397 1621 1840 1943  1433 1492 1569 1772  821 832 1475 1664  320 350 425 1602  377 401 1163 1564  506 553 1554 1714  1398 1585 1808 1867  451 485 527 1825  965 1013 1468 1513  1 7 1132 1811  326 1417 1526 1551  769 806 828 1883  1236 1543 1560 1615  663 1548 1643 1684  80 102 1493 1716  390 459 1423 1712  73 79 1742 1812  1081 1085 1094 1741  62 67 1515 1736  234 258 286 1415  768 808 1601 1862  1018 1048 1254 1769  1410 1449 1471 1606  192 215 1614 1672  0 3 28 1282  1047 1362 1386 1582  1452 1561 1622 1636  1084 1086 1105 1108  1332 1475 1591 1664  1166 1432 1457 1570  933 982 1011 1690  919 1212 1505 1798  916 961 1786 1886  1056 1057 1478 1722  1393 1419 1470 1874  926 1786 1856 1861  295 299 309 1676  1770 1875 1881 1936  361 503 1561 1636  41 68 1287 1574  485 1668 1825 1913  702 741 761 1724  253 310 313 1792  1442 1709 1833 1853  957 975 1263 1598  1416 1647 1698 1937  1422 1427 1728 1844  1407 1483 1671 1910  969 998 1149 1354  1531 1601 1862 1906  1483 1556 1671 1910  1399 1703 1710 1714  291 1237 1485 1713  197 257 1488 1637  1391 1453 1758 1910  1162 1494 1583 1661  797 1277 1492 1569  1027 1051 1701 1770  1397 1535 1621 1840  545 554 571 1589  2 3 5 28  950 1016 1352 1690  663 1618 1643 1684  1453 1671 1758 1910  219 239 1539 1727  106 119 1301 1583  808 1601 1862 1942  1392 1481 1704 1901  1414 1447 1486 1789  137 214 1396 1573  1040 1066 1366 1690  1469 1836 1858 1914  984 1125 1472 1680  723 751 1231 1772  781 792 845 1693  345 1417 1480 1878  476 1705 1714 1815  825 834 1341 1700  281 1596 1626 1663  2 3 28 1282  1447 1486 1589 1789  890 904 1475 1809  716 769 806 1842  88 179 1559 1628  414 445 1648 1757  274 384 387 1735  1581 1701 1770 1936  268 278 380 1666  1507 1508 1615 1631  1446 1719 1767 1768  729 758 796 1664  755 793 1236 1615  12 20 54 1716  1659 1668 1860 1914  1437 1688 1702 1867  723 1331 1630 1772  753 846 847 1773  861 1749 1832 1942  610 1594 1697 1850  1541 1704 1707 1802  710 738 839 1785  198 1445 1464 1667  1057 1069 1074 1722  2 6 28 51  254 1171 1573 1596  766 826 836 1440  235 339 1318 1524  236 241 1309 1725  267 301 305 1426  405 499 1719 1768  1359 1403 1593 1734  342 1250 1480 1644  1392 1405 1481 1827  644 677 1580 1899  291 1210 1237 1485  1314 1319 1602 1715  1546 1599 1625 1734  1548 1906 1922 1942  736 1601 1838 1942  1422 1474 1521 1728  428 473 510 1750  449 520 1518 1750  378 406 1439 1451  104 118 1235 1796  467 485 1668 1800  815 1133 1338 1491  1669 1749 1861 1942  29 34 49 1717  29 1427 1575 1717  782 817 829 1543  1115 1174 1175 1674  1091 1107 1513 1689  753 846 1578 1773  823 826 1131 1779  105 127 1533 1759  1422 1613 1837 1844  395 468 501 1565  928 940 1770 1875  688 1213 1258 1627  463 499 1768 1879  557 593 1137 1516  180 1295 1679 1788  634 643 1677 1838  1053 1093 1367 1689  808 854 1862 1942  797 1433 1569 1772  735 764 1332 1664  12 39 1628 1716  13 19 22 1617  564 571 1326 1589  327 1248 1249 1435  218 254 1573 1596  861 940 1749 1875  12 54 1628 1716  1419 1511 1590 1876  736 808 1832 1942  1314 1602 1715 1788  1414 1454 1530 1820  8 15 24 54  53 1243 1290 1497  79 91 1553 1660  404 426 486 1650  419 1632 1659 1903  80 102 1285 1716  755 1236 1552 1615  736 808 1601 1942  1395 1650 1666 1854  350 423 456 1554  1398 1585 1867 1888  674 709 714 1619  1400 1514 1873 1941  89 96 1483 1545  1669 1906 1908 1942  1481 1704 1787 1901  758 1209 1448 1664  688 1213 1450 1627  732 1475 1591 1664  1468 1513 1674 1741  0 3 15 28  1443 1605 1783 1944  735 1332 1591 1664  821 1332 1475 1664  390 459 498 1712  1577 1814 1895 1897  1250 1435 1526 1644  1315 1485 1495 1715  420 485 1765 1825  575 1594 1800 1850  849 1609 1665 1673  732 735 1591 1664  1401 1641 1883 1920  1436 1509 1765 1825  327 1249 1250 1435  1097 1102 1129 1741  823 859 1131 1779  1487 1807 1893 1938  975 979 1263 1781  1641 1883 1918 1920  1004 1027 1048 1462  1098 1102 1106 1741  1140 1141 1496 1651  637 1677 1684 1838  4 12 14 1740  857 1342 1552 1658  848 919 1281 1505  1669 1749 1908 1942  575 612 632 1850  347 421 1477 1698  1822 1826 1827 1946  432 450 1451 1558  272 293 1255 1456  570 579 582 1731  13 18 22 1617  1422 1427 1649 1837  962 971 999 1535  373 428 446 1273  319 1229 1637 1747  490 1275 1460 1907  489 497 543 1731  955 1350 1658 1771  330 392 1320 1667  940 1749 1875 1881  1520 1579 1761 1891  311 313 1247 1526  8 12 24 54  937 967 1188 1566  216 229 266 1626  1091 1107 1192 1513  528 1275 1460 1907  96 1483 1545 1759  389 421 1477 1698  835 849 1609 1673  1453 1506 1512 1758  723 1231 1492 1772  688 1257 1258 1675  341 349 386 1197  1531 1562 1603 1738  122 127 1533 1759  490 528 1275 1907  1414 1589 1636 1667  287 434 1279 1648  444 495 1648 1907  1068 1160 1457 1607  1659 1836 1858 1914  770 798 1473 1630  1458 1835 1870 1934  623 636 645 1790  266 318 343 1663  293 351 1255 1456  981 1254 1357 1769  427 482 1789 1888  50 1291 1376 1512  463 499 539 595  1403 1476 1543 1780  769 806 1605 1842  842 855 1503 1609  1406 1503 1730 1774  1401 1581 1616 1920  945 1346 1563 1610  444 445 1648 1907  1826 1845 1855 1921  719 740 742 1578  1579 1842 1899 1917  49 83 1474 1782  604 1647 1677 1852  1420 1446 1596 1768  1046 1092 1105 1689  444 445 495 1907  481 513 1565 1699  376 447 453 512  528 1750 1828 1907  76 114 1604 1782  1097 1129 1587 1741  782 791 817 1543  20 38 1285 1716  1064 1364 1432 1470  94 148 164 1656  36 1184 1193 1653  528 1460 1750 1907  1419 1490 1536 1876  610 631 1520 1850  1407 1545 1588 1759  1030 1036 1390 1754  793 814 1236 1560  1478 1514 1607 1941  1458 1467 1656 1687  1443 1783 1882 1896  1472 1543 1597 1780  793 813 814 1560  933 1406 1673 1774  244 290 330 1667  1469 1484 1588 1836  490 495 528 1907  510 534 1384 1750  1452 1464 1622 1636  1410 1574 1606 1679  1093 1118 1121 1689  836 847 881 1440  583 597 1629 1746  87 1483 1671 1758  1450 1643 1824 1906  1407 1453 1671 1910  1419 1489 1590 1608  637 659 1677 1838  1438 1639 1786 1848  1450 1643 1766 1906  1531 1675 1766 1906  312 1171 1573 1596  465 517 519 1756  489 1516 1731 1737  1450 1675 1766 1906  17 1232 1555 1595  181 202 209 1727  698 808 1601 1838  7 9 1635 1740  1081 1090 1094 1741  881 1492 1630 1772  1509 1626 1663 1747  1450 1531 1675 1906  1277 1278 1492 1569  826 836 867 1440  1613 1829 1844 1845  268 380 384 1854  584 614 620 621  1541 1707 1710 1711  836 867 881 1440  429 478 490 1726  1567 1800 1889 1913  1516 1522 1624 1854  866 886 933 1673  1395 1522 1854 1870  1505 1641 1652 1798  662 680 692 1498  1400 1898 1941 1944  1393 1400 1898 1944  133 147 152 1661  134 204 240 1493  116 1434 1797 1837  1481 1515 1720 1827  136 188 205 1887  1326 1447 1486 1589  827 851 862 1817  785 864 866 1673  1898 1905 1941 1944  1626 1663 1825 1909  188 1645 1787 1887  1420 1540 1831 1932  58 70 1467 1687  181 1585 1620 1727  467 1800 1860 1935  68 1287 1574 1679  351 1415 1456 1767  305 391 1565 1721  210 223 256 1747  11 42 51 1283  38 80 109 1285  1001 1014 1359 1734  580 604 1647 1865  1478 1638 1895 1905  601 613 614 628  292 1172 1415 1767  1160 1457 1514 1607  548 577 584 614  1420 1461 1596 1909  689 750 1178 1592  717 743 1591 1627  1394 1423 1557 1712  1420 1446 1596 1909  258 280 329 1767  163 1585 1661 1702  1026 1043 1490 1546  427 433 1867 1888  1436 1626 1686 1909  287 325 434 1279  528 569 589 1828  736 757 861 1832  1426 1499 1721 1756  665 689 1177 1724  380 384 497 1854  1556 1596 1626 1909  631 642 644 1579  485 527 1594 1825  380 426 489 1854  1437 1584 1661 1858  984 1472 1566 1680  1324 1328 1381 1537  60 63 1606 1720  367 1214 1423 1713  852 1147 1336 1571  827 862 1130 1817  55 65 67 1736  49 77 83 1782  1434 1595 1797 1837  754 826 1440 1779  1028 1364 1387 1511  277 1456 1682 1728  134 160 240 1493  1404 1659 1878 1914  991 1033 1034 1535  749 758 816 1448  1827 1927 1928 1946  1362 1386 1511 1582  1420 1461 1825 1909  66 98 161 1497  857 875 1658 1700  73 86 1742 1812  1208 1439 1642 1784  900 925 1347 1425  92 111 1294 1550  181 190 209 1620  643 648 698 1838  825 875 1341 1700  1206 1207 1539 1808  55 61 65 1646  158 1584 1702 1752  1439 1451 1539 1642  657 710 727 1157  103 180 1302 1679  55 1515 1646 1855  1406 1544 1665 1690  87 107 1297 1483  404 486 1650 1852  303 323 1648 1907  987 1032 1517 1856  120 130 1307 1894  748 777 1652 1785  715 718 762 1498  1442 1650 1833 1853  899 1669 1861 1942  1832 1908 1922 1942  1481 1645 1753 1787  1043 1251 1504 1777  384 1564 1731 1735  1749 1832 1908 1942  59 87 90 1758  1106 1192 1674 1689  192 203 1614 1672  1548 1601 1906 1942  1807 1891 1892 1945  722 734 785 810  1564 1624 1731 1735  247 273 1757 1885  1814 1824 1896 1905  405 407 499 1719  1399 1547 1554 1833  525 580 619 1893  187 1435 1526 1644  1548 1601 1838 1942  1469 1533 1836 1914  117 124 1696 1904  689 750 805 1592  604 643 1677 1865  599 609 623 630  1152 1537 1699 1726  530 1138 1256 1565  260 334 1561 1636  113 1481 1645 1753  35 43 57 1606  68 1287 1293 1679  673 679 687 1223  1392 1704 1901 1939  591 596 597 1634  1421 1535 1678 1840  1183 1493 1687 1813  519 546 1561 1729  1413 1514 1848 1925  1618 1684 1790 1890  228 1317 1549 1813  639 662 680 1618  1414 1486 1589 1667  117 1538 1696 1904  117 124 1660 1904  1449 1921 1927 1931  52 90 1474 1758  453 569 1518 1828  228 1525 1813 1894  182 216 218 1556  940 1513 1770 1881  1204 1426 1523 1558  945 954 1269 1610  1478 1621 1848 1943  1487 1684 1865 1890  1192 1513 1674 1689  1458 1735 1835 1870  697 704 761 794  348 437 441 1499  498 1705 1712 1804  192 203 215 1672  117 1538 1660 1904  928 1770 1875 1936  975 1000 1598 1608  974 997 1225 1351  146 158 162 1752  1449 1821 1927 1931  1438 1840 1848 1943  536 1452 1561 1789  716 1783 1882 1923  201 246 1316 1495  150 156 184 1556  1433 1569 1597 1683  1613 1837 1859 1931  886 933 1673 1774  819 883 909 1806  646 651 664 682  1329 1518 1750 1828  462 1789 1902 1903  566 575 1640 1935  1789 1888 1902 1903  1538 1696 1718 1904  805 1592 1724 1745  1051 1064 1365 1880  274 1458 1735 1835  1186 1489 1723 1781  1621 1840 1848 1943  769 806 1605 1883  1392 1709 1853 1929  878 879 1336 1337  803 1147 1433 1473  1406 1654 1730 1886  339 350 1389 1524  486 1442 1572 1737  378 427 433 1867  9 16 18 1740  523 530 1565 1721  1114 1175 1519 1655  228 1317 1676 1813  382 419 1867 1903  1057 1478 1621 1849  128 1306 1465 1796  740 1165 1569 1773  940 1749 1861 1881  382 1632 1867 1903  1467 1559 1574 1617  669 710 713 1785  803 1147 1336 1473  1087 1587 1691 1925  1463 1857 1872 1940  868 876 948 1344  487 557 579 1731  1391 1506 1521 1758  1410 1449 1471 1821  147 163 168 1702  1458 1687 1813 1894  586 1447 1557 1634  382 419 1632 1903  427 1789 1888 1903  968 1356 1535 1678  427 462 1789 1903  385 1210 1485 1694  243 313 1321 1526  819 839 1418 1806  18 1559 1635 1740  1404 1533 1612 1914  889 911 915 944  1579 1842 1917 1945  427 1867 1888 1903  80 109 1285 1716  802 1146 1165 1569  40 1512 1653 1855  1072 1088 1639 1925  967 970 990 1566  978 1144 1631 1771  334 1499 1561 1622  1437 1867 1888 1903  1823 1888 1902 1903  1419 1489 1490 1590  368 406 1439 1784  1052 1056 1363 1722  1452 1464 1789 1888  28 51 97 1555  6 1167 1168 1555  1430 1873 1874 1881  1422 1521 1844 1845  1416 1868 1929 1947  641 652 669 1157  185 1311 1312 1551  278 380 1666 1854  1437 1632 1867 1903  1408 1515 1646 1855  697 731 761 794  838 886 916 1774  431 1540 1719 1831  989 998 1021 1507  1408 1512 1646 1855  1394 1538 1820 1930  74 1291 1376 1453  1471 1606 1657 1679  340 349 368 1672  1011 1039 1075 1441  31 35 1542 1606  379 385 1380 1694  1051 1470 1701 1880  1090 1097 1129 1587  438 515 524 1732  1438 1669 1786 1848  855 1503 1562 1609  489 497 1731 1854  1437 1494 1583 1661  552 591 1557 1634  1843 1874 1919 1944  203 1439 1614 1808  862 877 889 1817  136 143 1753 1887  400 449 1750 1828  1046 1084 1105 1689  889 944 947 1817  700 711 767 1531  604 635 643 1865  1393 1605 1783 1944  1411 1478 1607 1722  885 896 901 1723  1605 1842 1917 1945  21 30 42 1190  362 1317 1549 1762  1340 1479 1560 1794  120 1307 1525 1656  888 937 942 1680  755 1424 1448 1552  426 1650 1737 1854  1077 1226 1441 1775  1075 1096 1099 1110  174 199 1299 1493  97 193 1434 1559  542 553 587 1866  1422 1506 1521 1845  754 766 826 1440  476 558 561 1714  1487 1684 1790 1890  1410 1606 1617 1931  367 398 1237 1708  1426 1539 1558 1622  162 167 1194 1644  1443 1498 1643 1755  1516 1731 1735 1854  931 962 1535 1776  161 217 1497 1782  1666 1735 1854 1870  1414 1464 1636 1667  958 966 1233 1780  485 1668 1765 1825  1082 1101 1103 1517  172 192 206 1435  658 708 769 1842  323 359 370 1828  1438 1621 1840 1848  109 1285 1288 1716  1060 1064 1364 1582  347 1477 1521 1829  346 393 1732 1799  237 1220 1454 1667  206 253 1526 1792  253 313 1526 1792  622 633 634 647  715 717 735 1591  1410 1449 1606 1931  1449 1542 1606 1931  422 466 518 1557  215 220 1196 1500  137 1396 1556 1573  1010 1361 1590 1599  1019 1189 1546 1593  283 297 316 1726  1140 1214 1496 1651  403 404 1534 1829  1399 1405 1412 1602  1695 1706 1801 1802  1418 1505 1641 1652  177 226 1427 1728  1403 1502 1546 1593  680 715 718 1498  166 198 1227 1529  658 1842 1923 1945  318 343 1663 1810  664 697 731 739  1857 1860 1872 1940  349 1196 1197 1500  318 322 1747 1810  458 1659 1903 1940  1388 1389 1524 1725  1003 1014 1020 1593  146 162 1194 1752  168 178 203 1808  199 1313 1379 1813  1395 1429 1602 1900  1428 1659 1836 1858  1429 1471 1602 1900  330 388 469 1636  1395 1429 1471 1900  528 1329 1750 1828  734 776 810 1743  819 1418 1580 1785  1471 1602 1788 1900  1443 1824 1908 1944  367 1423 1708 1713  762 1498 1577 1877  1403 1479 1546 1692  1425 1569 1597 1764  130 169 1183 1894  874 907 935 1798  159 201 246 1495  1394 1704 1787 1802  592 1520 1697 1891  111 159 1302 1304  1401 1528 1616 1701  1602 1633 1788 1900  522 1461 1623 1825  1498 1577 1591 1760  1449 1821 1900 1927  1077 1099 1187 1775  154 160 227 1493  883 909 949 1806  663 667 1643 1766  698 1601 1838 1839  578 586 591 1634  759 786 864 1673  728 1330 1603 1675  59 64 1506 1758  936 943 1264 1597  51 116 1555 1797  1045 1052 1217 1504  1024 1033 1535 1621  359 400 430 1828  406 432 1124 1451  102 154 1298 1493  791 817 1252 1683  1392 1822 1929 1946  1436 1586 1686 1747  476 1380 1694 1815  319 410 424 1763  1309 1429 1725 1788  1020 1035 1189 1593  365 437 1499 1721  1395 1650 1666 1821  812 827 851 1817  1695 1703 1710 1801  1705 1710 1711 1714  1068 1080 1368 1607  622 634 1572 1677  16 37 1559 1740  127 132 144 1733  809 816 1448 1563  543 602 1731 1737  70 1296 1467 1687  1264 1476 1771 1780  1207 1439 1539 1808  1019 1026 1546 1734  660 1807 1917 1924  302 305 1426 1499  938 980 983 1739  397 452 1324 1537  1471 1633 1788 1900  1289 1515 1606 1855  208 217 1474 1782  210 229 256 1747  178 1206 1539 1808  811 848 892 1652  1398 1539 1585 1808  355 360 1318 1762  478 507 1138 1699  362 366 460 1793  701 705 752 775  1392 1399 1803 1900  1487 1611 1851 1871  10 17 1205 1555  457 1534 1698 1852  1244 1466 1530 1557  594 625 627 1761  845 870 885 1884  260 334 361 1636  1402 1823 1888 1902  936 1264 1476 1597  1438 1639 1654 1786  179 268 274 1835  573 589 606 1518  990 1001 1359 1566  1392 1405 1803 1900  911 920 1130 1817  837 849 1333 1673  88 179 204 1628  1520 1807 1891 1893  221 270 309 1676  1399 1405 1803 1900  1399 1602 1833 1900  1392 1405 1827 1900  375 420 1765 1878  1476 1508 1658 1771  202 219 1539 1727  211 1172 1415 1573  481 1426 1721 1756  430 516 1325 1518  594 595 625 1761  667 1548 1643 1766  484 498 556 1705  716 806 1783 1923  94 1296 1467 1656  324 328 1239 1466  1430 1748 1880 1881  882 931 946 1776  732 1448 1664 1760  411 435 1642 1885  556 558 590 1705  984 994 1472 1780  484 1804 1815 1816  379 385 1319 1485  351 1719 1767 1768  1409 1454 1718 1820  868 1562 1568 1603  880 893 1268 1563  171 1417 1551 1586  476 1210 1380 1694  871 1343 1472 1680  178 203 1206 1808  444 495 1648 1828  1397 1421 1450 1627  869 871 1566 1794  1669 1749 1848 1943  1027 1048 1067 1462  219 242 1208 1539  1480 1584 1632 1702  324 1141 1253 1466  23 1284 1575 1797  1399 1405 1602 1900  930 954 969 1508  807 843 898 1920  121 122 155 1759  700 1531 1675 1766  253 300 310 1792  264 386 1128 1501  936 943 1347 1597  373 428 1273 1460  789 805 841 1745  1090 1129 1587 1741  1302 1633 1657 1679  414 434 1221 1501  180 246 1495 1633  1395 1602 1833 1900  859 867 1131 1630  392 1486 1589 1667  390 1140 1214 1651  500 550 554 1589  802 1148 1569 1683  649 661 671 702  1411 1478 1895 1905  1109 1112 1195 1369  723 1224 1231 1440  1420 1834 1909 1913  285 379 385 1319  208 217 1474 1728  880 1342 1508 1552  1393 1401 1419 1470  1540 1719 1831 1879  1416 1889 1933 1948  1001 1566 1734 1739  213 243 1181 1321  27 1542 1595 1617  1613 1829 1845 1928  1502 1693 1814 1877  502 542 572 1866  1424 1448 1475 1664  1168 1205 1555 1635  1026 1490 1546 1599  934 974 1212 1616  502 531 1516 1522  931 962 991 1535  1594 1640 1800 1850  1481 1645 1704 1787  333 364 389 1540  1422 1613 1845 1921  206 1435 1500 1526  537 1447 1589 1789  274 296 1458 1735  689 704 763 805  818 822 831 858  1412 1706 1801 1803  784 835 1503 1673  619 635 1807 1893  470 1558 1670 1756  1247 1248 1435 1526  164 1308 1429 1656  777 1652 1785 1899  1520 1594 1697 1850  728 774 795 1603  901 979 985 1723  38 39 1288 1716  385 476 1210 1380  697 756 779 801  364 407 413 1719  189 230 234 1751  563 569 614 617  177 217 1474 1728  392 1589 1636 1667  469 500 550 1589  647 674 684 1839  321 349 1197 1500  421 457 493 1698  949 986 1351 1581  1418 1652 1785 1899  162 172 187 1644  817 840 1252 1683  1437 1632 1659 1903  435 1203 1204 1523  1012 1017 1482 1795  367 390 498 1816  1392 1704 1709 1803  164 236 1309 1429  936 1476 1658 1764  813 1502 1560 1692  1707 1710 1711 1803  206 220 1500 1792  64 74 1291 1453  670 757 1832 1924  301 316 336 1699  764 832 1332 1664  389 443 1477 1698  1397 1824 1905 1943  904 959 1346 1809  1450 1824 1906 1943  803 1433 1473 1772  85 1588 1612 1759  806 1605 1842 1923  337 374 424 1763  1010 1031 1361 1590  1418 1641 1918 1920  962 991 999 1535  1 1282 1373 1811  1416 1830 1933 1948  1438 1562 1678 1730  1436 1586 1637 1747  873 881 1156 1630  589 1329 1518 1828  1024 1042 1057 1621  333 389 1540 1682  1705 1710 1714 1804  1505 1616 1641 1920  60 92 1294 1720  187 206 243 1526  1391 1408 1506 1758  513 530 1138 1565  374 410 424 1763  1017 1038 1059 1482  109 169 1173 1493  142 165 207 1495  170 181 1150 1620  423 440 502 1791  1022 1028 1358 1444  407 413 477 1719  777 1418 1652 1899  113 125 165 1645  29 34 1649 1717  128 1240 1584 1778  54 134 1628 1716  297 303 1648 1907  312 408 1596 1732  1487 1807 1865 1890  1476 1631 1771 1780  1534 1853 1929 1947  1463 1634 1746 1869  262 287 1221 1757  68 103 1293 1679  1429 1522 1524 1602  1693 1783 1896 1898  817 829 1543 1794  1693 1783 1884 1898  1397 1450 1498 1591  250 265 321 1500  339 355 1318 1762  939 1433 1597 1680  1625 1693 1884 1898  704 761 794 805  626 655 672 1846  181 209 1620 1727  116 193 196 1837  1469 1484 1588 1742  1753 1787 1887 1901  1477 1534 1829 1928  206 1500 1526 1792  649 654 665 1724  1868 1871 1872 1933  1246 1247 1500 1576  1669 1862 1863 1906  708 1641 1899 1918  453 512 569 577  683 726 807 1819  988 1022 1358 1444  1393 1419 1490 1536  1613 1921 1927 1931  112 128 1240 1778  105 108 127 1612  973 994 1144 1780  1695 1707 1710 1801  562 568 610 1532  181 1150 1585 1620  349 1196 1500 1672  708 769 777 1641  7 14 16 1740  820 845 1625 1693  311 321 1230 1500  1072 1073 1639 1849  1420 1446 1864 1909  1548 1643 1906 1922  1461 1663 1825 1909  159 180 246 1495  789 823 841 1592  1438 1669 1848 1943  1695 1703 1708 1816  13 1232 1434 1595  13 19 1434 1595  789 1592 1745 1779  1409 1454 1466 1530  1659 1823 1903 1940  110 117 143 1538  926 965 977 1861  782 814 829 1543  1103 1517 1655 1681  1393 1605 1843 1944  513 1138 1565 1699  403 421 1698 1829  1397 1498 1591 1897  1044 1072 1073 1849  1042 1057 1621 1849  1410 1467 1574 1679  127 1533 1733 1796  1415 1446 1456 1864  1471 1550 1633 1900  429 454 478 1726  249 1239 1454 1466  300 311 321 1792  187 1179 1526 1644  1438 1562 1840 1863  1458 1525 1549 1870  1314 1495 1633 1715  490 1152 1460 1726  603 615 1527 1685  146 1465 1480 1584  321 349 1230 1500  159 1304 1495 1633  638 640 683 1579  311 1246 1247 1500  70 120 1296 1687  119 1583 1661 1778  115 1235 1612 1796  168 192 203 1614  279 298 347 1521  988 1444 1528 1608  1085 1513 1748 1880  988 1000 1022 1444  116 177 196 1427  351 364 407 1719  1094 1102 1129 1741  351 1446 1456 1864  1009 1015 1590 1818  574 604 624 1677  135 146 158 1584  246 1314 1495 1633  1185 1482 1544 1690  395 452 468 501  1704 1706 1707 1803  1009 1186 1489 1608  754 789 823 1779  238 349 1501 1672  76 114 123 1604  1081 1083 1090 1741  1393 1605 1843 1883  1520 1594 1831 1879  1399 1547 1554 1714  707 789 1745 1779  750 770 858 1155  924 930 1268 1508  175 195 1454 1718  914 962 971 1809  119 133 1162 1661  821 832 1332 1664  354 395 397 452  474 1136 1558 1670  1421 1491 1568 1603  1026 1031 1361 1490  72 1376 1453 1545  80 1298 1299 1493  45 1286 1497 1575  869 902 905 1566  144 155 176 1586  785 810 866 1673  865 869 1479 1566  1078 1089 1517 1639  1507 1577 1895 1897  277 298 1682 1728  455 473 520 1327  959 1007 1610 1809  1359 1403 1479 1566  1247 1435 1500 1576  1398 1439 1451 1808  193 196 255 1837  1420 1719 1768 1879  297 1460 1726 1907  217 1474 1497 1782  635 643 670 1865  1424 1475 1577 1760  148 180 1314 1788  334 441 1499 1561  430 453 1518 1828  82 85 1588 1759  631 644 1579 1761  412 419 1659 1860  1474 1521 1671 1758  250 1196 1197 1500  63 1294 1657 1720  110 1538 1553 1660  1487 1807 1890 1938  301 335 336 1565  958 1125 1680 1780  875 1658 1700 1764  1507 1577 1610 1897  1548 1618 1847 1922  1507 1638 1895 1897  1452 1464 1727 1888  973 1631 1771 1780  205 1409 1496 1887  163 178 1585 1702  1556 1626 1686 1909  1749 1874 1908 1941  335 336 399 1565  744 745 782 1700  1029 1444 1470 1701  469 503 1589 1636  745 749 760 1267  1051 1365 1470 1701  1428 1538 1904 1930  1507 1610 1638 1897  405 463 499 1768  324 371 1141 1651  431 443 525 1831  908 942 1349 1571  191 218 254 1573  973 978 1144 1771  1424 1508 1563 1610  306 344 363 1259  384 387 1564 1735  14 37 1628 1740  420 451 1509 1825  1050 1061 1455 1457  562 610 612 1594  692 693 1498 1591  232 277 293 1456  1442 1547 1709 1833  771 825 1578 1700  1428 1469 1583 1742  669 710 1580 1785  940 965 1006 1513  616 632 1640 1846  553 561 600 1547  1703 1707 1710 1801  264 386 1215 1216  1498 1577 1877 1897  797 803 1277 1772  392 1139 1486 1600  86 1588 1742 1812  94 1467 1656 1679  674 684 1619 1839  813 1339 1560 1692  988 1358 1444 1528  839 848 1505 1652  966 973 1355 1780  192 1435 1614 1752  531 557 593 1516  719 771 1578 1700  1012 1678 1730 1795  517 519 1729 1756  1669 1749 1848 1861  1349 1433 1571 1680  750 770 822 858  673 678 687 1805  934 949 1351 1806  658 716 1842 1923  287 414 1648 1757  807 819 1418 1806  1033 1034 1056 1478  224 1439 1672 1784  484 1705 1804 1815  1693 1783 1882 1896  1396 1415 1446 1573  1547 1554 1833 1866  196 226 1427 1844  234 272 286 1415  1011 1058 1075 1366  331 392 1139 1320  808 861 899 1942  1397 1421 1591 1776  1463 1629 1872 1940  652 677 713 1580  1650 1821 1859 1927  673 694 1223 1805  710 713 738 1785  61 71 72 1588  143 1538 1753 1887  1402 1538 1718 1904  865 869 905 1566  1410 1467 1574 1617  1823 1902 1930 1940  1577 1814 1877 1897  138 157 171 1465  1391 1826 1830 1915  558 561 1711 1714  754 1440 1779 1805  1498 1814 1877 1897  535 1647 1698 1852  1425 1492 1569 1773  1459 1503 1730 1774  615 636 637 1926  287 1176 1648 1757  1033 1478 1535 1621  1475 1610 1809 1897  506 542 553 1866  750 805 841 1592  1012 1654 1678 1730  375 420 1637 1765  370 430 453 1828  811 848 1652 1785  319 1509 1637 1763  561 1547 1711 1714  1008 1010 1599 1723  984 994 1355 1780  791 1425 1569 1764  1487 1790 1846 1890  1023 1063 1070 1092  345 372 1211 1480  220 1435 1500 1576  23 1286 1375 1575  499 592 595 1697  1498 1755 1877 1896  755 783 793 1615  1520 1697 1761 1891  411 435 436 1642  645 1618 1684 1790  1063 1067 1091 1769  1075 1096 1099 1681  311 1500 1526 1792  98 116 177 1427  850 852 1147 1571  315 353 386 1216  264 341 386 1216  77 83 131 1604  740 791 1425 1578  51 1284 1555 1797  639 1611 1746 1790  341 353 386 1216  782 1543 1552 1615  228 269 1429 1525  531 572 593 1516  1075 1099 1110 1681  1099 1110 1113 1681  934 1505 1616 1806  1169 1272 1432 1457  489 543 1731 1737  701 705 775 1578  402 411 429 1885  1420 1540 1719 1864  1469 1588 1612 1742  1826 1827 1928 1946  1525 1549 1762 1870  646 649 654 720  1531 1862 1863 1906  177 217 226 1728  994 1403 1593 1631  994 1144 1593 1631  1484 1836 1915 1916  1463 1746 1868 1872  350 1314 1389 1725  486 489 543 1737  1650 1821 1833 1927  583 1463 1629 1746  1527 1709 1711 1869  578 591 597 1634  1416 1534 1929 1947  420 451 485 1825  895 929 1609 1665  1531 1601 1766 1906  1443 1498 1755 1896  1549 1624 1762 1793  64 1506 1512 1758  220 250 1196 1500  1449 1471 1821 1900  48 55 62 1515  1822 1929 1933 1939  686 706 776 1743  78 102 160 1716  1424 1448 1563 1664  436 450 470 1558  1218 1455 1504 1607  1024 1356 1535 1621  225 239 259 1622  375 1417 1637 1765  932 939 1348 1433  193 1666 1859 1931  642 1579 1842 1899  262 273 1176 1757  1410 1666 1821 1931  784 835 849 1673  441 532 1561 1729  936 955 973 1771  1399 1554 1602 1833  812 1598 1641 1798  1180 1494 1620 1696  259 260 1622 1727  1522 1624 1854 1870  423 1522 1554 1791  987 1032 1039 1517  647 648 674 1839  143 1538 1718 1887  1164 1244 1530 1600  287 1221 1501 1757  1581 1843 1875 1936  608 622 1572 1737  159 201 1304 1495  141 153 166 1696  13 1205 1232 1434  283 1523 1699 1726  97 116 193 1434  423 456 1522 1554  1300 1588 1612 1742  1535 1621 1678 1840  217 226 252 1728  1443 1847 1919 1922  865 1566 1734 1739  681 692 693 1498  395 452 1565 1699  887 1425 1578 1764  359 370 430 1828  476 484 1705 1815  1605 1841 1847 1919  747 755 783 1760  517 519 551 1729  192 215 1435 1576  1807 1891 1917 1945  902 905 938 1739  1391 1408 1826 1845  340 349 1230 1576  204 274 296 1458  124 141 1494 1696  708 1418 1641 1899  251 255 1613 1844  312 408 1596 1768  683 1579 1819 1899  451 522 1623 1825  1081 1430 1748 1880  1438 1662 1678 1840  1522 1524 1762 1791  964 972 1017 1544  420 1509 1765 1825  696 705 740 1578  1446 1556 1864 1909  1411 1504 1722 1895  451 522 527 1825  396 1234 1623 1810  1363 1504 1722 1895  1405 1481 1550 1645  1025 1363 1504 1895  1461 1596 1732 1799  1436 1668 1765 1825  94 1158 1467 1679  1000 1022 1444 1608  1007 1037 1507 1895  1007 1025 1037 1895  1037 1504 1777 1895  954 969 1354 1508  1414 1447 1486 1557  1411 1504 1777 1895  433 1124 1451 1867  624 634 643 1677  116 196 1427 1837  264 282 386 1215  1354 1507 1508 1610  1534 1647 1698 1852  649 654 761 1724  504 1324 1381 1537  612 632 1850 1892  1291 1376 1453 1512  255 317 338 1859  65 73 1134 1812  641 652 1157 1744  164 235 1308 1429  516 563 573 1518  409 436 1451 1642  359 400 1750 1828  262 287 1176 1757  1200 1536 1754 1876  856 1489 1598 1781  1400 1873 1874 1941  1093 1121 1123 1372  362 460 487 1793  1025 1037 1504 1895  1458 1525 1813 1894  173 197 223 1586  413 431 1540 1719  119 1584 1661 1778  1025 1363 1722 1895  214 254 1171 1573  262 1221 1501 1757  1502 1546 1814 1895  722 759 785 1265  646 651 661 682  285 291 1485 1715  367 390 1214 1423  1466 1530 1557 1820  1440 1492 1510 1773  1409 1466 1530 1820  1546 1777 1814 1895  302 365 1499 1721  708 777 1418 1899  1411 1546 1777 1814  1419 1432 1536 1876  1398 1451 1808 1867  854 899 1669 1942  1403 1502 1507 1615  681 693 1213 1627  316 323 359 1907  1428 1659 1823 1857  114 129 1243 1290  13 19 1232 1595  1408 1422 1653 1845  454 478 1699 1726  297 303 323 1907  132 144 1586 1733  1046 1062 1070 1086  1592 1630 1779 1805  481 1523 1565 1699  923 952 983 985  240 296 1458 1549  1020 1021 1593 1777  830 880 1342 1552  316 354 1537 1699  385 398 476 1210  1006 1046 1513 1689  1031 1041 1043 1754  1043 1455 1490 1546  1404 1659 1858 1914  1102 1106 1674 1741  88 134 204 1628  204 1458 1628 1835  360 461 1322 1624  592 1697 1761 1891  393 464 1234 1799  755 1424 1615 1760  1101 1187 1681 1775  1481 1515 1736 1827  1410 1467 1471 1679  112 128 1303 1778  372 412 1632 1878  507 1138 1256 1699  1704 1707 1709 1803  1409 1496 1787 1887  1338 1491 1568 1603  252 279 298 1521  1438 1562 1678 1840  1502 1546 1777 1895  448 479 1431 1714  1447 1789 1820 1902  701 753 1578 1773  1505 1616 1806 1920  1594 1640 1850 1889  1650 1666 1854 1859  545 571 1326 1589  1397 1591 1776 1897  1037 1507 1777 1895  736 808 1601 1838  237 1219 1220 1454  1184 1506 1653 1717  1046 1062 1084 1086  1643 1906 1908 1922  1023 1046 1062 1070  812 827 907 1817  134 204 1458 1493  53 129 1290 1497  1484 1515 1736 1822  646 664 682 720  984 990 994 1566  246 285 1319 1715  1026 1031 1043 1490  718 733 1755 1877  454 481 513 1699  768 788 1619 1839  637 1677 1684 1926  1023 1046 1070 1092  885 1489 1723 1781  53 129 1292 1497  1007 1025 1638 1895  1007 1507 1638 1895  981 992 1254 1462  490 505 1152 1460  1531 1601 1619 1862  48 1289 1515 1855  566 616 632 1640  1309 1429 1656 1788  464 524 1623 1799  1481 1736 1822 1827  211 214 1396 1573  938 956 980 1739  947 952 979 985  493 525 1831 1893  493 525 580 1893  450 470 1136 1558  451 1509 1623 1810  105 108 1612 1759  933 982 1665 1690  745 755 1267 1552  402 414 1501 1757  493 1698 1831 1893  696 740 746 1773  1138 1256 1565 1699  524 567 1623 1799  2 6 28 1373  973 1144 1631 1771  319 410 424 1810  1639 1786 1848 1856  971 1535 1638 1776  413 431 477 1719  1220 1414 1530 1600  1435 1480 1644 1752  493 580 1698 1893  1088 1089 1639 1691  171 197 1551 1586  452 501 1324 1537  406 1439 1451 1642  213 326 1321 1551  486 1442 1650 1737  62 67 84 1736  1709 1868 1869 1939  1822 1857 1933 1939  479 1323 1380 1431  1394 1447 1634 1712  499 1719 1768 1879  1093 1116 1117 1370  494 529 1163 1564  180 1314 1633 1788  245 1151 1181 1488  1055 1079 1241 1690  1452 1499 1670 1756  451 1509 1623 1825  27 31 36 1595  71 82 85 1588  1643 1824 1906 1908  346 393 1135 1799  336 395 452 1699  273 297 1757 1885  1459 1503 1738 1743  1868 1929 1933 1939  238 247 262 1672  1506 1649 1653 1717  1463 1541 1869 1939  1022 1036 1143 1511  416 438 515 1732  1498 1814 1824 1897  219 225 239 1727  111 1302 1304 1633  188 248 284 1713  696 701 1578 1773  980 1001 1202 1739  1548 1838 1865 1924  178 1539 1585 1808  723 751 1331 1772  1548 1847 1922 1924  1832 1847 1922 1924  951 993 1142 1665  501 1328 1537 1699  1478 1514 1722 1849  501 507 1256 1699  501 1256 1565 1699  1567 1668 1860 1914  1046 1070 1086 1092  1000 1015 1143 1608  431 443 1540 1831  1684 1865 1890 1924  648 675 691 1839  1410 1574 1606 1617  1403 1543 1560 1794  610 612 1850 1892  950 993 1665 1690  1046 1084 1086 1105  263 302 1426 1622  480 535 574 1852  1082 1101 1187 1775  1046 1086 1092 1105  525 592 619 1520  610 631 1850 1892  76 77 123 1604  846 847 1425 1492  267 283 1523 1699  671 702 741 1724  960 1142 1185 1544  106 124 1162 1660  1527 1611 1790 1851  1001 1008 1202 1734  230 232 1199 1751  630 639 645 1790  889 915 922 947  250 321 1197 1500  1043 1050 1455 1754  231 237 1219 1454  1640 1850 1889 1937  188 205 1496 1787  575 612 1594 1850  1422 1542 1613 1921  812 828 851 1598  770 878 1473 1630  21 45 1190 1575  642 1579 1842 1892  375 412 420 1878  808 854 899 1942  610 612 631 1892  1583 1584 1661 1778  977 987 1786 1856  523 530 541 1721  524 567 598 1532  1481 1553 1736 1753  21 45 1286 1575  768 808 854 1862  1394 1447 1557 1712  450 474 1136 1558  730 744 778 1700  592 619 1520 1891  700 1531 1601 1619  975 1009 1015 1608  383 402 1501 1757  514 519 1561 1670  91 101 106 1660  770 798 1331 1630  1031 1043 1490 1754  683 726 1580 1819  322 1509 1637 1747  923 938 952 983  661 682 702 720  840 850 1343 1571  840 850 1148 1571  131 140 194 1751  859 1155 1592 1630  768 788 1619 1862  672 733 781 1882  1038 1055 1241 1690  949 963 986 1004  1542 1617 1837 1931  1093 1116 1117 1372  481 1426 1565 1721  1108 1116 1367 1370  664 695 731 739  429 445 1726 1885  1401 1444 1528 1608  57 68 1287 1293  982 1040 1352 1690  474 514 536 1670  1392 1709 1929 1939  1452 1499 1561 1670  675 691 788 1839  1394 1704 1787 1901  924 955 1350 1658  993 1038 1185 1690  792 806 1783 1884  903 910 1348 1473  670 1838 1865 1924  1050 1169 1455 1457  465 481 1203 1426  894 946 968 1535  463 499 539 1879  71 1154 1588 1812  1319 1431 1602 1715  326 344 1321 1488  88 1559 1628 1740  1391 1407 1408 1453  1475 1591 1760 1897  407 477 499 1719  1448 1475 1664 1760  458 467 538 1860  1502 1507 1814 1895  363 381 1145 1763  718 762 1498 1877  105 122 127 1759  1412 1485 1495 1713  82 1545 1588 1759  1241 1441 1482 1690  1424 1507 1508 1610  451 491 522 1623  919 934 1212 1505  1061 1065 1068 1607  149 1194 1465 1644  997 1029 1051 1701  454 481 1523 1699  1822 1901 1930 1939  156 184 1556 1686  329 357 405 1767  241 1314 1725 1788  920 944 1263 1817  164 1309 1429 1656  901 922 947 1781  93 106 1660 1742  1520 1579 1891 1892  367 398 1708 1816  222 260 290 1636  79 91 93 1660  343 393 1135 1799  1061 1065 1218 1607  878 1156 1473 1630  1412 1706 1708 1713  1093 1118 1121 1367  565 1447 1629 1634  1058 1075 1095 1366  1677 1684 1838 1865  250 264 294 341  1264 1476 1597 1780  1008 1010 1361 1599  1071 1166 1457 1570  505 1152 1460 1537  137 150 1483 1556  970 1188 1566 1739  712 770 1592 1630  859 867 873 1630  104 108 1235 1612  379 1380 1431 1694  86 1154 1588 1812  876 948 1344 1562  979 1186 1608 1781  1647 1698 1831 1893  684 714 724 1619  367 1237 1708 1713  400 430 449 1828  260 1464 1622 1727  370 376 512 1648  969 1508 1631 1771  770 822 878 1630  813 820 865 1692  486 543 574 1572  32 37 69 1628  1093 1116 1121 1367  1481 1553 1736 1822  1487 1807 1865 1893  155 176 1586 1686  852 1336 1349 1571  740 742 791 1578  994 1403 1472 1780  308 415 1549 1793  753 773 847 1510  517 540 1721 1729  1064 1364 1432 1582  1821 1859 1927 1931  1064 1270 1271 1570  1052 1217 1218 1504  692 715 717 1591  525 1520 1831 1893  532 546 551 1729  698 768 808 1601  609 618 630 1611  1438 1669 1786 1863  937 967 1188 1680  165 207 1495 1713  867 1440 1630 1779  722 759 785 786  215 220 1500 1576  97 1434 1559 1740  362 1317 1549 1676  964 1017 1161 1544  1824 1896 1905 1944  237 275 1220 1667  1405 1704 1706 1803  1450 1603 1675 1840  619 1520 1891 1893  941 948 1002 1678  850 852 908 1571  1469 1533 1612 1914  965 1413 1468 1513  95 110 136 1753  19 1434 1595 1617  632 1850 1892 1938  128 1465 1584 1796  778 830 857 1552  155 1586 1686 1733  478 507 1152 1699  1026 1546 1599 1734  115 127 1612 1796  1567 1889 1933 1948  917 964 972 1795  605 610 1532 1697  923 983 985 1723  514 519 546 1561  565 586 1447 1634  526 565 578 1629  861 1832 1841 1875  1418 1505 1806 1920  948 968 1344 1678  338 380 426 1854  1420 1540 1831 1879  1055 1066 1096 1690  1171 1446 1573 1767  522 527 562 1825  789 841 1592 1745  196 1427 1837 1844  1821 1833 1900 1927  1344 1421 1562 1678  351 405 407 1719  47 80 102 1285  727 819 839 1785  1443 1605 1847 1923  1424 1507 1577 1610  86 93 1242 1742  608 622 634 1572  627 631 1697 1761  1556 1573 1596 1626  169 221 1173 1813  969 978 1350 1771  20 47 78 1285  317 1613 1829 1844  281 1135 1596 1663  297 445 1757 1885  1396 1474 1728 1751  319 322 1509 1810  914 962 1776 1809  443 1477 1540 1831  933 961 1406 1690  769 812 828 1641  732 735 764 1664  1538 1753 1887 1901  1541 1707 1710 1712  507 1152 1537 1699  759 785 1673 1743  1009 1489 1590 1608  733 781 1693 1882  1647 1851 1852 1926  1009 1010 1186 1723  22 26 41 1617  747 1266 1448 1760  266 318 1663 1747  402 429 445 1757  974 995 1353 1528  433 474 1558 1888  186 231 1409 1454  433 1398 1558 1888  339 355 1762 1791  1431 1694 1708 1815  1393 1783 1884 1898  721 1257 1627 1675  611 615 637 1677  1055 1079 1096 1690  816 833 1209 1563  4 8 15 1740  921 956 970 1739  901 922 947 952  153 1529 1696 1718  985 1010 1186 1723  744 745 1552 1700  966 984 1125 1780  1400 1419 1432 1536  462 508 1789 1902  64 74 87 1758  1433 1569 1571 1683  1402 1789 1820 1902  1443 1643 1824 1908  1409 1454 1530 1820  121 155 156 1686  1449 1550 1657 1720  1392 1399 1709 1833  245 257 1312 1488  220 250 265 1500  1406 1482 1544 1690  1421 1562 1678 1840  115 118 1235 1796  1402 1414 1789 1820  733 781 790 1693  597 618 626 1746  504 1273 1274 1460  258 286 329 1767  11 51 1283 1284  788 838 854 1862  611 634 637 1677  563 573 606 1518  738 839 848 1785  381 410 1637 1763  624 633 634 647  152 170 1494 1620  929 951 1142 1665  1449 1550 1657 1900  662 681 692 693  95 1553 1736 1753  1398 1452 1558 1888  1397 1450 1824 1943  638 653 683 1761  163 1150 1585 1661  486 574 1572 1852  327 1435 1576 1614  925 943 1347 1597  79 86 93 1742  1220 1414 1600 1667  21 98 1190 1575  193 268 278 1666  474 1452 1558 1888  0 4 8 15  454 478 513 1699  111 142 1304 1550  1746 1868 1871 1872  279 1521 1829 1844  311 1230 1246 1500  1396 1415 1456 1864  11 42 51 1284  433 474 482 1888  1398 1452 1558 1727  642 644 677 708  583 1463 1746 1872  725 749 1267 1448  1428 1538 1660 1904  1443 1908 1919 1922  490 1460 1726 1907  660 1807 1891 1917  402 1672 1757 1784  257 288 1488 1763  1053 1093 1519 1689  334 348 441 1499  890 945 1346 1563  1474 1521 1671 1682  34 1184 1649 1717  280 329 357 1767  634 643 647 659  317 403 404 1829  356 375 381 1637  1437 1659 1858 1903  437 533 1721 1729  668 1178 1745 1805  1548 1601 1766 1838  467 485 566 1800  1502 1546 1625 1692  1403 1507 1615 1631  1076 1113 1114 1681  26 35 1542 1617  645 663 1618 1684  141 152 1494 1696  1076 1093 1120 1519  643 647 648 1838  320 1314 1319 1602  47 80 99 102  217 233 252 1728  462 508 526 1940  1605 1842 1923 1945  928 1462 1581 1770  762 787 1577 1877  94 148 1295 1656  339 1318 1524 1762  859 1592 1630 1779  576 591 596 1634  1404 1533 1733 1911  117 124 153 1696  1404 1480 1584 1632  1108 1118 1121 1367  208 1604 1728 1751  1449 1515 1606 1720  1030 1031 1260 1754  961 1011 1441 1690  408 463 539 1768  349 383 1501 1672  495 528 1828 1907  121 156 1483 1912  258 280 1415 1767  533 540 1721 1729  1161 1185 1482 1544  670 736 1548 1838  97 1635 1740 1811  98 1427 1497 1575  292 312 408 1767  119 135 1153 1584  432 450 1245 1451  404 480 486 1852  1447 1463 1629 1634  176 1586 1686 1747  152 170 1150 1620  909 934 1198 1806  536 1561 1589 1789  195 1445 1454 1718  1703 1707 1710 1803  1402 1494 1823 1904  636 637 663 667  700 724 1531 1619  1396 1474 1671 1682  533 540 544 1721  1402 1696 1718 1904  1442 1534 1852 1947  134 160 1493 1716  1217 1251 1455 1504  599 623 1527 1611  1361 1490 1590 1599  740 1425 1569 1773  368 383 1672 1784  683 1580 1819 1899  1167 1168 1555 1635  1703 1707 1801 1803  404 1534 1650 1852  256 266 318 1747  474 482 1452 1888  907 920 957 1598  647 659 1838 1839  430 449 1518 1828  675 686 706 709  618 630 639 1611  0 1 4 1811  1514 1587 1873 1925  710 727 839 1785  721 1330 1627 1675  115 127 132 1796  1391 1682 1910 1932  1034 1478 1535 1638  109 199 1173 1493  610 1520 1697 1850  401 415 1163 1793  903 939 1348 1425  427 433 482 1888  1517 1639 1655 1856  1419 1444 1511 1608  433 1398 1451 1867  514 536 1561 1670  1442 1527 1572 1685  759 864 1333 1673  813 865 1339 1692  486 543 1572 1737  297 316 1460 1726  642 658 1842 1892  632 658 1892 1938  1427 1474 1497 1717  780 815 863 1491  998 1354 1507 1631  1459 1730 1774 1863  243 253 313 1526  1403 1472 1479 1794  96 105 122 1759  690 1177 1724 1745  1108 1367 1370 1371  998 1149 1354 1631  1412 1485 1708 1713  1071 1270 1271 1570  1413 1468 1587 1748  928 963 981 1462  564 586 1383 1447  1394 1541 1704 1802  1397 1478 1535 1621  655 672 1618 1755  390 1423 1695 1712  867 881 1440 1630  1099 1441 1681 1775  1542 1613 1921 1931  605 627 631 1697  934 974 1351 1616  1447 1557 1634 1712  1437 1494 1823 1888  881 903 910 1473  392 471 1139 1486  1464 1620 1727 1888  13 1168 1205 1635  623 630 645 1790  508 537 1447 1789  1443 1618 1643 1755  412 419 458 1860  1102 1261 1262 1468  655 680 718 1755  817 840 1683 1794  1416 1477 1534 1830  885 1489 1599 1884  514 546 547 1561  122 127 144 1733  1090 1094 1129 1741  504 505 1460 1537  758 796 1209 1664  482 1452 1789 1888  378 382 1688 1867  840 871 1472 1794  1080 1160 1514 1587  1391 1826 1915 1916  1402 1494 1823 1888  856 877 885 1781  1420 1461 1594 1825  125 188 1645 1887  203 224 1208 1439  285 291 1210 1485  821 904 1475 1776  125 136 188 1887  1399 1710 1711 1714  273 297 303 1648  1463 1629 1930 1940  728 767 795 1603  1826 1845 1921 1928  980 983 1202 1739  197 257 1312 1488  1468 1513 1741 1748  36 46 1193 1653  888 942 1343 1680  291 1315 1485 1713  125 136 1753 1887  170 190 1227 1620  764 821 832 1332  1089 1517 1639 1655  667 688 711 1766  946 968 996 1535  1075 1096 1110 1112  212 244 275 1667  834 1578 1700 1764  1043 1251 1455 1504  1401 1528 1598 1608  318 322 396 1810  391 399 1565 1721  715 718 732 762  645 662 663 681  124 133 1162 1494  993 1142 1544 1665  313 1248 1249 1526  817 1543 1683 1794  1416 1534 1647 1698  1542 1613 1837 1931  1548 1684 1890 1924  202 1398 1585 1727  970 990 1566 1739  44 49 1374 1497  1031 1490 1590 1754  1212 1505 1616 1798  678 687 754 1805  287 414 434 1648  248 284 367 1713  1115 1175 1519 1674  1401 1419 1444 1470  976 981 1023 1769  1522 1524 1554 1602  192 1435 1576 1614  34 49 52 1717  1029 1364 1444 1470  186 231 249 1409  1399 1431 1554 1602  1003 1144 1149 1631  497 570 582 1731  504 505 1274 1460  1150 1494 1585 1620  515 524 1532 1732  1834 1909 1911 1912  133 152 1494 1661  686 706 734 776  592 1520 1697 1879  798 1473 1630 1772  1399 1405 1412 1803  1100 1103 1174 1655  114 129 183 1604  711 728 1257 1675  994 1403 1472 1566  795 868 876 1334  814 1339 1340 1560  137 1396 1556 1671  349 1230 1500 1576  372 1480 1632 1878  1527 1611 1709 1868  960 1161 1185 1544  1406 1503 1609 1730  187 213 1179 1526  944 979 1263 1781  430 453 563 1518  168 1614 1702 1808  1654 1730 1786 1886  134 204 1458 1628  282 386 434 1501  665 668 689 1177  339 1524 1762 1791  522 568 1461 1623  54 78 134 1716  1394 1541 1634 1712  1406 1544 1609 1795  1824 1905 1941 1944  1397 1421 1450 1840  1450 1531 1675 1840  520 581 1382 1518  351 1446 1719 1864  861 899 940 1749  942 1349 1571 1680  1396 1456 1728 1751  1019 1026 1201 1734  1399 1709 1711 1803  1502 1693 1814 1898  755 1266 1267 1760  225 239 1622 1727  653 657 727 1744  490 505 1275 1460  741 789 805 1745  557 1516 1624 1731  1410 1467 1559 1617  594 627 1697 1761  1640 1846 1871 1938  505 1274 1275 1460  1009 1010 1260 1590  356 1417 1488 1637  312 1171 1446 1573  828 851 856 1598  837 864 1333 1673  668 689 1177 1178  1487 1846 1890 1938  1051 1365 1470 1880  696 740 1578 1773  1019 1026 1035 1546  623 630 1611 1790  165 207 248 1713  1509 1663 1747 1810  760 778 830 1552  1449 1515 1606 1855  26 35 41 1617  1056 1065 1069 1722  721 728 1257 1675  1032 1039 1517 1681  724 767 772 1738  31 43 1542 1606  177 217 1474 1497  1106 1115 1280 1674  270 362 366 1676  840 1343 1472 1680  1064 1364 1365 1470  495 1648 1828 1907  1013 1032 1053 1519  368 378 406 1439  843 861 928 1875  1033 1034 1478 1535  1458 1549 1735 1870  55 56 1512 1646  1005 1042 1044 1662  16 32 37 1559  564 565 586 1447  871 1472 1566 1680  125 1645 1753 1887  156 1483 1556 1912  474 482 536 1670  906 917 1609 1795  841 859 1155 1592  1394 1538 1787 1887  842 906 917 1609  849 895 1609 1665  804 868 1338 1603  110 117 1538 1660  19 22 26 1617  1424 1448 1552 1563  990 1001 1566 1739  986 997 1351 1581  345 1417 1526 1644  1060 1166 1272 1432  1404 1465 1584 1796  1422 1427 1474 1717  242 1208 1642 1885  1400 1430 1432 1874  465 481 517 1756  1396 1671 1682 1910  1749 1873 1874 1941  1039 1104 1110 1681  40 50 1512 1653  223 1229 1637 1747  748 799 1652 1785  713 748 799 1785  199 227 1313 1813  460 487 560 1564  697 704 779 794  869 1340 1479 1794  1286 1375 1497 1575  367 398 484 1816  178 181 202 1585  219 1207 1208 1539  419 458 1659 1903  179 193 268 1835  148 1309 1656 1788  324 1141 1466 1651  749 760 1267 1552  1073 1078 1639 1654  993 1142 1185 1544  225 259 1622 1727  697 720 731 761  627 644 652 1744  131 140 1604 1751  249 1253 1409 1466  224 1208 1642 1885  881 910 1156 1473  448 506 553 1714  272 1415 1456 1751  1025 1034 1363 1722  402 429 1757 1885  224 242 1208 1885  552 576 591 1634  1411 1546 1814 1898  225 259 260 1727  53 66 1292 1497  110 143 1538 1753  1002 1005 1662 1678  896 1599 1723 1739  1421 1450 1603 1840  1404 1584 1632 1858  1399 1412 1431 1602  688 1450 1675 1766  1458 1525 1549 1813  677 1580 1785 1899  353 358 394 1126  562 1461 1532 1594  37 1559 1628 1740  1261 1468 1674 1691  70 94 1158 1467  161 183 208 1604  1069 1080 1368 1514  394 417 439 1126  1481 1553 1753 1901  851 856 1598 1781  754 766 1440 1510  319 337 424 1763  228 1525 1549 1813  202 1398 1539 1727  1418 1641 1899 1918  870 1479 1625 1734  1442 1527 1547 1685  41 1287 1574 1617  120 139 1296 1656  646 649 661 720  553 561 1547 1714  224 242 247 1885  207 1315 1495 1713  45 53 1190 1497  283 1523 1726 1885  1423 1466 1557 1651  1420 1594 1831 1889  1438 1654 1678 1730  712 1592 1630 1805  124 1494 1583 1904  905 923 938 983  302 1426 1499 1622  593 1516 1731 1737  345 356 375 1417  655 672 733 1755  301 336 1565 1699  1114 1115 1175 1519  1393 1419 1489 1490  543 574 607 1572  839 1198 1281 1806  767 795 1334 1603  114 183 1305 1604  261 283 1523 1885  1398 1439 1539 1808  785 810 1673 1743  85 105 108 1759  64 1291 1453 1512  1044 1049 1073 1654  326 344 1417 1488  1446 1556 1596 1909  325 434 1279 1648  600 1527 1547 1711  644 652 677 1744  430 516 563 1518  654 697 704 761  1041 1390 1754 1876  758 816 1209 1448  1237 1485 1694 1708  1030 1260 1590 1754  1533 1588 1612 1759  211 1396 1415 1573  1102 1106 1261 1674  315 353 394 1126  1104 1110 1119 1122  1516 1624 1735 1854  453 563 584 614  435 1523 1642 1885  429 435 1523 1885  431 477 1719 1831  444 495 512 1828  763 779 794 818  1106 1107 1192 1689  150 156 1483 1556  1474 1497 1717 1782  242 1523 1642 1885  242 261 1523 1885  1567 1800 1889 1935  148 180 1295 1788  1461 1532 1623 1799  374 381 410 1763  203 224 1439 1672  224 247 1784 1885  85 108 1300 1612  54 88 1628 1740  1302 1471 1679 1788  1014 1020 1189 1593  224 1642 1784 1885  1050 1455 1536 1754  285 291 1315 1715  790 1502 1693 1877  1846 1890 1923 1938  681 1213 1450 1627  259 276 334 1622  119 1162 1583 1661  183 230 232 1751  921 937 956 970  53 66 1190 1497  1567 1668 1800 1860  751 798 803 1772  34 36 1649 1653  527 562 612 1594  697 739 794 801  646 650 651 664  61 71 1588 1812  699 746 1231 1773  644 1580 1744 1899  492 555 560 570  1014 1019 1189 1593  806 856 1883 1884  186 1409 1718 1887  441 1499 1561 1729  108 115 127 1612  901 952 979 985  1039 1075 1110 1681  748 777 800 1652  1469 1533 1588 1836  651 664 676 720  236 1388 1389 1725  452 501 1537 1699  475 509 577 585  667 1548 1766 1838  1476 1543 1597 1780  697 731 739 794  689 704 805 1724  268 274 1666 1735  1468 1519 1655 1674  1706 1713 1787 1802  959 971 1007 1809  1414 1589 1636 1789  255 1613 1837 1844  77 83 1604 1782  1032 1076 1114 1519  820 845 1625 1692  84 95 1736 1753  270 362 1317 1676  1484 1588 1742 1812  1083 1087 1090 1587  1541 1707 1709 1711  1017 1038 1161 1482  426 489 1737 1854  312 1446 1573 1596  1474 1604 1728 1751  260 290 361 1636  901 947 952 979  104 1235 1612 1796  651 664 682 720  594 595 1697 1761  650 651 664 676  1393 1490 1884 1898  890 1346 1475 1563  750 805 831 841  228 1317 1525 1762  994 1014 1359 1593  276 302 1499 1622  1517 1654 1775 1886  43 60 1289 1606  937 942 967 1680  806 1783 1883 1884  625 627 641 1744  6 10 1168 1555  889 915 944 947  901 922 923 952  743 780 815 1491  85 108 1612 1759  106 1583 1660 1742  1906 1908 1922 1942  518 552 1557 1712  1317 1549 1676 1813  185 213 1311 1551  120 1307 1525 1687  236 1309 1429 1725  639 645 1618 1790  1065 1069 1368 1607  1428 1538 1553 1901  632 1640 1846 1938  227 1313 1379 1813  143 145 1538 1718  1397 1421 1535 1840  166 1180 1529 1696  320 350 1314 1725  360 362 487 1624  250 321 341 1197  888 908 937 942  1018 1048 1462 1769  742 782 791 1764  218 281 1596 1626  503 549 1561 1589  496 515 1532 1732  875 1345 1658 1764  1393 1489 1883 1884  197 1312 1488 1551  285 385 1210 1485  1423 1708 1713 1802  476 479 1714 1815  169 228 1813 1894  878 910 1156 1473  1006 1013 1053 1689  737 807 1819 1841  140 211 1415 1751  1477 1540 1682 1932  1481 1753 1787 1901  1078 1517 1654 1775  1397 1421 1491 1591  1420 1540 1864 1932  1393 1783 1883 1884  178 1585 1702 1808  193 1410 1666 1835  1006 1046 1053 1689  1424 1475 1563 1664  1498 1577 1591 1897  548 585 601 613  29 49 1374 1717  840 1472 1571 1683  169 228 270 1813  997 1027 1051 1701  919 1198 1281 1505  1008 1026 1201 1734  236 1388 1429 1725  760 809 830 1552  1668 1834 1911 1913  240 308 1549 1676  1408 1515 1826 1855  317 338 404 1859  412 419 1632 1659  1459 1562 1730 1863  749 1267 1448 1552  1097 1102 1262 1741  1411 1504 1607 1722  664 676 720 731  666 668 1177 1745  919 934 1198 1505  1394 1447 1463 1634  697 779 794 801  697 739 756 801  998 1003 1020 1593  322 396 418 1810  664 697 720 731  30 53 66 1190  1408 1484 1646 1826  855 876 941 1562  52 59 90 1758  981 992 1254 1276  1487 1647 1893 1937  1091 1092 1513 1689  560 570 579 1731  662 680 1498 1755  963 1004 1018 1462  29 1374 1575 1717  201 1315 1316 1495  627 644 1744 1761  436 1523 1558 1642  667 1601 1766 1838  1425 1433 1569 1597  563 606 617 620  654 664 697 720  1823 1902 1903 1940  1585 1620 1727 1888  1019 1546 1593 1734  1039 1441 1517 1681  261 283 297 1885  998 1003 1149 1631  798 803 1473 1772  1346 1475 1610 1809  994 1403 1631 1780  983 985 1008 1723  583 616 1746 1872  1640 1800 1889 1935  268 274 384 1735  1067 1085 1091 1880  1422 1542 1613 1837  231 249 1409 1454  1474 1521 1682 1728  929 1142 1544 1665  527 562 1594 1825  861 899 1749 1942  704 763 779 794  1404 1480 1632 1878  1405 1704 1706 1787  55 56 61 1646  1409 1423 1496 1651  635 1807 1865 1924  221 295 1379 1676  1054 1078 1082 1654  940 976 1006 1513  1438 1562 1730 1863  664 676 695 731  414 434 444 1648  1014 1359 1593 1734  679 1223 1510 1805  461 531 1522 1624  1475 1577 1760 1897  205 1496 1787 1887  498 1695 1712 1804  1695 1710 1712 1802  879 913 1336 1473  850 1147 1228 1571  33 1467 1559 1574  714 1619 1738 1743  1402 1494 1620 1696  410 1509 1763 1810  82 96 1545 1759  649 656 671 1724  55 1515 1646 1736  713 799 811 1785  779 794 801 818  43 60 63 1606  710 727 1580 1785  301 1426 1565 1699  1395 1522 1833 1866  188 1496 1713 1787  181 202 1585 1727  1405 1706 1713 1787  424 451 491 1810  1542 1606 1617 1931  236 241 1389 1725  576 1541 1634 1712  558 1705 1711 1714  1613 1650 1859 1927  1601 1643 1766 1906  1402 1494 1620 1888  264 282 386 1128  793 813 1502 1560  261 273 297 1885  55 65 1646 1736  382 1211 1632 1688  689 750 763 805  714 724 1619 1738  1021 1507 1593 1777  1051 1067 1770 1880  1060 1064 1432 1582  901 979 1723 1781  419 427 1867 1903  1232 1434 1555 1595  1417 1488 1586 1637  725 749 758 1448  743 780 1491 1591  390 498 1695 1816  1033 1056 1057 1478  647 659 684 1839  651 676 682 720  1452 1464 1636 1789  1440 1492 1630 1772  712 750 1178 1592  1078 1517 1639 1654  350 1524 1602 1725  2 6 51 1283  320 350 1602 1725  233 252 277 1728  1406 1441 1482 1690  964 972 1544 1795  1408 1826 1845 1855  57 1287 1293 1679  1400 1455 1457 1536  1478 1514 1848 1849  396 464 511 1623  408 496 539 1768  575 1640 1800 1935  1442 1527 1572 1852  625 653 1744 1761  247 261 273 1885  135 147 158 1702  397 446 1324 1537  707 1745 1779 1805  848 892 1505 1652  155 1686 1733 1759  390 1214 1423 1651  755 1424 1552 1615  342 345 1250 1480  879 910 913 1473  717 743 780 1591  945 1269 1563 1610  28 97 1635 1811  447 475 548 577  379 1319 1431 1602  456 502 1522 1554  1069 1074 1514 1849  1834 1910 1912 1916  625 638 653 1761  1435 1480 1688 1752  271 324 1141 1253  1398 1452 1727 1888  1413 1514 1873 1925  659 667 1601 1838  368 406 409 1784  770 822 853 878  812 1641 1652 1798  1442 1534 1650 1852  799 811 1652 1785  828 856 1489 1883  853 878 879 1337  810 866 886 1673  358 394 417 1126  1031 1361 1490 1590  806 828 856 1883  1463 1541 1634 1869  222 260 1464 1636  507 1328 1537 1699  213 1311 1488 1551  167 1179 1417 1551  461 531 557 1624  1693 1814 1877 1896  202 209 225 1727  1396 1415 1446 1864  737 757 843 1841  828 1598 1641 1883  1417 1465 1586 1765  715 1498 1591 1760  868 894 1338 1568  809 830 880 1552  340 368 378 1614  315 353 358 1126  711 767 1531 1675  1043 1455 1490 1754  763 818 822 831  264 386 1197 1501  221 1379 1676 1813  763 794 818 831  750 763 805 831  828 1489 1598 1883  77 123 131 1604  1494 1585 1620 1888  1064 1365 1470 1880  223 256 1229 1747  704 794 805 831  704 763 805 831  704 763 794 831  1638 1776 1809 1897  452 501 1565 1699  548 577 613 614  1413 1749 1848 1873  852 897 908 927  852 897 913 927  852 879 897 913  1422 1653 1845 1855  525 619 1520 1893  338 404 1650 1859  705 752 771 1578  411 429 435 1885  908 927 942 1349  709 714 765 1738  803 852 1147 1336  852 913 1336 1349  852 913 927 1349  297 445 1757 1907  592 640 1761 1891  654 697 720 761  112 1301 1742 1778  965 1413 1513 1748  1468 1519 1655 1856  989 1354 1507 1610  17 19 1232 1595  905 923 983 1723  328 1244 1466 1530  1023 1063 1092 1769  1783 1896 1898 1944  184 216 1556 1626  1402 1464 1789 1888  33 70 1159 1467  105 1533 1612 1759  352 417 439 1126  247 262 1672 1757  484 498 1804 1816  558 590 599 1711  448 1431 1554 1714  646 661 682 720  797 1433 1569 1571  669 713 1580 1785  1475 1776 1809 1897  846 1425 1578 1773  1302 1471 1633 1788  750 831 841 858  881 1156 1473 1630  965 1413 1861 1881  554 559 571 1589  767 772 855 1738  1348 1433 1473 1492  936 1345 1658 1764  852 908 927 1349  328 422 1244 1466  113 142 1550 1645  603 615 623 1527  350 1389 1524 1725  1429 1524 1602 1725  649 661 702 720  320 1314 1602 1725  1442 1709 1853 1929  1405 1412 1602 1715  1581 1841 1843 1875  1443 1908 1919 1944  649 702 720 761  649 654 720 761  646 654 664 720  1403 1543 1560 1615  843 928 1581 1875  15 28 88 1811  9 1132 1167 1635  948 968 1005 1678  190 209 222 1464  1085 1094 1098 1741  733 1693 1877 1882  1075 1109 1195 1369  92 1294 1550 1720  1400 1457 1514 1607  73 75 79 1812  0 4 15 1811  1420 1834 1889 1932  1484 1553 1736 1812  1307 1525 1687 1894  1455 1490 1536 1898  1513 1770 1880 1881  6 10 51 1555  10 1284 1555 1797  383 386 402 1501  1487 1647 1865 1926  65 75 1736 1812  755 1267 1448 1760  666 690 1177 1745  1581 1701 1843 1936  1641 1842 1883 1918  1006 1023 1046 1513  774 804 868 1603  878 879 1336 1473  1057 1478 1722 1849  498 556 576 1712  1326 1383 1447 1557  675 709 1619 1743  708 748 777 1785  510 534 1273 1750  120 1296 1467 1687  578 583 597 1629  562 610 1594 1697  1094 1098 1102 1741  1410 1471 1821 1934  733 1755 1877 1882  670 736 1548 1924  732 1475 1664 1760  878 879 910 1473  1484 1553 1742 1812  240 1458 1493 1813  351 1446 1456 1767  502 1522 1554 1866  1605 1842 1917 1918  371 1140 1141 1651  670 736 757 1832  618 639 1611 1746  162 1194 1644 1752  221 270 1676 1813  449 520 1325 1518  1084 1105 1108 1689  1484 1515 1822 1826  733 790 1693 1877  1017 1161 1482 1544  740 1425 1578 1773  755 783 1615 1760  1601 1862 1906 1942  1458 1467 1835 1934  129 161 1497 1782  1429 1602 1725 1788  1407 1453 1483 1671  305 1426 1565 1721  1315 1485 1495 1713  1392 1853 1929 1946  948 1344 1562 1678  215 220 1435 1576  1476 1508 1552 1658  1226 1441 1482 1775  1478 1848 1941 1943  343 1234 1799 1810  782 1236 1552 1615  689 805 1592 1724  342 345 1211 1480  905 983 1723 1739  1819 1899 1917 1918  31 40 1653 1855  81 1183 1288 1628  1443 1605 1783 1882  315 386 1215 1216  1421 1535 1568 1776  723 1222 1224 1440  297 445 1726 1907  672 733 1755 1882  327 1248 1435 1576  251 255 1837 1844  1475 1577 1610 1897  721 743 1330 1627  875 1341 1345 1764  409 1439 1642 1784  1192 1513 1674 1741  1502 1577 1814 1877  1704 1706 1787 1802  201 207 1315 1495  1402 1464 1529 1620  284 1214 1496 1713  965 1413 1856 1861  965 1513 1748 1881  675 706 709 1743  1093 1116 1367 1370  79 1553 1736 1812  382 419 427 1867  624 633 647 648  1072 1639 1849 1925  360 362 1624 1762  378 1614 1688 1867  940 965 1513 1881  913 932 1349 1473  865 1339 1479 1692  593 1137 1516 1731  1749 1832 1908 1919  119 1240 1584 1778  248 291 367 1713  90 140 1604 1671  499 592 1697 1879  594 627 1532 1697  940 965 1861 1881  580 1647 1698 1893  99 154 174 1298  994 1359 1403 1566  20 24 47 78  755 1424 1448 1760  154 174 1298 1299  1393 1401 1489 1883  1084 1108 1367 1689  293 351 364 1456  1477 1534 1830 1928  318 343 396 1810  14 37 39 1628  1400 1457 1570 1873  482 536 1452 1670  907 920 1598 1817  1639 1654 1786 1856  88 97 179 1559  1036 1362 1511 1876  361 388 503 1636  1481 1550 1720 1827  445 490 1726 1907  1044 1073 1662 1849  356 381 1145 1488  1067 1513 1770 1880  169 221 270 1813  1594 1800 1825 1913  698 768 1601 1839  272 1255 1415 1456  910 913 932 1473  1152 1460 1537 1726  98 1427 1575 1797  1413 1749 1861 1881  698 736 808 1838  408 1596 1732 1768  871 1472 1566 1794  63 1606 1657 1720  1413 1748 1749 1881  368 383 409 1784  1419 1444 1489 1608  61 1134 1646 1812  635 660 670 1924  373 1273 1460 1537  765 784 835 1503  1515 1826 1855 1921  825 834 1578 1700  272 286 1255 1415  785 786 864 1673  486 1442 1650 1852  129 1243 1497 1782  1416 1477 1889 1937  207 248 291 1713  780 1332 1491 1591  1107 1192 1513 1689  765 784 1503 1743  562 1461 1594 1825  535 580 1647 1698  1139 1164 1486 1600  795 868 1334 1603  769 1605 1842 1883  955 973 978 1771  448 479 553 1714  436 465 1204 1558  1567 1857 1872 1933  1067 1091 1513 1880  1404 1668 1878 1914  1085 1091 1513 1880  484 556 558 1705  499 595 1697 1879  453 512 569 1828  57 63 100 1657  266 281 1626 1663  241 1314 1389 1725  55 67 1515 1736  539 595 1697 1879  988 1000 1444 1608  954 1354 1508 1610  543 582 602 607  958 967 1125 1680  953 1212 1616 1798  125 165 188 1645  1002 1012 1654 1678  1424 1508 1552 1615  1421 1491 1591 1776  499 539 595 1879  675 706 1619 1743  1266 1267 1448 1760  4 7 1740 1811  327 1246 1247 1576  1040 1058 1366 1690  723 1440 1630 1772  1237 1485 1708 1713  953 974 1353 1616  1087 1090 1097 1587  722 785 1265 1743  140 211 1396 1415  618 626 639 655  1556 1864 1909 1910  1413 1468 1587 1691  882 1133 1491 1568  777 800 812 1652  379 385 1485 1694  20 24 54 78  120 130 1687 1894  1443 1605 1847 1919  1463 1868 1869 1939  228 1307 1525 1894  1703 1710 1714 1804  1458 1467 1628 1687  1614 1688 1702 1867  1118 1120 1121 1689  1097 1262 1691 1741  419 458 1659 1860  1186 1489 1608 1781  1085 1513 1741 1748  890 1475 1563 1664  1533 1686 1733 1759  815 863 882 1491  976 1006 1023 1513  605 627 1532 1697  88 97 1740 1811  409 436 450 1451  1391 1477 1521 1682  865 870 1479 1692  593 608 622 1737  1420 1719 1768 1864  477 592 1831 1879  1395 1554 1602 1833  196 226 251 1844  117 145 1538 1696  6 28 1373 1811  588 594 627 1532  89 1297 1483 1545  576 590 1541 1634  477 1719 1831 1879  106 1301 1583 1742  301 305 1426 1565  843 1581 1841 1875  8 12 20 24  1396 1456 1682 1864  115 1377 1465 1796  49 1374 1497 1717  6 1132 1167 1635  219 242 1426 1539  429 445 1757 1885  812 907 1798 1817  112 119 1301 1778  370 453 512 1828  12 20 24 54  60 62 92 1720  1080 1083 1160 1587  251 279 317 1844  1027 1462 1701 1770  1475 1591 1776 1897  1481 1553 1822 1901  342 382 1211 1688  249 1409 1454 1466  75 79 1736 1812  765 835 842 1503  773 836 847 1510  1490 1599 1625 1884  229 256 266 1747  58 1467 1628 1687  402 414 445 1757  900 936 1345 1347  1393 1605 1783 1883  593 602 622 1737  1429 1522 1524 1762  144 151 176 1586  967 984 1125 1680  887 900 1425 1764  1411 1777 1814 1895  1436 1509 1637 1747  1427 1497 1575 1717  331 1164 1244 1530  137 140 214 1396  1461 1732 1768 1879  1420 1831 1889 1932  1081 1083 1570 1748  675 788 1619 1839  759 785 1265 1743  327 1247 1248 1576  1416 1640 1889 1937  107 137 150 1483  203 1206 1207 1808  10 23 1284 1797  694 712 770 1630  223 1586 1637 1747  881 1440 1492 1630  855 917 1562 1795  52 1184 1506 1717  906 960 964 1795  752 771 825 1578  1075 1096 1441 1681  1532 1732 1768 1879  80 99 102 1298  1461 1532 1732 1879  1344 1421 1535 1678  968 1005 1356 1678  1416 1647 1851 1947  789 823 1592 1779  819 839 1198 1806  1234 1623 1799 1810  348 365 437 1499  859 1131 1630 1779  15 88 1740 1811  1404 1465 1480 1584  645 662 663 1643  492 570 1564 1731  639 655 1618 1846  562 610 1532 1697  1487 1647 1865 1893  326 1417 1488 1551  820 845 870 1692  1602 1633 1715 1788  355 360 1322 1762  188 1645 1713 1787  221 295 309 1676  412 1632 1659 1878  1 4 7 1811  377 472 494 1564  515 524 588 1532  1351 1581 1616 1806  1011 1058 1366 1690  1036 1511 1590 1608  1666 1835 1870 1934  1401 1444 1470 1701  1011 1040 1058 1690  1459 1503 1562 1730  313 1247 1248 1526  119 133 1153 1661  1001 1202 1734 1739  347 1477 1698 1829  305 1426 1499 1721  1413 1587 1748 1873  73 86 1154 1812  146 158 1584 1752  723 1440 1492 1772  749 809 816 1448  93 112 1301 1742  814 829 1340 1560  572 593 1516 1737  398 1694 1815 1816  1420 1461 1594 1879  193 268 1666 1835  242 1426 1523 1642  392 1139 1320 1600  533 540 551 1729  1405 1481 1645 1704  128 135 146 1584  1402 1414 1464 1789  534 1273 1274 1750  1567 1889 1933 1935  1102 1261 1468 1741  432 433 1451 1558  39 1288 1628 1716  1351 1581 1616 1701  1002 1654 1662 1678  1404 1465 1733 1796  166 1310 1378 1529  122 127 1533 1733  799 844 874 1652  1047 1169 1272 1582  1832 1908 1919 1922  674 675 1619 1839  515 588 594 1532  543 602 607 622  296 1458 1549 1735  574 607 622 624  171 1417 1465 1586  87 90 137 1671  1449 1606 1657 1720  942 958 1127 1680  129 161 1292 1497  1393 1401 1843 1883  32 1467 1559 1628  1706 1707 1801 1803  1461 1532 1594 1879  392 471 1486 1589  1433 1571 1680 1683  1194 1480 1644 1752  835 1503 1609 1673  1397 1478 1638 1905  46 1506 1512 1653  1484 1515 1646 1736  1306 1377 1465 1796  624 643 647 648  346 416 438 1732  61 1512 1588 1646  129 161 183 1604  241 320 350 1314  807 883 898 1806  1824 1908 1941 1943  1407 1483 1910 1912  662 681 692 1498  526 538 583 1872  286 351 1255 1415  890 893 1269 1563  996 1024 1033 1535  1081 1085 1741 1748  827 920 1130 1817  857 1552 1658 1700  312 346 416 1732  110 136 143 1753  1393 1400 1536 1898  729 732 764 1664  343 1663 1799 1810  222 1464 1636 1667  350 1524 1554 1602  1567 1659 1836 1857  1695 1703 1710 1804  1397 1450 1498 1824  607 624 633 648  1468 1587 1741 1748  723 770 1331 1630  1120 1121 1519 1689  880 1268 1342 1508  719 742 1578 1700  597 1463 1629 1746  1091 1092 1513 1769  200 1308 1429 1525  981 1254 1462 1769  1261 1468 1674 1741  1605 1841 1917 1918  183 208 1604 1751  375 1417 1765 1878  345 375 1417 1878  562 1532 1594 1697  1436 1509 1637 1765  519 1561 1670 1756  440 502 531 1522  104 118 1303 1796  868 1344 1562 1568  1051 1067 1085 1880  602 607 622 633  1262 1468 1691 1741  655 718 733 1755  498 556 1705 1712  906 917 964 1795  1407 1453 1545 1588  123 189 1305 1604  1442 1527 1852 1947  406 409 1451 1642  1703 1804 1815 1816  631 1520 1697 1761  200 228 1429 1525  1397 1450 1591 1627  711 728 767 1675  280 292 357 1767  1452 1558 1622 1727  383 402 1672 1784  917 941 972 1795  888 937 1188 1680  625 641 657 1744  433 1398 1451 1558  812 851 1598 1817  925 939 943 1597  1399 1412 1431 1703  953 988 1353 1616  6 1167 1555 1635  732 747 762 1760  288 1151 1488 1763  44 45 1497 1782  305 335 391 1565  1027 1067 1462 1770  891 950 951 1665  1695 1703 1708 1801  543 622 1572 1737  950 982 1665 1690  285 1319 1485 1715  953 974 1212 1616  1494 1583 1823 1904  404 480 1534 1852  52 83 90 1474  1472 1543 1597 1683  1426 1539 1558 1642  68 94 1158 1295  226 279 1521 1844  474 482 1452 1670  1403 1476 1543 1615  536 537 1589 1789  79 93 1660 1742  1502 1507 1546 1777  319 1509 1763 1810  211 214 1172 1573  995 1358 1385 1528  137 191 214 1573  576 590 1541 1705  787 1502 1577 1877  1404 1584 1778 1858  412 1659 1860 1878  195 237 1445 1454  384 387 492 1564  240 296 377 1549  852 879 913 1336  607 622 624 633  275 331 1220 1667  870 1599 1625 1884  859 873 1155 1630  940 1770 1875 1881  1424 1448 1475 1760  979 1186 1723 1781  440 461 1322 1791  414 444 445 1648  92 111 142 1550  324 371 422 1651  111 1294 1550 1657  918 936 1345 1658  1450 1498 1591 1627  1028 1364 1444 1511  275 331 1320 1667  9 1167 1168 1635  149 1417 1465 1644  161 177 217 1497  1067 1091 1513 1770  287 303 1279 1648  1669 1906 1908 1943  471 500 554 1589  1402 1529 1696 1718  1106 1192 1674 1741  422 1244 1466 1557  137 140 1396 1671  1443 1783 1896 1944  1461 1532 1732 1799  199 221 295 1379  1659 1668 1860 1878  1461 1596 1663 1799  240 1549 1676 1813  1452 1558 1670 1756  1520 1807 1891 1892  1078 1082 1103 1517  170 1180 1494 1620  553 1547 1554 1866  299 308 415 1676  603 615 623 636  856 1489 1883 1884  179 204 274 1835  759 785 786 1673  1476 1508 1631 1771  12 20 38 1716  553 587 1547 1866  622 624 633 634  37 39 81 1628  975 1000 1015 1608  197 1488 1586 1637  649 702 761 1724  1048 1063 1254 1769  412 1668 1860 1878  411 1642 1784 1885  1096 1099 1441 1681  245 1181 1311 1488  314 352 369 434  1392 1822 1827 1946  373 446 1273 1537  340 1230 1246 1576  1527 1547 1709 1711  904 914 971 1809  968 1344 1535 1678  600 603 623 636  1414 1486 1557 1600  1421 1562 1603 1840  339 1388 1389 1524  436 1451 1558 1642  674 684 714 1619  1402 1445 1718 1820  137 191 1556 1573  1254 1276 1357 1360  38 1285 1288 1716  1842 1899 1917 1918  812 1598 1798 1817  200 1307 1308 1525  1012 1017 1054 1482  98 161 177 1497  1468 1513 1519 1674  849 891 929 1665  635 660 1807 1924  360 1322 1624 1762  728 774 1330 1603  686 734 1265 1743  1414 1445 1454 1667  586 591 1383 1557  902 905 1566 1739  1548 1618 1684 1890  481 513 1565 1721  729 732 747 1448  41 1158 1159 1574  1404 1465 1586 1765  52 59 1506 1758  152 163 1150 1661  1198 1281 1505 1806  772 855 1503 1738  624 634 643 647  518 552 586 591  240 1458 1549 1813  674 675 709 1619  1158 1467 1574 1679  27 31 35 1542  759 786 837 864  128 1584 1778 1796  306 344 1259 1321  643 1677 1838 1865  44 1286 1375 1497  373 400 428 1750  1364 1444 1470 1511  319 322 1637 1747  296 377 387 1735  456 506 542 1554  146 1480 1584 1752  247 262 273 1757  465 1426 1558 1756  483 488 541 1721  65 67 75 1736  222 244 290 1667  326 1249 1250 1526  392 1486 1600 1667  1061 1218 1455 1607  59 1184 1193 1506  856 885 1489 1884  74 1376 1453 1545  513 530 1565 1721  630 639 645 662  1402 1538 1718 1820  1023 1092 1513 1769  867 1131 1630 1779  492 497 570 1731  1834 1889 1932 1948  1396 1556 1864 1910  974 995 1225 1528  530 541 544 1721  269 355 360 1318  1394 1447 1463 1629  745 782 1552 1700  363 374 381 1763  1452 1499 1561 1622  435 436 1204 1523  1677 1684 1865 1926  1073 1639 1662 1849  637 667 1684 1838  228 1317 1525 1549  365 437 488 1721  1411 1814 1898 1905  1404 1465 1765 1878  1487 1611 1790 1851  1081 1085 1748 1880  966 973 1264 1780  518 552 591 1557  749 809 1448 1552  791 817 1543 1683  293 333 364 1682  1220 1414 1454 1530  1078 1089 1103 1517  971 1007 1025 1638  241 350 1314 1389  1458 1525 1656 1687  890 1335 1563 1664  97 116 1434 1555  472 494 555 1564  1413 1848 1856 1861  128 149 1306 1465  709 765 1738 1743  1419 1511 1590 1608  1469 1533 1588 1612  71 85 1154 1588  1039 1075 1441 1681  824 827 844 872  1307 1308 1525 1656  474 1452 1558 1670  154 1298 1299 1493  159 180 1495 1633  379 1319 1431 1694  1467 1471 1656 1679  189 1305 1604 1751  864 891 1665 1673  685 703 753 1510  1064 1430 1470 1880  892 1505 1652 1798  1011 1366 1441 1690  206 220 1435 1500  1005 1356 1662 1678  1004 1018 1048 1462  57 100 1293 1657  33 41 1574 1617  989 998 1354 1507  373 428 1460 1750  92 113 1550 1720  1695 1703 1804 1816  115 132 1465 1796  85 1300 1588 1612  1410 1467 1559 1835  2 5 51 1283  472 492 555 1564  384 1731 1735 1854  1412 1431 1694 1708  331 1139 1320 1600  458 1860 1872 1940  1091 1098 1192 1513  999 1025 1034 1638  19 25 27 1595  1225 1528 1616 1701  468 523 1256 1565  408 496 1732 1768  294 315 353 1216  719 730 742 1700  61 1453 1512 1588  149 171 1417 1465  153 166 1529 1696  1158 1159 1467 1574  1091 1513 1769 1770  852 908 1349 1571  256 319 322 1747  355 440 1322 1791  792 806 856 1884  709 765 784 1743  1029 1365 1470 1701  707 754 789 1779  1115 1118 1120 1689  1040 1055 1066 1690  1403 1502 1560 1692  1417 1465 1765 1878  1476 1543 1552 1615  350 425 456 1554  1105 1108 1118 1689  249 1238 1239 1454  124 1583 1660 1904  492 555 560 1564  21 42 98 1284  689 1177 1178 1724  1013 1413 1468 1856  612 632 658 1892  148 1295 1656 1788  1422 1542 1855 1921  1103 1114 1175 1655  743 1330 1491 1627  1694 1708 1815 1816  183 189 1305 1751  184 1556 1626 1686  708 1641 1842 1918  960 964 1161 1544  1440 1630 1779 1805  103 148 180 1295  330 392 469 1636  1405 1645 1704 1787  422 466 1244 1557  281 343 1135 1663  308 415 1549 1676  1344 1421 1562 1568  1066 1096 1366 1690  813 814 1339 1560  603 1527 1547 1685  46 50 64 1512  610 612 631 642  303 323 332 1648  4 15 1740 1811  944 975 979 1263  991 999 1034 1535  1102 1261 1674 1741  592 595 1697 1761  138 1306 1377 1465  893 1268 1269 1563  140 211 214 1396  312 346 1596 1732  564 1326 1383 1447  536 537 559 1589  301 305 335 1565  580 604 635 1865  232 293 1199 1456  1428 1583 1823 1858  39 81 1288 1628  467 1668 1800 1860  302 305 365 1721  1469 1583 1742 1778  335 391 399 1565  1436 1586 1637 1765  173 210 223 1747  632 672 716 1846  1417 1465 1480 1878  140 1396 1604 1751  971 999 1025 1638  1410 1471 1606 1679  850 1148 1228 1571  325 332 1279 1648  1407 1910 1912 1916  1210 1237 1485 1694  648 698 1838 1839  1410 1467 1835 1934  213 1181 1321 1488  936 1264 1476 1771  936 1476 1658 1771  2 6 11 1283  901 923 952 1723  7 9 1132 1811  1024 1042 1356 1621  532 546 1561 1729  904 1475 1776 1809  829 869 871 1794  29 1374 1375 1575  322 1509 1747 1810  881 1473 1492 1772  1031 1041 1390 1754  1433 1473 1492 1772  1669 1862 1906 1942  740 746 1146 1773  757 861 1832 1841  1437 1585 1702 1867  1428 1583 1660 1742  1605 1841 1847 1917  881 903 1473 1492  166 1227 1529 1620  487 1564 1624 1793  918 924 955 1658  1399 1431 1714 1815  708 769 1641 1842  696 699 746 1773  686 706 709 1743  148 241 1309 1314  371 390 1140 1651  765 1503 1738 1743  1061 1169 1272 1457  142 201 1304 1495  467 538 1860 1935  615 1527 1572 1685  246 320 1314 1319  485 566 575 1800  239 259 276 1622  963 986 1004 1462  610 631 1520 1697  350 425 1554 1602  101 110 117 1660  1483 1556 1910 1912  416 496 515 1732  916 1774 1862 1863  1105 1107 1118 1689  35 41 1287 1617  423 456 502 1522  1469 1612 1742 1778  1567 1659 1860 1914  1436 1668 1825 1913  622 624 634 1677  1416 1477 1534 1698  1068 1166 1272 1457  192 215 220 1435  104 112 1303 1778  764 796 832 1664  196 251 255 1837  723 1231 1440 1492  254 312 1171 1596  470 514 1136 1670  443 493 1698 1831  1487 1684 1790 1926  158 168 1702 1752  685 753 1510 1773  58 69 1628 1687  1449 1515 1720 1827  471 545 1486 1589  425 448 506 1554  1502 1507 1777 1895  867 873 881 1630  753 847 1510 1773  32 58 1467 1628  319 418 424 1810  51 98 1284 1797  883 898 949 1806  1446 1596 1767 1768  328 331 1244 1530  1463 1857 1930 1939  574 1572 1677 1852  471 545 554 1589  1395 1666 1870 1934  1036 1047 1362 1876  279 317 1829 1844  153 166 1378 1529  1502 1625 1692 1693  641 657 1157 1744  1468 1587 1691 1741  1480 1584 1702 1752  269 360 1318 1762  268 380 1666 1854  1093 1121 1519 1689  1541 1705 1710 1711  1416 1534 1647 1947  1438 1654 1662 1678  1073 1078 1089 1639  44 1374 1375 1497  83 1474 1604 1782  508 537 564 1447  4 7 14 1740  1514 1570 1587 1873  477 499 592 1879  1428 1822 1836 1857  486 1442 1572 1852  1479 1546 1625 1692  1647 1677 1865 1926  162 167 187 1644  1819 1841 1917 1918  597 1463 1629 1634  1007 1507 1610 1638  609 618 630 639  1542 1595 1649 1653  364 389 431 1540  749 760 809 1552  83 131 140 1604  1008 1026 1361 1734  800 827 907 1798  214 1171 1172 1573  72 74 89 1545  160 240 1493 1813  316 359 1460 1907  875 918 1345 1658  1409 1466 1496 1651  957 988 1598 1616  173 210 1586 1747  389 1477 1540 1682  1461 1623 1663 1799  151 173 176 1586  1437 1583 1823 1858  545 1326 1486 1589  1412 1485 1495 1715  265 321 1500 1792  334 441 442 1561  73 79 86 1742  817 829 871 1794  576 590 596 1634  928 981 1462 1770  203 1207 1208 1439  537 559 571 1589  343 393 1234 1799  487 560 579 1731  148 180 241 1314  230 234 1415 1751  615 623 636 1527  372 375 412 1878  1219 1220 1454 1530  135 1584 1661 1702  798 853 878 1337  1695 1706 1708 1801  1401 1581 1616 1701  1422 1427 1474 1728  770 798 853 878  1224 1231 1440 1773  32 33 1467 1559  770 798 878 1473  1503 1562 1609 1795  1080 1368 1514 1607  1520 1594 1697 1879  228 269 1525 1762  188 205 284 1496  518 586 591 1383  1433 1597 1680 1683  65 1646 1736 1812  485 527 575 1594  688 1450 1627 1675  299 308 401 415  939 958 1127 1680  736 1548 1832 1924  1437 1632 1659 1858  1517 1519 1655 1681  638 683 1579 1761  782 1476 1543 1552  755 1267 1448 1552  1100 1174 1261 1691  488 541 544 1721  270 309 366 1676  1115 1120 1519 1689  392 469 1589 1636  299 309 415 1676  1532 1594 1697 1879  1834 1909 1910 1932  1434 1555 1595 1797  295 299 309 415  513 540 544 1721  227 240 1676 1813  326 345 1417 1526  870 885 896 1599  147 163 1661 1702  1076 1104 1113 1681  290 330 388 1636  1409 1423 1466 1651  868 876 1344 1562  436 450 1451 1558  1394 1409 1423 1787  1269 1508 1563 1610  1396 1446 1556 1573  890 904 1475 1664  1442 1572 1685 1737  110 1538 1553 1753  565 578 1629 1634  229 266 1626 1747  35 57 1287 1606  218 1556 1573 1626  70 94 1296 1467  1521 1829 1844 1845  1050 1169 1170 1536  187 206 1435 1526  916 1774 1786 1886  1008 1202 1723 1739  587 603 615 1685  290 330 1636 1667  528 534 1329 1750  273 303 1176 1757  442 503 532 1561  83 90 140 1604  1036 1390 1754 1876  1449 1515 1855 1921  283 297 1726 1885  1108 1118 1367 1689  767 855 1334 1738  44 49 1497 1782  35 1542 1606 1617  823 841 859 1592  36 1595 1649 1653  2 28 1282 1373  227 240 308 1676  840 871 1343 1472  857 875 918 1658  198 1310 1445 1529  192 206 220 1435  100 111 1633 1657  997 1462 1581 1701  162 172 1644 1752  1050 1170 1200 1536  331 1220 1600 1667  465 1204 1426 1523  1068 1080 1160 1607  385 1210 1380 1694  339 423 1524 1791  1046 1092 1513 1689  1169 1432 1582 1876  379 448 1323 1431  960 1544 1609 1795  312 408 416 1732  692 693 717 1591  636 637 663 1684  95 110 1553 1753  471 545 1326 1486  933 1406 1665 1673  1463 1857 1933 1939  743 804 815 1330  1542 1595 1617 1837  32 37 1559 1628  1749 1848 1941 1943  1099 1187 1681 1775  238 262 1501 1672  1449 1542 1606 1855  804 815 1338 1491  770 858 1155 1630  466 518 1326 1557  1294 1550 1657 1720  694 1222 1223 1805  750 841 1155 1592  1028 1029 1364 1444  1025 1034 1638 1722  1047 1386 1387 1582  398 1237 1694 1708  1169 1432 1536 1876  96 121 1483 1759  1419 1490 1590 1876  198 1445 1464 1529  1017 1054 1059 1482  898 949 963 1581  619 635 660 1807  344 1145 1151 1488  1489 1490 1590 1599  272 293 1199 1456  357 405 1767 1768  227 299 1379 1676  693 721 743 1627  666 668 678 1745  406 432 1245 1451  1115 1280 1519 1689  781 820 845 1693  1047 1169 1582 1876  143 186 1718 1887  508 564 565 1447  220 265 1500 1792  1238 1239 1454 1466  1402 1823 1904 1930  833 1209 1335 1563  245 1311 1312 1488  616 626 1746 1846  18 32 33 1559  1459 1531 1562 1863  332 370 376 1648  600 603 1527 1547  114 129 1604 1782  772 842 855 1503  619 660 1807 1891  1611 1746 1868 1869  707 754 1779 1805  1053 1084 1367 1689  1038 1241 1482 1690  966 984 1355 1780  1428 1583 1660 1904  790 1502 1692 1693  1104 1110 1112 1369  865 905 1566 1739  1405 1495 1550 1633  17 19 25 1595  412 467 1668 1860  524 1532 1732 1799  1421 1562 1568 1603  145 153 175 1718  652 669 1157 1580  90 137 140 1671  402 1757 1784 1885  44 76 77 1782  1395 1471 1821 1900  1421 1450 1603 1627  339 355 440 1791  1030 1036 1590 1754  1047 1169 1170 1876  52 1474 1506 1717  147 152 163 1661  1395 1516 1522 1854  1295 1656 1679 1788  448 1431 1554 1602  1513 1519 1674 1689  800 827 844 907  1437 1585 1867 1888  140 194 211 1751  1436 1668 1911 1913  8 15 54 1740  949 1351 1581 1806  1047 1060 1387 1582  590 1541 1711 1869  1441 1517 1775 1886  1515 1736 1822 1827  1001 1019 1201 1734  1394 1409 1423 1557  605 610 631 1697  403 1534 1698 1829  738 811 848 1785  904 914 1776 1809  1045 1251 1504 1777  1614 1688 1702 1752  1401 1444 1489 1608  792 845 856 1884  1408 1453 1588 1646  338 404 426 1650  1018 1254 1462 1769  782 1476 1543 1764  1403 1479 1546 1734  681 688 1450 1643  466 1326 1486 1557  884 889 911 915  743 815 1330 1491  678 707 1745 1805  7 1635 1740 1811  70 1158 1159 1467  1304 1495 1550 1633  232 233 1456 1751  865 870 896 1734  1019 1035 1189 1546  1169 1170 1536 1876  1170 1200 1536 1876  583 597 626 1746  1397 1491 1591 1627  1231 1440 1492 1773  1449 1542 1921 1931  1442 1527 1547 1709  741 805 1724 1745  204 240 296 1458  226 1427 1728 1844  146 1194 1465 1480  827 844 872 907  1487 1746 1846 1871  1400 1430 1873 1874  90 1474 1671 1758  172 1435 1644 1752  543 582 602 1731  344 356 1145 1488  479 1380 1431 1815  725 729 747 1448  267 301 1523 1699  683 737 807 1819  1028 1362 1386 1511  72 82 1545 1588  1304 1495 1550 1645  821 1475 1491 1776  1399 1547 1711 1714  1480 1632 1688 1702  1050 1217 1251 1455  1502 1546 1814 1898  354 452 1537 1699  1406 1544 1609 1665  1458 1493 1628 1687  1047 1170 1200 1876  1398 1439 1451 1539  987 1517 1786 1886  504 1273 1460 1537  1490 1536 1754 1876  998 1003 1593 1631  138 149 171 1465  963 992 1018 1462  315 386 394 439  226 1521 1728 1844  360 362 1317 1762  230 234 272 1415  805 841 1592 1745  905 938 983 1739  797 1146 1278 1569  791 802 1165 1569  742 782 1700 1764  418 424 491 1810  1067 1091 1769 1770  119 1301 1583 1778  855 917 941 1562  208 217 233 1728  20 78 1285 1716  219 239 1426 1539  1548 1847 1890 1924  1093 1116 1121 1372  842 855 917 1609  690 741 1724 1745  845 870 1625 1692  46 64 1506 1512  1404 1584 1778 1796  476 479 1380 1815  437 441 1499 1729  962 971 1535 1776  535 580 604 1647  9 13 1168 1635  1397 1498 1824 1897  898 928 963 1462  46 50 1512 1653  781 792 1693 1882  34 1184 1649 1653  797 802 1146 1569  916 926 977 1786  862 884 889 911  1424 1475 1577 1610  9 13 18 1635  829 1543 1560 1794  1527 1851 1852 1947  1426 1558 1622 1756  1402 1445 1464 1529  767 1334 1562 1603  1041 1050 1200 1754  464 511 567 1623  1449 1515 1827 1921  10 1168 1205 1555  365 391 488 1721  1531 1603 1675 1840  679 1222 1223 1510  409 411 436 1642  1052 1363 1504 1722  60 63 1294 1720  104 108 1300 1612  1419 1432 1470 1582  38 109 1285 1288  1219 1238 1454 1530  171 197 1312 1551  877 889 901 1781  1103 1174 1175 1655  1481 1550 1645 1720  28 97 1555 1635  1268 1269 1508 1563  116 1434 1555 1797  619 1807 1891 1893  809 880 1552 1563  57 1606 1657 1679  993 1038 1055 1690  339 423 440 1791  744 745 760 1552  143 145 186 1718  900 1345 1347 1764  1394 1409 1718 1820  1843 1883 1918 1920  98 1190 1497 1575  902 921 938 1739  1006 1013 1513 1689  130 228 1307 1894  316 373 1460 1537  1397 1450 1840 1943  771 825 875 1700  1194 1465 1480 1644  1450 1531 1906 1943  167 185 1179 1551  800 824 827 844  871 888 1343 1680  1084 1108 1367 1371  215 1196 1500 1672  574 604 1677 1852  1394 1820 1902 1930  154 174 1299 1493  1069 1074 1722 1849  1443 1498 1643 1824  378 1124 1451 1867  1581 1616 1806 1920  87 107 137 1671  553 1547 1554 1714  1823 1857 1930 1940  17 1205 1232 1555  327 340 378 1614  957 975 1000 1598  158 168 172 1752  278 338 380 1854  412 420 1668 1765  1008 1599 1734 1739  97 1434 1635 1740  172 187 1435 1644  393 438 1732 1799  783 787 793 1615  381 1145 1488 1763  926 977 1786 1856  932 939 1127 1433  198 212 1310 1445  916 961 987 1786  1178 1592 1724 1745  1339 1479 1560 1692  700 711 1531 1675  993 1185 1544 1690  830 857 1342 1552  616 632 672 1846  669 710 1157 1580  336 354 452 1699  198 212 244 1445  1422 1506 1649 1653  652 669 713 1580  282 434 1221 1501  211 280 292 1415  120 139 200 1308  1025 1037 1045 1504  45 1243 1497 1782  76 77 1604 1782  44 76 1243 1782  78 134 160 1716  1428 1553 1822 1901  1749 1874 1875 1881  120 200 1307 1308  1527 1611 1709 1869  1393 1400 1419 1432  829 1340 1560 1794  1393 1401 1419 1489  459 1423 1557 1712  824 827 860 872  827 872 907 920  1401 1843 1883 1920  961 987 1039 1441  316 1460 1537 1726  80 109 1493 1716  80 109 1299 1493  446 504 1273 1537  1403 1472 1543 1780  120 1525 1656 1687  896 901 923 1723  870 1599 1625 1734  1490 1590 1754 1876  782 1476 1700 1764  1610 1638 1809 1897  612 642 658 1892  1391 1477 1682 1932  1458 1493 1687 1813  1289 1515 1606 1720  679 687 703 1510  1592 1745 1779 1805  191 218 1556 1573  1177 1178 1724 1745  1459 1531 1619 1862  1108 1116 1370 1371  1032 1517 1519 1856  1135 1596 1663 1799  1459 1774 1862 1863  1841 1843 1918 1920  404 1534 1650 1829  903 1348 1473 1492  1516 1624 1731 1735  594 625 627 641  508 565 1447 1629  727 1157 1580 1744  1079 1096 1441 1690  391 399 483 1721  197 223 1586 1637  1088 1089 1100 1691  323 332 370 1648  1230 1246 1500 1576  1393 1419 1432 1874  109 1183 1493 1716  154 174 227 1493  81 109 1183 1288  939 1233 1597 1680  754 1440 1510 1805  700 711 1675 1766  1605 1783 1882 1923  900 1341 1345 1764  231 249 1238 1454  185 213 1179 1551  1052 1065 1607 1722  631 1520 1579 1761  325 332 376 1648  246 1314 1319 1715  1437 1583 1661 1858  706 788 1619 1743  462 1902 1903 1940  359 1750 1828 1907  1397 1478 1535 1638  72 82 96 1545  1416 1851 1868 1871  142 1304 1550 1645  745 760 1267 1552  1490 1546 1599 1625  800 812 1652 1798  890 893 945 1269  1364 1387 1511 1582  97 1434 1555 1635  184 210 1626 1686  916 1786 1862 1863  967 984 1566 1680  930 954 1268 1508  1437 1584 1632 1858  326 344 356 1417  99 102 154 1298  1401 1444 1528 1701  336 395 399 1565  175 195 231 1454  945 959 1346 1610  645 663 1618 1643  608 611 634 1572  575 1640 1800 1850  447 548 577 584  902 921 1188 1739  56 61 1512 1646  1222 1223 1510 1805  1436 1509 1626 1663  6 28 51 1555  8 12 54 1740  292 312 1171 1767  496 539 594 1532  1318 1429 1524 1762  1533 1686 1733 1911  64 1453 1512 1758  1342 1508 1552 1658  977 1013 1032 1856  871 888 1188 1680  696 701 705 1578  599 600 623 1527  846 847 1492 1773  50 64 1291 1512  528 1274 1460 1750  508 1447 1789 1902  200 235 269 1429  17 1595 1649 1797  1178 1592 1745 1805  61 71 1134 1812  712 1178 1592 1805  1422 1845 1855 1921  1443 1755 1882 1896  1415 1446 1456 1767  920 1263 1598 1817  1391 1477 1830 1928  69 81 1628 1687  82 96 105 1759  124 1162 1583 1660  1442 1534 1650 1853  155 156 176 1686  86 104 1300 1742  7 9 1635 1811  790 820 1692 1693  160 227 240 1813  1583 1584 1778 1858  928 940 976 1770  112 119 1240 1778  1449 1550 1720 1827  1043 1455 1546 1777  1431 1703 1708 1815  1225 1351 1616 1701  342 1250 1435 1644  536 547 549 1561  1401 1528 1598 1616  1408 1422 1506 1845  1422 1542 1595 1837  1406 1730 1774 1886  43 1289 1606 1855  1060 1064 1271 1570  1039 1076 1104 1681  395 452 501 1565  732 1475 1591 1760  1472 1479 1566 1794  678 707 754 1805  329 351 405 1767  460 529 560 1564  464 1234 1623 1799  751 798 1331 1772  1411 1455 1546 1777  536 549 559 1589  1084 1367 1370 1371  87 107 1483 1671  368 378 1439 1614  1072 1073 1088 1639  936 973 1264 1771  144 155 1586 1733  631 1520 1579 1892  1549 1624 1735 1793  203 1207 1439 1808  709 714 1738 1743  1436 1626 1825 1909  1428 1538 1553 1660  1424 1508 1552 1563  1487 1746 1790 1846  1669 1863 1906 1943  1453 1483 1545 1758  249 271 1253 1409  771 778 857 1700  1422 1474 1506 1521  1443 1643 1908 1922  1359 1479 1566 1734  783 1577 1615 1760  799 800 844 1652  745 755 782 1552  717 780 1332 1591  694 723 1222 1440  1406 1482 1654 1730  97 179 193 1559  1397 1638 1776 1897  778 857 1552 1700  797 1277 1492 1772  686 734 776 1743  66 98 1190 1497  1403 1479 1560 1692  1471 1633 1657 1679  703 753 773 1510  648 674 675 1839  68 1158 1574 1679  524 588 598 1532  1807 1917 1924 1945  1577 1591 1760 1897  18 1434 1559 1635  1050 1169 1455 1536  573 1325 1382 1518  1579 1891 1892 1945  851 1598 1781 1817  538 616 1872 1935  595 625 638 653  939 1348 1425 1433  688 711 1675 1766  1520 1594 1850 1889  1548 1601 1643 1766  1047 1362 1582 1876  983 1202 1723 1739  932 1349 1433 1473  1422 1427 1649 1717  251 317 1613 1844  120 139 1308 1656  427 462 508 1789  1459 1531 1562 1738  1424 1577 1615 1760  870 885 1599 1884  769 1641 1842 1883  190 198 1227 1620  1400 1432 1457 1536  835 895 906 1609  989 1007 1507 1610  157 173 197 1586  715 732 1591 1760  296 377 1549 1735  1416 1830 1929 1933  1428 1484 1822 1836  479 1431 1714 1815  336 354 395 452  1029 1364 1365 1470  72 74 1376 1545  765 772 1503 1738  1423 1695 1712 1802  184 210 216 229  1408 1515 1646 1826  1044 1073 1654 1662  999 1034 1535 1638  655 672 1618 1846  1452 1558 1622 1756  865 905 1734 1739  297 316 1460 1907  320 379 1319 1602  113 1550 1645 1720  28 88 97 1811  623 1527 1611 1790  992 1018 1254 1462  1314 1633 1715 1788  184 216 229 1626  1034 1056 1363 1722  1035 1043 1546 1777  1611 1746 1868 1871  235 1388 1429 1524  1427 1575 1649 1797  19 26 27 1617  525 592 1520 1831  1435 1614 1688 1752  696 699 701 1773  246 1316 1495 1715  719 730 771 1700  1424 1507 1577 1615  663 667 688 1766  1036 1590 1754 1876  326 345 356 1417  1484 1553 1736 1822  55 62 67 1515  1032 1114 1519 1681  249 1239 1253 1466  272 1199 1456 1751  987 1517 1786 1856  699 1224 1510 1773  839 1281 1505 1806  877 901 1723 1781  988 1353 1528 1616  611 615 1572 1677  280 292 1415 1767  666 678 707 1745  71 73 1134 1812  865 869 1340 1479  400 455 473 1750  1556 1834 1910 1912  1008 1202 1734 1739  1401 1419 1444 1489  436 465 470 1558  1322 1624 1762 1791  271 1141 1253 1466  339 350 423 1524  126 150 156 1483  1517 1654 1786 1856  120 1307 1308 1656  1413 1749 1848 1861  1045 1217 1251 1504  1059 1077 1226 1775  751 803 1277 1772  120 1296 1467 1656  100 103 1293 1679  277 298 333 1682  986 1004 1027 1462  504 505 1328 1537  679 685 1222 1510  454 1523 1699 1726  16 18 32 1559  40 48 50 1512  730 742 744 1700  493 535 580 1698  1096 1366 1441 1690  157 171 1465 1586  242 1426 1539 1642  466 1139 1164 1486  32 33 58 1467  84 1481 1720 1736  599 600 1527 1711  1428 1822 1857 1930  771 857 875 1700  267 283 301 1699  1002 1044 1049 1662  1408 1484 1588 1646  869 871 902 1566  287 414 1501 1757  776 788 838 1743  303 332 1279 1648  1437 1584 1632 1702  1087 1088 1691 1925  1463 1868 1933 1939  1183 1687 1813 1894  1021 1035 1037 1777  132 1465 1733 1796  135 147 1153 1661  475 509 521 585  1414 1530 1557 1820  1393 1490 1536 1898  198 244 1445 1667  72 89 96 1545  1430 1470 1874 1936  1443 1605 1882 1923  679 687 1223 1805  1051 1701 1770 1880  1418 1580 1785 1899  292 357 408 1767  782 814 1236 1543  1317 1525 1549 1762  799 811 874 1652  797 803 1433 1772  548 577 585 613  238 349 1197 1501  370 376 453 512  1222 1440 1510 1805  604 624 643 1677  11 21 30 42  784 849 1333 1673  1706 1708 1713 1802  21 1284 1575 1797  31 1542 1595 1855  659 667 1601 1766  422 459 518 1557  239 1539 1622 1727  573 581 589 606  1502 1625 1693 1898  1824 1905 1941 1943  391 483 488 1721  729 732 1448 1664  1567 1668 1800 1913  1420 1834 1889 1913  1428 1469 1484 1742  903 1348 1425 1492  816 880 893 1563  976 1023 1769 1770  1520 1831 1893 1937  226 251 279 1844  976 981 1769 1770  169 1183 1813 1894  1417 1465 1480 1644  956 970 980 1739  213 245 1181 1311  679 687 1510 1805  1770 1880 1881 1936  973 994 1355 1780  1437 1494 1585 1661  740 791 1165 1569  673 678 1745 1805  1430 1470 1880 1936  768 788 854 1862  1472 1597 1680 1780  58 70 120 1687  797 1147 1228 1571  344 1151 1181 1488  740 791 1425 1569  1419 1470 1511 1582  963 981 992 1462  934 1212 1505 1616  514 536 547 1561  103 180 1295 1679  877 889 1781 1817  961 987 1786 1886  1499 1721 1729 1756  894 1133 1338 1568  1042 1072 1074 1849  1057 1074 1722 1849  769 828 1641 1883  1399 1710 1711 1803  142 1304 1495 1645  1542 1595 1653 1855  314 325 369 434  666 690 707 1745  250 265 304 1182  592 619 640 1891  1394 1409 1718 1887  1280 1519 1674 1689  862 911 1130 1817  501 507 1328 1699  1623 1663 1799 1810  539 594 595 625  456 502 542 1554  1407 1533 1588 1916  1438 1840 1863 1943  856 885 1489 1781  988 995 1358 1528  988 1528 1598 1608  1082 1101 1517 1775  466 471 545 1326  755 782 1236 1552  802 840 1148 1683  1166 1272 1432 1457  1073 1088 1089 1639  1078 1082 1654 1775  1437 1584 1661 1702  901 947 979 1781  1393 1843 1874 1944  228 269 360 1762  920 957 1263 1598  845 870 1625 1884  717 735 780 1332  894 1535 1568 1776  1301 1583 1742 1778  1077 1082 1187 1775  843 898 1581 1920  1832 1841 1847 1919  81 130 1183 1687  276 302 348 1499  1071 1083 1270 1570  844 874 907 1798  410 420 451 1637  247 1672 1757 1885  557 1137 1516 1731  1394 1409 1787 1887  1659 1668 1878 1914  1036 1143 1511 1608  362 1624 1762 1793  886 933 961 1774  685 1222 1224 1510  684 1601 1619 1839  205 249 271 1409  1400 1430 1570 1873  1013 1468 1519 1856  537 564 1447 1589  47 78 102 1285  802 840 1252 1683  108 115 1235 1612  849 891 1665 1673  1416 1830 1889 1948  563 614 617 620  1147 1433 1473 1571  567 1532 1623 1799  113 1481 1645 1720  1462 1581 1701 1770  1012 1054 1482 1654  1405 1412 1706 1713  1319 1431 1485 1715  935 953 988 1616  465 1203 1204 1523  1026 1035 1043 1546  187 213 243 1526  502 542 1554 1866  548 601 614 628  1429 1471 1602 1788  239 263 1426 1622  1874 1908 1919 1944  285 385 1319 1485  447 475 509 577  342 378 382 1688  1336 1349 1473 1571  466 1164 1244 1486  260 1561 1622 1636  1548 1618 1643 1684  1521 1829 1845 1928  344 1181 1259 1321  9 1132 1635 1811  836 847 1440 1510  679 685 703 1510  91 95 110 1553  359 1460 1750 1907  226 252 279 1521  375 410 420 1637  726 727 819 1580  1567 1659 1836 1914  369 434 509 512  1393 1783 1898 1944  864 866 912 1673  1254 1357 1360 1769  889 922 947 1781  600 603 623 1527  526 583 1629 1872  971 1007 1638 1809  1002 1005 1044 1662  149 167 185 1551  681 1450 1498 1643  973 1144 1631 1780  1042 1621 1662 1849  243 253 289 310  351 1446 1719 1767  583 1463 1629 1872  113 125 1645 1753  1472 1571 1680 1683  470 1136 1558 1670  167 1179 1417 1644  829 869 1340 1794  586 591 1557 1634  535 574 604 1852  238 262 1128 1501  294 315 353 358  548 614 621 628  746 751 1231 1492  310 311 313 1792  800 844 1652 1798  1015 1590 1608 1818  352 369 439 475  369 376 434 512  1405 1602 1633 1900  535 604 1647 1852  889 901 922 1781  1048 1063 1067 1769  325 369 376 434  145 153 1696 1718  767 1531 1603 1738  331 1139 1164 1600  810 886 1673 1743  12 38 39 1716  1 6 1132 1811  569 589 606 617  369 376 447 509  398 1210 1237 1694  470 519 1670 1756  1410 1666 1821 1934  1410 1666 1835 1934  1404 1465 1480 1878  1075 1096 1112 1195  997 1351 1581 1701  847 1440 1492 1510  1430 1874 1881 1936  468 483 523 1565  1043 1045 1251 1777  928 1581 1875 1936  1346 1475 1563 1610  37 69 81 1628  961 1406 1441 1690  1605 1841 1843 1918  457 493 535 1698  1514 1848 1849 1925  166 1180 1529 1620  243 253 310 313  429 445 490 1726  904 959 971 1809  51 98 116 1797  928 976 981 1770  1470 1701 1880 1936  1502 1546 1625 1898  1476 1508 1615 1631  892 919 1505 1798  1347 1425 1597 1764  412 1668 1765 1878  643 698 736 1838  1505 1616 1641 1798  907 935 957 1798  29 1427 1575 1649  1695 1706 1708 1802  1075 1112 1195 1369  730 771 778 1700  1071 1083 1160 1570  537 564 571 1589  26 27 1542 1617  98 177 1427 1497  548 584 614 621  28 1555 1635 1811  733 762 787 1877  1429 1525 1656 1934  475 548 577 585  863 914 931 1776  383 1501 1672 1757  1489 1598 1608 1781  351 364 1540 1719  352 417 439 475  369 434 439 509  115 132 138 1465  440 461 1522 1791  315 353 386 394  663 667 1548 1684  485 1594 1800 1825  634 659 1677 1838  250 264 341 1197  851 877 1781 1817  1076 1114 1120 1519  253 265 300 1792  352 369 434 439  1104 1110 1113 1681  1422 1542 1595 1649  447 509 512 577  694 723 770 1630  1581 1841 1843 1920  982 1011 1040 1690  469 503 549 1589  468 501 1256 1565  1060 1064 1432 1570  476 484 1815 1816  1423 1695 1708 1802  62 84 1720 1736  1541 1707 1712 1802  1406 1482 1654 1886  1108 1116 1121 1367  1179 1417 1526 1644  863 882 931 1776  1394 1541 1712 1802  1426 1523 1558 1642  347 389 421 1477  1412 1703 1801 1803  1871 1872 1933 1935  688 1258 1627 1675  1467 1471 1656 1934  1695 1707 1710 1802  429 454 1523 1726  1695 1707 1801 1802  243 289 306 310  1749 1848 1873 1941  1438 1639 1662 1848  36 40 46 1653  242 247 261 1885  420 467 485 1668  216 218 281 1626  151 157 173 1586  506 542 1554 1866  145 175 186 1718  297 1648 1757 1907  1847 1917 1924 1945  298 347 1521 1682  51 97 116 1555  17 25 29 1649  369 439 475 509  1356 1621 1662 1678  495 528 569 1828  614 621 628 629  614 617 620 629  716 806 1842 1923  449 455 520 1750  300 310 311 1792  792 1693 1783 1884  687 754 1510 1805  1400 1514 1607 1941  1025 1052 1363 1504  857 924 1342 1658  1437 1823 1858 1903  1399 1412 1703 1803  264 341 386 1197  1406 1503 1609 1673  587 1547 1685 1866  445 1648 1757 1907  898 928 1462 1581  1457 1514 1570 1873  614 620 621 629  538 1860 1872 1935  699 723 1224 1231  574 607 622 1572  896 905 923 1723  333 347 389 1682  1398 1451 1539 1642  29 1427 1649 1717  239 242 263 1426  1730 1774 1786 1886  135 158 1584 1702  892 935 953 1798  1012 1049 1054 1654  599 1527 1711 1869  1397 1421 1491 1627  632 1846 1923 1938  975 1598 1608 1781  548 601 621 628  402 411 1784 1885  1011 1096 1366 1441  632 658 1923 1938  384 492 1564 1731  474 514 1136 1670  873 878 1156 1630  1008 1361 1599 1734  467 538 566 1935  597 618 1746 1869  517 1721 1729 1756  242 267 1426 1523  631 642 1579 1892  1257 1258 1627 1675  596 597 618 1869  96 121 122 1759  812 828 1598 1641  342 1211 1480 1688  342 1435 1614 1688  282 287 314 434  528 589 1329 1828  496 1532 1732 1768  435 436 1523 1642  725 1266 1267 1448  1411 1455 1504 1777  1455 1490 1546 1898  111 1550 1633 1657  197 1488 1551 1586  294 304 353 358  364 413 1540 1719  205 271 1409 1496  412 420 467 1668  618 1611 1746 1869  1496 1713 1787 1802  548 601 613 614  971 999 1535 1638  896 905 1734 1739  767 1531 1603 1675  31 40 48 1855  597 1634 1746 1869  596 597 1634 1869  790 813 820 1692  1394 1423 1712 1802  393 438 524 1799  130 169 228 1894  737 807 843 1841  1007 1021 1037 1507  563 584 614 620  590 599 1711 1869  1059 1482 1654 1775  408 416 496 1732  1423 1496 1713 1802  398 476 484 1816  648 691 698 1839  767 1562 1603 1738  62 1515 1720 1736  477 499 1719 1879  747 762 783 1760  896 1599 1734 1739  1397 1478 1621 1943  1052 1056 1065 1722  1014 1019 1593 1734  369 447 475 509  590 599 609 1869  575 632 1640 1850  1449 1542 1855 1921  797 1148 1569 1571  1538 1553 1753 1901  1032 1039 1076 1681  590 596 1634 1869  153 175 195 1718  349 383 386 1501  371 390 459 1651  742 744 782 1700  511 567 568 1623  287 314 325 434  169 1183 1493 1813  253 289 300 310  102 160 1493 1716  345 1250 1526 1644  945 954 989 1610  215 1576 1614 1672  566 575 632 1640  34 36 1184 1653  776 810 838 1743  1407 1483 1545 1759  480 486 574 1852  590 596 609 1869  49 52 1474 1717  1605 1843 1919 1944  1428 1538 1901 1930  133 147 1153 1661  1184 1193 1506 1653  681 688 1213 1450  453 563 569 614  933 1406 1665 1690  231 1219 1238 1454  809 1448 1552 1563  677 708 748 1785  851 856 877 1781  428 446 510 1273  1033 1057 1478 1621  528 1274 1275 1460  1666 1821 1859 1931  1405 1495 1550 1645  545 564 571 1326  846 847 903 1425  311 1247 1500 1526  563 569 606 617  461 1322 1624 1791  447 453 512 577  768 1619 1839 1862  1032 1053 1076 1519  264 294 341 1216  438 524 1732 1799  40 46 50 1653  519 546 551 1729  461 487 557 1624  1392 1704 1709 1939  417 439 475 521  453 577 584 614  447 453 577 584  939 943 1233 1597  132 144 151 1586  899 1749 1861 1942  1399 1703 1710 1803  572 587 1685 1866  694 1440 1630 1805  717 735 1332 1591  775 834 846 1578  134 1493 1628 1716  1449 1471 1606 1657  943 1233 1597 1780  1408 1506 1512 1653  1395 1471 1821 1934  1434 1559 1635 1740  331 1320 1600 1667  769 777 812 1641  782 1476 1552 1700  271 1140 1141 1496  274 296 387 1735  195 1378 1445 1718  294 304 341 353  609 618 1611 1869  596 609 618 1869  1428 1469 1484 1836  268 384 1735 1854  1051 1064 1081 1880  526 1629 1872 1940  148 164 1309 1656  1567 1872 1933 1935  870 896 1599 1734  204 274 1458 1835  1214 1423 1496 1713  899 926 1669 1861  284 367 1214 1713  672 781 792 1882  104 1303 1612 1796  1749 1873 1874 1881  798 1331 1630 1772  122 1533 1733 1759  152 1150 1494 1620  885 896 1599 1723  1091 1092 1107 1689  950 993 1016 1690  85 86 1300 1588  287 303 1176 1648  687 754 766 1510  868 894 1344 1568  683 1579 1744 1899  1169 1272 1432 1582  159 1302 1304 1633  636 645 663 1684  943 1264 1597 1780  183 189 230 1751  461 1522 1624 1791  281 346 1135 1596  1060 1272 1432 1582  627 631 644 1761  1115 1118 1280 1689  398 476 1694 1815  35 1287 1606 1617  1393 1400 1874 1944  980 990 1001 1739  1067 1462 1769 1770  623 636 1790 1926  419 458 462 1903  1063 1091 1092 1769  48 62 1289 1515  528 534 1274 1750  1439 1614 1808 1867  42 51 98 1284  1101 1103 1114 1681  1434 1595 1617 1837  137 150 191 1556  995 1029 1385 1528  929 1544 1609 1665  190 209 1464 1620  1354 1507 1508 1631  574 624 1572 1677  616 1640 1871 1935  670 736 1832 1924  847 881 1440 1492  1412 1431 1485 1694  586 1383 1447 1557  746 1277 1278 1492  1487 1611 1746 1871  84 113 1481 1753  793 1236 1560 1615  683 1579 1744 1761  573 581 1382 1518  1405 1645 1713 1787  94 1295 1656 1679  481 1203 1426 1523  1398 1451 1558 1642  971 1638 1776 1809  1522 1624 1762 1791  1034 1056 1478 1722  1410 1449 1821 1931  821 863 1491 1776  1484 1515 1646 1826  642 644 708 1899  1487 1640 1871 1938  1422 1595 1649 1837  972 1012 1017 1795  967 1188 1566 1680  1047 1060 1272 1582  378 1439 1614 1867  767 1334 1562 1738  426 486 1650 1737  995 1029 1225 1528  268 274 1666 1835  213 326 1526 1551  700 1531 1601 1766  199 1173 1493 1813  1459 1531 1862 1863  1391 1521 1682 1910  153 195 1378 1718  90 1474 1604 1671  1461 1596 1663 1909  1428 1583 1823 1904  133 1162 1494 1661  1827 1853 1927 1946  844 874 1652 1798  553 587 603 1547  429 435 454 1523  1441 1482 1775 1886  323 1648 1828 1907  1415 1446 1573 1767  837 864 891 1673  524 567 1532 1799  16 18 1559 1740  200 228 269 1429  945 959 989 1610  1413 1468 1655 1691  190 198 222 1464  1463 1746 1868 1869  295 299 1379 1676  239 1426 1539 1622  1402 1494 1696 1904  1093 1118 1367 1689  418 491 511 1623  1093 1120 1121 1519  257 1229 1637 1763  1030 1031 1390 1754  1398 1539 1558 1642  1150 1494 1585 1661  212 237 1445 1667  1474 1506 1521 1758  747 755 1266 1760  1405 1550 1827 1900  131 140 194 211  716 792 1783 1882  1614 1702 1808 1867  285 1315 1316 1715  1446 1556 1573 1596  890 1346 1475 1809  21 98 1284 1797  965 1006 1013 1513  729 764 796 1664  1043 1455 1504 1777  1030 1036 1590 1818  916 977 987 1786  1650 1833 1854 1866  572 608 1685 1737  538 583 616 1872  663 667 1548 1643  998 1021 1507 1593  115 118 1377 1796  200 235 1308 1429  202 219 225 1727  835 842 906 1609  378 382 427 1867  482 536 537 1789  174 199 227 1313  865 896 905 1734  57 1287 1606 1679  1399 1431 1554 1714  1402 1414 1445 1820  1396 1556 1671 1910  1442 1650 1833 1866  1174 1261 1674 1691  114 123 1305 1604  1080 1160 1514 1607  1621 1662 1678 1840  209 1464 1620 1727  50 56 1376 1512  906 960 1609 1795  1437 1632 1688 1702  823 859 1592 1779  1420 1834 1909 1932  168 178 1702 1808  937 967 970 1566  1395 1650 1821 1833  157 171 197 1586  662 663 681 1643  1069 1368 1514 1607  1420 1461 1768 1879  518 591 1383 1557  448 506 1554 1714  725 747 1266 1448  244 275 330 1667  1502 1507 1577 1814  1595 1649 1797 1837  744 778 1552 1700  164 235 236 1429  1442 1650 1737 1866  1502 1507 1577 1615  188 205 1787 1887  11 21 42 1284  1052 1504 1607 1722  308 377 401 1793  1034 1478 1638 1722  1650 1737 1854 1866  282 314 434 1191  1099 1101 1113 1681  152 170 1180 1494  319 410 1763 1810  708 1842 1899 1918  1516 1737 1854 1866  331 1219 1220 1530  349 386 1197 1501  345 372 375 1878  976 1023 1513 1770  1029 1225 1528 1701  670 1548 1838 1924  1695 1710 1712 1804  312 1446 1596 1767  1172 1415 1573 1767  212 244 1445 1667  868 1334 1562 1603  507 530 1138 1256  1107 1118 1280 1689  834 846 887 1578  1209 1448 1563 1664  997 1225 1351 1701  197 223 257 1637  1419 1432 1582 1876  1287 1574 1606 1679  608 1572 1685 1737  1522 1554 1833 1866  572 1516 1737 1866  198 1227 1529 1620  1514 1848 1873 1941  1263 1598 1781 1817  410 451 1509 1810  944 947 979 1781  1403 1502 1560 1615  1585 1702 1808 1867  347 389 1477 1682  1395 1516 1854 1866  625 627 1744 1761  768 1601 1839 1862  44 45 76 1243  1050 1200 1536 1754  1430 1748 1873 1881  870 1479 1625 1692  1064 1430 1432 1570  1406 1482 1730 1795  1395 1833 1854 1866  213 1321 1488 1551  379 1323 1380 1431  288 337 374 1763  1755 1877 1882 1896  40 48 1512 1855  1428 1823 1857 1930  1362 1511 1582 1876  350 423 1524 1554  156 1556 1686 1912  511 522 568 1623  837 849 891 1673  396 418 511 1623  691 698 768 1839  89 107 121 1483  662 680 1618 1755  378 406 1124 1451  1417 1488 1551 1586  543 607 622 1572  592 638 640 1761  383 402 411 1784  855 1334 1503 1562  346 1596 1732 1799  1438 1621 1662 1840  254 281 346 1596  531 572 1516 1866  149 167 1194 1644  1391 1671 1758 1910  1036 1041 1390 1876  662 681 1498 1643  581 589 1329 1518  1423 1496 1787 1802  208 1474 1604 1728  566 575 1800 1935  123 131 189 194  1395 1522 1554 1833  119 135 1240 1584  312 1171 1446 1767  1060 1071 1271 1570  1169 1432 1457 1536  502 531 1516 1866  599 1527 1611 1869  1421 1491 1603 1627  399 468 483 1565  1567 1800 1860 1935  715 732 735 1591  1498 1814 1877 1896  1330 1491 1603 1627  364 1540 1682 1864  502 531 572 1866  152 1180 1494 1696  133 141 152 1494  1442 1685 1737 1866  56 61 72 1453  213 1179 1526 1551  132 151 157 1586  454 481 1203 1523  634 643 659 1838  804 1330 1491 1603  48 50 56 1512  791 1543 1683 1764  390 459 1423 1651  626 639 655 1846  1050 1061 1217 1455  216 266 281 1626  194 234 1415 1751  1442 1547 1833 1866  903 925 939 1425  61 1588 1646 1812  45 1190 1497 1575  1442 1547 1685 1866  1065 1068 1368 1607  790 813 1502 1692  149 171 185 1551  685 701 753 1773  425 448 1554 1602  235 236 1388 1429  1416 1640 1871 1937  496 539 1532 1768  812 827 907 1798  56 72 1376 1453  937 970 1188 1566  487 557 1624 1731  1450 1498 1643 1824  15 54 88 1740  1032 1076 1114 1681  242 1208 1539 1642  78 102 1285 1716  222 244 1464 1667  506 553 1554 1866  886 916 961 1774  931 946 1535 1776  1461 1509 1663 1825  1445 1454 1718 1820  498 552 576 1712  203 1439 1614 1672  274 1666 1735 1835  1036 1041 1200 1876  230 234 272 286  1513 1748 1880 1881  94 139 164 1656  1056 1057 1069 1722  1097 1587 1691 1741  494 529 555 1564  1359 1403 1479 1734  635 1807 1865 1893  297 445 1726 1885  840 1148 1571 1683  681 693 1498 1627  643 670 1838 1865  581 1329 1518 1750  21 98 1575 1797  835 842 1503 1609  876 941 948 1562  668 1177 1178 1745  1074 1514 1849 1925  972 1017 1544 1795  567 568 1532 1623  891 929 951 1665  660 737 757 1917  1073 1639 1654 1662  378 1439 1451 1867  462 508 1902 1940  1436 1668 1765 1911  184 210 229 1626  1403 1479 1560 1794  1080 1083 1087 1587  580 635 1865 1893  1403 1472 1543 1794  323 370 1648 1828  1749 1874 1908 1919  821 904 914 1776  1044 1049 1654 1662  316 1537 1699 1726  86 104 1242 1742  1439 1451 1808 1867  1036 1590 1608 1818  1334 1503 1562 1738  968 996 1024 1535  1015 1036 1143 1608  1424 1475 1563 1610  1001 1008 1201 1734  491 511 522 1623  1400 1455 1536 1898  659 684 700 1601  146 149 1194 1465  502 1516 1522 1866  1487 1684 1865 1926  1397 1535 1638 1776  631 1520 1850 1892  1438 1639 1654 1662  1437 1823 1888 1903  1061 1068 1457 1607  367 390 1423 1695  840 1472 1571 1680  422 459 1557 1651  1442 1534 1853 1947  351 364 1540 1864  854 899 926 1669  286 351 1415 1767  692 715 1498 1591  317 347 403 1829  1703 1714 1804 1815  257 1488 1637 1763  685 699 1224 1510  1645 1753 1787 1887  590 1541 1634 1869  377 494 1163 1564  918 936 955 1658  32 58 69 1628  677 708 1785 1899  1395 1666 1854 1870  1476 1543 1597 1764  865 1479 1566 1734  351 364 1456 1864  821 832 904 1475  1042 1044 1662 1849  1209 1335 1563 1664  396 418 1623 1810  567 568 605 1532  464 524 567 1623  1548 1618 1847 1890  92 113 142 1550  1406 1609 1665 1673  835 849 895 1609  224 247 1672 1784  1406 1503 1673 1774  759 784 1673 1743  91 101 110 1660  403 457 1534 1698  1404 1469 1858 1914  1822 1857 1915 1933  17 29 1649 1797  529 555 560 1564  194 211 1415 1751  1059 1077 1082 1775  257 288 337 1763  269 1318 1429 1762  750 770 1155 1592  1624 1735 1854 1870  159 180 1302 1633  828 856 1489 1598  1437 1494 1583 1823  342 1435 1480 1644  152 1150 1494 1661  1427 1649 1797 1837  1106 1115 1174 1674  741 761 805 1724  282 386 434 1191  725 729 758 1448  467 566 1800 1935  1411 1455 1504 1607  136 143 205 1887  644 677 708 1899  54 88 134 1628  1541 1709 1869 1939  1426 1523 1565 1699  659 684 1601 1839  978 1144 1149 1631  1012 1482 1654 1795  1404 1586 1733 1765  1621 1662 1848 1849  632 1640 1850 1938  370 512 1648 1828  822 858 878 1630  802 1252 1569 1683  892 919 953 1798  848 892 919 1505  1348 1425 1433 1492  1098 1106 1192 1741  1461 1509 1623 1825  746 751 1277 1492  1420 1540 1719 1879  609 623 630 1611  283 301 316 1699  871 1188 1566 1680  69 120 130 1687  0 28 1282 1811  1416 1868 1871 1933  1404 1533 1612 1796  1393 1400 1419 1536  180 1302 1633 1788  344 1181 1321 1488  313 326 1249 1526  693 717 743 1627  721 728 1330 1675  455 520 1327 1750  659 667 700 1766  1429 1525 1762 1870  912 950 982 1665  1480 1688 1702 1752  1478 1514 1607 1722  1666 1735 1835 1870  301 1426 1523 1699  1017 1482 1544 1795  1035 1546 1593 1777  298 333 347 1682  1394 1538 1718 1820  86 1300 1588 1742  896 905 1723 1739  921 970 1188 1739  721 1257 1258 1627  311 313 1526 1792  997 1027 1462 1701  598 605 627 1532  176 184 210 1686  638 640 1579 1761  1428 1823 1904 1930  1459 1503 1743 1774  0 1 1282 1811  1401 1581 1843 1920  916 926 1786 1862  939 958 1233 1680  43 57 63 1606  1364 1432 1470 1582  701 753 775 1578  1083 1090 1587 1741  1222 1224 1440 1510  1064 1430 1432 1470  800 844 907 1798  84 1481 1736 1753  1517 1654 1786 1886  202 1398 1539 1585  926 1669 1786 1862  690 741 789 1745  1707 1709 1711 1803  854 926 1669 1862  197 245 257 1312  770 822 858 1630  503 1561 1589 1636  182 191 218 1556  1012 1654 1730 1795  800 812 827 1798  936 955 1658 1771  854 916 926 1862  1482 1654 1730 1795  948 1002 1005 1678  334 361 1561 1636  485 575 1594 1800  505 507 1328 1537  1422 1521 1728 1844  1520 1594 1831 1889  597 1463 1634 1746  1458 1467 1628 1835  579 602 1137 1731  1103 1114 1655 1681  919 953 1212 1798  865 870 1479 1734  127 132 1733 1796  1391 1521 1671 1910  1430 1880 1881 1936  218 1573 1596 1626  342 1435 1480 1688  1430 1570 1748 1873  10 51 1283 1284  960 964 1544 1795  487 1564 1624 1731  29 1575 1649 1797  798 878 1337 1473  426 486 489 1737  308 377 1549 1793  1503 1562 1730 1795  351 1540 1719 1864  1420 1446 1768 1864  869 1479 1566 1794  782 791 1543 1764  1446 1719 1768 1864  1703 1708 1815 1816  708 777 1418 1641  1543 1597 1683 1764  924 1342 1508 1658  1080 1087 1587 1925  561 600 1547 1711  1414 1445 1464 1667  1015 1036 1608 1818  1659 1823 1857 1940  777 812 1641 1652  222 290 1636 1667  804 815 1330 1491  1391 1521 1845 1928  569 589 606 1518  924 1350 1508 1658  6 28 1555 1811  1398 1539 1558 1622  1002 1049 1654 1662  561 599 600 1711  1106 1280 1674 1689  1490 1625 1884 1898  1076 1104 1119 1122  465 1204 1426 1558  714 724 772 1738  1081 1430 1570 1880  1081 1083 1270 1570  1425 1433 1492 1569  1027 1051 1067 1770  465 470 519 1756  1406 1609 1730 1795  975 1263 1598 1781  520 581 1384 1750  1009 1186 1489 1723  194 211 258 1415  941 948 1562 1678  1081 1083 1741 1748  392 471 500 1589  765 772 842 1503  1396 1446 1556 1864  944 947 1781 1817  198 244 1464 1667  1420 1461 1596 1768  817 840 871 1794  460 1163 1564 1793  1541 1705 1710 1712  864 891 912 950  180 246 1314 1633  791 802 1252 1569  1418 1505 1641 1920  309 366 415 1676  1441 1517 1681 1775  392 1320 1600 1667  1832 1847 1919 1922  211 258 280 1415  423 1524 1554 1791  66 161 1292 1497  569 589 1518 1828  1061 1068 1272 1457  1394 1423 1787 1802  788 838 1743 1862  177 1427 1474 1497  788 1619 1743 1862  347 421 1698 1829  1207 1208 1439 1539  644 1579 1761 1899  1016 1040 1352 1690  62 1289 1515 1720  60 1289 1606 1720  307 1151 1181 1259  57 1293 1657 1679  1471 1656 1679 1788  882 1491 1568 1776  838 1459 1743 1862  1404 1612 1778 1796  840 1472 1683 1794  1509 1623 1663 1810  1074 1080 1087 1925  1308 1429 1525 1656  302 305 1499 1721  319 322 418 1810  481 513 540 1721  55 1512 1646 1855  1428 1469 1583 1858  246 1314 1495 1715  129 1243 1290 1497  1174 1655 1674 1691  191 214 254 1573  199 227 1493 1813  513 530 544 1721  115 138 1377 1465  659 700 1601 1766  237 1445 1454 1667  161 208 1604 1782  819 1418 1580 1819  75 84 95 1736  1549 1624 1735 1870  232 233 277 1456  832 904 1475 1664  481 517 540 1721  539 594 595 1697  1459 1619 1743 1862  981 1023 1357 1769  76 114 1243 1782  1171 1172 1573 1767  673 687 1223 1805  292 1171 1172 1767  673 694 712 1805  1629 1902 1930 1940  1639 1662 1848 1849  889 947 1781 1817  1498 1814 1824 1896  982 1011 1040 1058  476 558 1705 1714  1146 1492 1569 1773  256 318 322 1747  807 819 1418 1819  153 1378 1529 1718  993 1016 1055 1690  950 951 993 1016  899 940 1749 1861  403 421 457 1698  100 1293 1657 1679  504 1328 1381 1537  208 1474 1604 1782  94 1158 1295 1679  186 205 249 1409  1832 1841 1875 1919  732 747 1448 1760  726 807 819 1819  1438 1669 1863 1943  326 1321 1488 1551  466 1244 1486 1557  1391 1826 1830 1928  639 645 662 1618  377 401 1564 1793  681 1450 1498 1627  740 1146 1165 1773  865 1339 1340 1479  911 920 944 1817  663 681 688 1643  1146 1165 1569 1773  889 911 944 1817  838 854 1774 1862  1567 1860 1872 1935  105 127 1533 1612  979 1009 1186 1608  173 223 1586 1747  1705 1710 1712 1804  1418 1819 1918 1920  1487 1647 1851 1926  315 386 439 1191  79 1553 1660 1742  838 1459 1774 1862  1066 1095 1096 1366  552 1557 1634 1712  854 916 1774 1862  357 408 1767 1768  792 1693 1783 1882  459 498 552 1712  1052 1065 1218 1607  1459 1503 1562 1738  338 1650 1854 1859  1413 1639 1655 1691  1100 1174 1655 1691  558 561 599 1711  543 602 622 1737  975 979 1009 1608  124 133 141 1494  1404 1533 1733 1796  1443 1618 1755 1882  182 184 216 1556  406 409 1439 1642  128 1303 1778 1796  576 1541 1705 1712  924 969 1350 1508  636 645 1684 1790  28 1282 1373 1811  944 1263 1781 1817  473 510 1327 1750  1411 1455 1546 1898  132 138 157 1465  862 889 911 1817  379 1319 1485 1694  401 1163 1564 1793  672 716 792 1882  913 1336 1349 1473  1672 1757 1784 1885  362 1549 1676 1793  1522 1624 1762 1870  1527 1790 1851 1926  1104 1110 1112 1119  1786 1848 1856 1861  1669 1786 1848 1861  652 677 1580 1744  926 977 1856 1861  1421 1491 1568 1776  1208 1439 1539 1642  572 608 611 1685  965 977 1856 1861  565 578 586 1634  228 270 1317 1676  726 819 1580 1819  1332 1475 1491 1591  102 154 160 1493  118 1306 1377 1796  653 683 1744 1761  1175 1519 1655 1674  403 457 480 1534  1527 1611 1851 1868  138 149 1306 1465  1499 1561 1670 1756  895 929 960 1609  1063 1254 1360 1769  1399 1547 1709 1711  1083 1160 1570 1587  1490 1546 1625 1898  195 212 237 1445  880 924 1268 1342  1046 1053 1084 1689  645 662 1618 1643  478 1152 1699 1726  875 900 1341 1345  716 792 806 1783  1378 1445 1529 1718  501 1324 1328 1537  60 62 1289 1720  1420 1864 1909 1932  193 1410 1559 1835  604 1647 1677 1865  1807 1892 1938 1945  1016 1040 1055 1066  1503 1609 1730 1795  827 907 920 1817  13 1205 1434 1635  1455 1490 1536 1754  150 182 191 1556  308 401 415 1793  1394 1538 1901 1930  1392 1822 1929 1939  1068 1071 1160 1457  389 431 443 1540  495 512 569 1828  56 61 1453 1512  1443 1618 1643 1922  135 147 1661 1702  1038 1185 1482 1690  816 833 893 1563  1089 1639 1655 1691  654 704 761 1724  1083 1570 1587 1748  412 420 1765 1878  345 1417 1480 1644  62 84 92 1720  855 917 1609 1795  1076 1104 1113 1122  796 833 1209 1335  311 321 1500 1792  252 298 1521 1728  1807 1865 1890 1924  539 594 1532 1697  241 1309 1725 1788  357 408 463 1768  1083 1587 1741 1748  319 322 1509 1637  163 178 181 1585  63 111 1294 1657  721 1213 1258 1627  618 626 639 1746  843 861 1841 1875  1075 1104 1110 1369  941 1002 1012 1678  954 989 1354 1610  1011 1075 1096 1366  936 1476 1597 1764  1039 1075 1104 1110  1075 1110 1112 1369  91 110 1553 1660  1864 1909 1910 1932  757 1841 1917 1924  277 293 333 1682  12 14 1628 1740  1141 1466 1496 1651  12 54 1628 1740  496 515 594 1532  979 985 1186 1723  1407 1533 1912 1916  1533 1588 1836 1916  1064 1430 1570 1880  255 317 1613 1859  1396 1474 1604 1671  1476 1552 1658 1700  129 161 1604 1782  1396 1456 1682 1728  43 1542 1606 1855  149 171 1417 1551  1478 1638 1722 1895  1405 1481 1550 1827  1179 1417 1526 1551  145 1538 1696 1718  377 1564 1735 1793  1477 1540 1831 1932  415 460 1163 1793  366 415 1676 1793  193 278 1666 1859  934 1198 1505 1806  1534 1650 1829 1853  1077 1099 1441 1775  75 79 95 1553  949 963 986 1462  1394 1538 1718 1887  193 255 278 1859  907 1598 1798 1817  224 1208 1642 1784  84 113 1481 1720  443 1477 1698 1831  379 448 1431 1602  519 1561 1729 1756  820 865 870 1692  622 624 1572 1677  218 254 281 1596  961 987 1441 1886  23 29 1575 1797  114 129 1243 1782  1416 1477 1698 1937  1408 1653 1845 1855  74 1297 1453 1545  135 1153 1584 1661  685 699 701 1773  362 1549 1762 1793  1393 1470 1843 1874  22 33 41 1617  1438 1621 1662 1848  750 841 858 1155  1814 1896 1898 1944  118 128 1306 1796  1471 1550 1633 1657  1517 1519 1655 1856  255 1613 1837 1859  1452 1499 1622 1756  863 882 1491 1776  978 1003 1144 1149  343 1135 1663 1799  672 1618 1846 1923  262 1128 1221 1501  247 1672 1784 1885  346 393 438 1732  827 860 862 1130  827 860 872 1130  1449 1471 1657 1900  1399 1547 1709 1833  1749 1832 1875 1919  827 872 920 1130  1468 1655 1674 1691  282 386 1128 1501  887 900 925 1425  1404 1469 1778 1858  1079 1096 1099 1441  1077 1079 1099 1441  121 126 156 1483  207 291 1315 1713  406 409 1439 1784  430 449 1325 1518  107 121 126 1483  146 1194 1480 1752  258 286 1415 1767  694 712 1630 1805  137 1483 1556 1671  177 196 226 1427  344 1151 1181 1259  235 269 1318 1429  611 634 1572 1677  1458 1525 1656 1934  100 1302 1657 1679  1638 1895 1897 1905  1089 1103 1517 1655  1391 1477 1830 1948  419 427 462 1903  106 119 1162 1583  588 598 627 1532  736 808 861 1832  128 146 149 1465  820 1625 1692 1693  1453 1512 1588 1646  1413 1748 1749 1873  1428 1484 1553 1822  967 984 990 1566  1534 1830 1928 1946  668 673 1745 1805  113 142 165 1645  117 145 153 1696  1049 1054 1078 1654  1013 1053 1519 1689  165 188 1645 1713  320 425 448 1602  784 1503 1673 1743  79 91 95 1553  175 186 231 1454  479 553 561 1714  69 81 130 1687  1405 1412 1495 1713  1412 1485 1694 1708  0 15 28 1811  1412 1431 1602 1715  56 1376 1453 1512  362 366 1676 1793  890 893 1335 1563  1097 1100 1262 1691  503 546 547 1561  347 403 421 1829  268 1666 1735 1854  1467 1559 1628 1835  611 615 1572 1685  31 36 40 1653  1050 1061 1169 1457  420 1509 1637 1765  320 379 448 1602  178 202 1539 1585  1422 1506 1649 1717  1428 1553 1660 1742  1391 1408 1506 1845  213 1181 1311 1488  1303 1612 1778 1796  516 573 1325 1518  243 306 313 1321  787 790 793 1502  390 498 1695 1712  31 35 43 1606  1054 1059 1654 1775  168 203 1614 1808  243 306 1259 1321  377 387 472 1564  437 1499 1721 1729  694 1222 1440 1805  712 750 770 1592  910 932 1348 1433  1407 1453 1483 1545  1428 1659 1823 1858  1477 1831 1889 1932  75 79 1553 1736  1707 1710 1712 1802  294 341 353 1216  209 225 260 1727  282 386 1191 1215  315 386 1191 1215  171 185 1312 1551  855 1334 1503 1738  219 1206 1207 1539  21 23 1286 1575  1487 1611 1746 1790  1160 1457 1514 1570  1400 1430 1432 1570  1145 1151 1488 1763  1730 1774 1786 1863  819 839 1418 1785  1406 1441 1482 1886  1214 1423 1496 1651  797 1147 1433 1571  363 1145 1151 1763  1071 1160 1457 1570  1060 1166 1432 1570  706 776 788 1743  33 58 70 1467  175 186 1454 1718  1548 1684 1865 1924  18 22 33 1617  1540 1682 1864 1932  1548 1618 1643 1922  1461 1596 1732 1768  1114 1519 1655 1681  1413 1468 1513 1748  705 719 740 1578  409 411 1642 1784  1032 1517 1519 1681  1429 1522 1762 1870  687 703 766 1510  263 302 305 1426  48 55 56 1512  550 554 559 1589  1248 1249 1435 1526  1100 1261 1262 1691  936 1347 1597 1764  186 1409 1454 1718  1414 1447 1789 1820  215 224 238 1672  7 9 16 1740  1041 1200 1754 1876  52 59 1184 1506  1409 1423 1496 1787  834 900 1341 1764  288 363 374 1151  791 1425 1578 1764  265 300 321 1182  46 1193 1506 1653  265 300 304 1182  363 374 1151 1763  838 1459 1743 1774  1407 1408 1484 1588  484 498 1705 1804  668 712 1178 1805  814 1236 1543 1560  961 1406 1774 1886  668 673 712 1805  1401 1489 1598 1608  744 760 778 1552  128 146 1465 1584  1409 1466 1557 1820  179 1559 1628 1835  179 204 1628 1835  1611 1851 1868 1871  998 1020 1021 1593  1077 1079 1226 1441  104 1612 1742 1778  1394 1463 1541 1634  49 52 83 1474  1011 1075 1096 1441  428 1273 1460 1750  573 581 589 1518  71 73 1154 1812  1403 1476 1615 1631  1003 1144 1593 1631  949 986 1462 1581  1437 1585 1661 1702  978 1149 1631 1771  18 1434 1559 1617  1841 1843 1875 1919  1025 1638 1722 1895  858 873 1155 1630  1184 1649 1653 1717  888 942 1343 1571  84 95 125 1753  387 472 492 1564  1391 1407 1910 1916  962 971 1776 1809  1579 1891 1917 1945  188 284 1496 1713  1089 1100 1103 1655  536 549 1561 1589  894 946 1535 1776  503 547 549 1561  1414 1486 1589 1789  1405 1495 1602 1715  1249 1250 1435 1526  1395 1516 1522 1866  262 1501 1672 1757  654 665 704 1724  816 1209 1448 1563  1035 1037 1045 1777  839 1418 1505 1806  677 713 1580 1785  345 372 1480 1878  974 1225 1351 1616  688 1450 1643 1766  954 1268 1269 1508  377 401 494 1163  1392 1709 1833 1853  1693 1877 1882 1896  354 397 452 1537  523 530 1256 1565  395 399 468 1565  1065 1069 1607 1722  527 575 612 1594  156 176 184 1686  1026 1361 1490 1599  917 941 1562 1795  59 64 87 1758  748 799 800 1652  351 405 1767 1768  1874 1908 1941 1944  1452 1561 1636 1789  787 793 1502 1615  634 637 659 1677  1220 1414 1454 1667  74 87 1297 1758  1453 1483 1671 1758  316 354 373 1537  324 422 1466 1651  684 700 724 1619  396 464 1234 1623  441 532 533 1729  877 885 901 1723  1476 1658 1700 1764  287 414 434 1221  950 951 993 1665  317 404 1829 1859  121 155 1686 1759  1424 1507 1508 1615  826 867 1440 1779  89 96 121 1483  213 243 1321 1526  172 187 206 1435  1706 1707 1801 1802  327 342 1250 1435  886 1673 1743 1774  266 1626 1663 1747  1396 1474 1604 1751  531 557 1516 1624  931 946 991 1535  1478 1621 1848 1849  143 186 205 1887  233 277 1456 1728  640 683 737 1917  1238 1454 1466 1530  1036 1511 1590 1876  167 187 1179 1644  942 1343 1571 1680  1024 1033 1057 1621  981 1462 1769 1770  797 802 1148 1569  1247 1435 1500 1526  1392 1399 1833 1900  1043 1050 1251 1455  1391 1915 1916 1948  925 939 1425 1597  388 469 503 1636  505 507 1152 1537  847 881 903 1492  662 1618 1643 1755  1407 1533 1588 1759  685 699 1510 1773  1401 1616 1641 1920  436 1204 1523 1558  819 909 1198 1806  72 1453 1545 1588  238 349 1196 1672  1400 1411 1455 1898  1531 1562 1840 1863  109 199 1299 1493  880 1268 1508 1563  1009 1015 1590 1608  205 271 284 1496  1459 1619 1738 1743  267 301 1426 1523  774 795 868 1603  882 894 1568 1776  1413 1639 1848 1925  1471 1550 1657 1900  643 670 736 1838  1399 1431 1703 1815  427 482 508 1789  212 237 275 1667  482 536 1452 1789  273 297 1648 1757  885 1489 1599 1723  1035 1189 1546 1593  656 666 690 1177  1502 1507 1546 1593  994 1359 1403 1593  1403 1502 1507 1593  690 707 789 1745  208 232 233 1751  868 876 1334 1562  404 1650 1829 1859  259 260 334 1622  691 768 788 1839  510 1327 1384 1750  1402 1464 1620 1888  840 1343 1571 1680  425 456 506 1554  994 1003 1144 1593  1013 1513 1519 1689  1414 1486 1600 1667  209 222 260 1464  998 1507 1593 1631  227 299 1313 1379  242 263 267 1426  316 336 354 1699  1001 1014 1019 1734  694 723 1440 1630  929 960 1142 1544  1843 1874 1875 1936  1394 1447 1820 1902  250 265 321 1182  250 321 341 1182  294 304 341 1182  250 294 341 1182  250 294 304 1182  170 181 190 1620  839 848 1281 1505  961 1406 1441 1886  1022 1143 1511 1608  1059 1226 1482 1775  238 264 1197 1501  389 421 443 1698  941 1562 1678 1795  180 1302 1679 1788  960 993 1142 1185  318 1663 1747 1810  984 994 1472 1566  722 734 810 1743  595 625 638 1761  1160 1514 1570 1587  1437 1632 1688 1867  616 1640 1846 1871  653 683 726 1744  478 490 1152 1726  1244 1530 1557 1600  331 1164 1530 1600  458 538 1860 1872  608 611 1572 1685  921 937 970 1188  14 16 37 1740  508 1447 1629 1902  888 921 937 1188  556 576 1705 1712  6 10 51 1283  1054 1059 1082 1775  269 1429 1525 1762  342 378 1614 1688  1416 1477 1830 1889  798 1336 1337 1473  1405 1495 1602 1633  910 1348 1433 1473  179 193 1559 1835  1548 1832 1922 1924  21 42 98 1190  42 66 98 1190  30 42 66 1190  147 158 168 1702  266 281 343 1663  43 48 1289 1855  31 43 48 1855  386 434 439 1191  352 434 439 1191  352 439 1126 1191  315 352 1126 1191  315 439 1126 1191  709 759 784 1743  709 759 1265 1743  1410 1467 1471 1934  1302 1471 1633 1679  1429 1471 1656 1934  1650 1666 1821 1859  975 979 1608 1781  787 790 1502 1877  371 422 459 1651  1310 1378 1445 1529  899 926 965 1861  637 659 667 1838  1054 1082 1654 1775  283 316 1699 1726  271 1253 1409 1466  1349 1433 1473 1571  149 167 1417 1644  1075 1095 1109 1195  1075 1095 1096 1195  228 360 1317 1762  255 278 338 1859  652 1157 1580 1744  672 716 1846 1923  1088 1097 1100 1691  916 1774 1786 1863  1035 1043 1045 1777  10 51 1284 1555  1408 1453 1506 1758  819 839 909 1198  672 1618 1882 1923  846 887 1425 1578  124 141 153 1696  321 341 349 1197  6 1132 1635 1811  166 170 1227 1620  166 170 1180 1620  377 1549 1735 1793  1205 1434 1555 1635  238 349 1196 1197  660 670 757 1924  660 757 1917 1924  482 508 537 1789  965 1013 1413 1468  644 1744 1761 1899  306 307 363 1259  1650 1833 1853 1927  448 479 1323 1431  101 117 124 1660  871 902 1188 1566  950 982 1352 1690  1579 1744 1761 1899  195 1310 1378 1445  939 1127 1433 1680  340 1576 1614 1672  924 1268 1342 1508  855 1562 1609 1795  627 641 652 1744  1748 1749 1873 1881  1407 1483 1759 1912  403 404 480 1534  251 255 317 1613  1814 1824 1897 1905  1401 1598 1616 1641  10 11 1283 1284  926 1669 1786 1861  783 787 1577 1615  656 690 1177 1724  759 837 864 1333  592 595 638 1761  1395 1821 1833 1900  846 1425 1492 1773  1393 1401 1470 1843  215 1500 1576 1672  12 14 39 1628  204 240 1458 1493  934 1351 1616 1806  1402 1529 1620 1696  834 887 900 1764  168 1614 1702 1752  680 692 715 1498  4 8 12 1740  970 980 990 1739  1470 1843 1874 1936  1443 1498 1824 1896  1391 1407 1453 1910  459 518 1557 1712  1531 1562 1603 1840  1487 1846 1871 1938  1022 1028 1362 1511  252 277 298 1728  48 55 1515 1855  278 338 1854 1859  286 329 351 1767  642 708 1842 1899  880 1508 1552 1563  128 135 1240 1584  386 414 434 1501  246 285 1316 1715  457 480 1534 1852  1443 1618 1847 1922  834 1341 1700 1764  1613 1650 1829 1859  63 100 111 1657  400 428 473 1750  1028 1386 1387 1511  1556 1834 1909 1910  324 328 422 1466  368 1439 1614 1672  833 890 893 1335  1403 1546 1593 1734  1408 1422 1506 1653  798 803 1336 1473  887 903 925 1425  1052 1218 1504 1607  552 576 1634 1712  563 569 606 1518  710 727 1157 1580  941 1012 1678 1795  1038 1059 1226 1482  1428 1469 1836 1858  6 10 11 1283  777 1418 1641 1652  567 598 605 1532  793 1502 1560 1615  968 1024 1356 1535  397 446 452 1324  923 952 985 1723  1669 1786 1862 1863  806 1605 1783 1883  313 326 1321 1526  1396 1474 1682 1728  536 1452 1561 1670  1402 1414 1445 1464  583 616 626 1746  245 288 1151 1488  1022 1444 1511 1608  1374 1497 1575 1717  327 342 378 1614  1028 1358 1385 1444  1522 1524 1554 1791  327 342 1435 1614  1408 1453 1506 1512  302 348 365 1499  1038 1226 1241 1482  1579 1819 1899 1917  415 1549 1676 1793  1364 1470 1511 1582  67 75 84 1736  434 444 512 1648  969 1149 1631 1771  354 373 397 1537  969 978 1149 1771  466 471 1326 1486  833 893 1335 1563  553 600 603 1547  680 718 1498 1755  166 198 1310 1529  616 1746 1846 1871  986 997 1027 1462  1023 1063 1360 1769  195 212 1310 1445  1401 1598 1641 1883  287 414 1221 1501  714 765 772 1738  441 442 532 1561  453 563 569 1518  476 484 558 1705  65 73 75 1812  328 1238 1466 1530  366 415 460 1793  460 529 1163 1564  361 442 503 1561  737 757 1841 1917  1507 1577 1814 1895  955 978 1350 1771  610 612 1594 1850  866 912 933 1673  177 1427 1474 1728  1085 1098 1513 1741  1477 1534 1698 1829  1148 1569 1571 1683  1830 1915 1933 1948  10 17 23 1797  1023 1063 1070 1360  1419 1432 1470 1874  1583 1584 1661 1858  282 287 434 1221  314 352 434 1191  1397 1824 1897 1905  216 218 1556 1626  148 1309 1314 1788  1442 1853 1929 1947  933 961 1011 1690  44 45 1286 1497  1409 1423 1466 1557  293 364 1456 1682  356 375 1417 1637  1450 1531 1840 1943  297 316 323 1907  1089 1100 1655 1691  1314 1602 1725 1788  13 18 1434 1617  1398 1539 1622 1727  224 238 247 1672  349 1500 1576 1672  1391 1477 1521 1829  1405 1412 1495 1715  384 492 497 1731  623 1527 1790 1926  1022 1028 1444 1511  1422 1542 1649 1653  901 952 985 1723  1060 1364 1387 1582  1079 1226 1241 1441  1556 1834 1909 1912  1618 1790 1846 1890  1428 1484 1553 1742  429 1523 1726 1885  587 611 615 1685  382 1632 1688 1867  599 609 1611 1869  636 637 1684 1926  1042 1044 1072 1849  1499 1561 1729 1756  1567 1659 1857 1860  360 461 487 1624  325 376 434 1648  140 1396 1604 1671  1405 1495 1645 1713  574 622 624 1572  215 238 1196 1672  592 1520 1831 1879  120 1467 1656 1687  1605 1841 1843 1919  630 639 1611 1790  1436 1626 1663 1825  98 116 1427 1797  936 1345 1347 1764  49 1474 1717 1782  522 562 1461 1825  1394 1409 1557 1820  1036 1047 1200 1876  324 1239 1253 1466  160 227 1493 1813  658 1892 1938 1945  328 1238 1239 1466  810 838 886 1743  17 25 1595 1649  368 1439 1672 1784  83 90 1474 1604  1404 1632 1659 1858  1211 1480 1632 1688  1023 1357 1360 1769  235 339 1388 1524  31 36 1595 1653  242 261 267 1523  13 18 1434 1635  1436 1509 1626 1747  718 1498 1755 1877  895 906 960 1609  914 931 962 1776  994 1144 1631 1780  238 264 1128 1501  1010 1590 1599 1723  74 89 1297 1545  1404 1465 1586 1733  275 330 1320 1667  1570 1587 1748 1873  759 784 1333 1673  26 27 35 1542  95 125 136 1753  746 1146 1278 1492  929 960 1544 1609  389 443 1477 1540  17 23 29 1797  1394 1704 1901 1939  1029 1385 1444 1528  1404 1469 1612 1778  1042 1356 1621 1662  517 540 551 1729  193 1410 1559 1617  593 602 1137 1731  239 263 276 1622  934 949 986 1351  943 966 1233 1780  435 454 1203 1523  134 1458 1493 1628  986 997 1462 1581  100 103 1302 1679  61 72 1453 1588  46 59 64 1506  969 1350 1508 1771  420 451 1509 1637  1414 1464 1636 1789  843 898 928 1581  1413 1587 1873 1925  969 1354 1508 1631  168 172 192 1752  288 374 1151 1763  959 989 1007 1610  357 405 463 1768  213 326 1321 1526  520 581 1518 1750  612 631 642 1892  1412 1706 1708 1801  271 1409 1466 1496  1392 1481 1822 1901  84 113 125 1753  1495 1602 1633 1715  912 933 982 1665  1315 1316 1495 1715  190 198 1464 1620  1430 1432 1470 1874  271 284 1140 1496  1659 1823 1858 1903  1561 1589 1636 1789  987 1441 1517 1886  599 609 623 1611  326 345 1250 1526  1476 1508 1552 1615  279 317 347 1829  1401 1581 1701 1843  1414 1445 1454 1820  845 856 885 1884  1115 1280 1519 1674  1819 1841 1918 1920  372 382 1211 1632  194 234 258 1415  1350 1508 1658 1771  172 192 1435 1752  1548 1684 1838 1865  100 1302 1633 1657  10 17 1555 1797  854 1669 1862 1942  68 103 1295 1679  619 640 660 1891  988 1000 1598 1608  189 194 234 1751  261 267 283 1523  787 1502 1577 1615  1092 1105 1107 1689  478 513 1138 1699  1452 1464 1622 1727  762 783 787 1577  282 1128 1221 1501  1007 1610 1638 1809  850 908 1343 1571  1481 1515 1720 1736  121 1686 1759 1912  1478 1514 1848 1941  93 112 1242 1742  227 1379 1676 1813  722 734 1265 1743  898 949 1581 1806  359 373 400 1750  257 319 337 1763  693 721 1213 1627  743 1491 1591 1627  1479 1546 1625 1734  766 773 836 1510  418 491 1623 1810  882 894 1133 1568  703 766 773 1510  372 1211 1480 1632  1405 1412 1706 1803  1564 1624 1735 1793  704 761 805 1724  265 300 321 1792  1053 1076 1093 1519  921 938 956 1739  757 843 861 1841  642 644 1579 1899  943 966 1264 1780  1396 1682 1864 1910  1031 1260 1590 1754  132 157 1465 1586  849 895 929 1665  1420 1594 1831 1879  89 107 1297 1483  338 426 1650 1854  1438 1730 1786 1863  224 1208 1439 1784  336 395 1565 1699  935 957 988 1616  1437 1494 1585 1888  861 1749 1832 1875  1147 1336 1473 1571  210 1626 1686 1747  345 1250 1480 1644  340 368 1614 1672  46 59 1193 1506  235 1318 1429 1524  271 1141 1466 1496  106 1162 1583 1660  1411 1814 1895 1905  355 1322 1762 1791  1422 1542 1653 1855  465 1203 1426 1523  1395 1650 1833 1854  219 239 242 1426  1018 1048 1063 1254  1556 1686 1909 1912  1224 1440 1510 1773  1386 1387 1511 1582  572 593 608 1737  392 469 500 1589  1001 1359 1566 1734  935 957 1616 1798  518 1326 1383 1557  902 1188 1566 1739  1061 1217 1218 1455  909 934 949 1806  198 222 244 1464  957 988 1000 1598  1611 1709 1868 1869  1436 1509 1663 1825  375 381 410 1637  1164 1244 1486 1600  965 1413 1748 1881  468 501 523 1256  41 68 1158 1574  1605 1843 1883 1918  1101 1113 1114 1681  1403 1472 1479 1566  260 334 1561 1622  949 963 1462 1581  163 168 178 1702  263 276 302 1622  1482 1654 1775 1886  1393 1400 1432 1874  243 1181 1259 1321  997 1029 1225 1701  1397 1421 1535 1776  1419 1444 1470 1511  57 63 1606 1657  410 451 1509 1637  809 816 880 1563  1169 1455 1457 1536  290 361 388 1636  1428 1822 1901 1930  655 680 1618 1755  1075 1095 1096 1366  48 55 1512 1855  412 458 467 1860  340 349 1576 1672  406 409 1245 1451  1326 1447 1486 1557  656 671 690 1724  44 49 77 1782  640 1579 1761 1891  667 700 711 1766  791 1252 1569 1683  168 192 1614 1752  161 208 217 1782  845 1625 1693 1884  1297 1453 1545 1758  1418 1580 1819 1899  781 790 820 1693  969 1149 1354 1631  109 1183 1288 1716  1397 1638 1897 1905  700 724 767 1531  202 219 1206 1539  1395 1522 1554 1602  127 1533 1612 1796  260 1464 1622 1636  460 487 1564 1793  990 994 1359 1566  1596 1626 1663 1909  1087 1088 1097 1691  316 359 373 1460  1414 1447 1557 1820  814 829 1543 1560  1180 1529 1620 1696  531 1516 1522 1624  686 722 734 1265  726 727 1580 1744  1443 1618 1847 1923  1443 1618 1882 1923  1106 1107 1280 1689  644 677 1580 1744  653 726 727 1744  19 27 1595 1617  1407 1408 1453 1588  1403 1502 1546 1692  305 365 391 1721  1477 1831 1889 1937  572 1685 1737 1866  276 334 1499 1622  1507 1546 1593 1777  882 894 946 1776  1005 1042 1356 1662  1693 1814 1896 1898  910 932 1433 1473  572 587 611 1685  431 477 525 1831  1 6 1373 1811  549 550 559 1589  925 1347 1425 1597  87 90 1671 1758  319 1229 1637 1763  526 578 583 1629  705 719 771 1578  1400 1432 1457 1570  459 1423 1557 1651  683 1580 1744 1899  317 1613 1829 1859  1061 1455 1457 1607  1261 1262 1468 1691  1422 1474 1506 1717  766 836 1440 1510  122 155 1733 1759  18 33 1559 1617  428 510 1273 1750  556 576 590 1705  1414 1530 1557 1600  1002 1012 1049 1654  1069 1514 1607 1722  1026 1361 1599 1734  487 560 1564 1731  463 539 1768 1879  1287 1574 1606 1617  100 111 159 1302  753 775 846 1578  993 1544 1665 1690  1380 1431 1694 1815  1023 1046 1092 1513  1079 1241 1441 1690  762 783 1577 1760  615 637 1677 1926  522 562 568 1461  838 854 916 1774  1416 1534 1830 1929  1183 1288 1628 1716  1475 1491 1591 1776  203 215 224 1672  254 312 346 1596  838 886 1743 1774  899 940 965 1861  579 582 602 1731  25 29 34 1649  193 1410 1666 1931  107 126 150 1483  658 1842 1892 1945  440 461 531 1522  1426 1499 1622 1756  1183 1493 1628 1716  200 228 1307 1525  1412 1431 1485 1715  1613 1859 1927 1931  907 957 1598 1798  874 892 1652 1798  874 892 935 1798  797 1277 1278 1569  71 72 82 1588  327 340 1576 1614  834 887 1578 1764  359 373 1460 1750  894 1421 1535 1568  733 787 790 1877  1538 1787 1887 1901  1601 1619 1839 1862  1701 1770 1880 1936  708 777 1785 1899  1472 1597 1680 1683  423 502 1522 1791  587 603 1547 1685  158 162 172 1752  757 1832 1841 1924  1832 1841 1847 1924  1072 1074 1087 1925  1072 1074 1849 1925  1069 1074 1080 1925  1069 1080 1514 1925  1069 1074 1514 1925  615 1527 1572 1926  615 1572 1677 1926  1572 1677 1852 1926  1527 1572 1852 1926  1682 1864 1910 1932  1392 1833 1853 1927  1392 1833 1900 1927  1392 1827 1853 1927  1392 1827 1900 1927  1449 1827 1900 1927  1449 1827 1921 1927  508 526 1629 1940  1613 1845 1921 1928  1613 1921 1927 1928  1650 1829 1853 1928  1650 1853 1927 1928  1613 1650 1829 1928  1613 1650 1927 1928  1826 1827 1921 1928  1647 1851 1852 1947  1527 1851 1868 1947  1827 1921 1927 1928  1534 1647 1852 1947  1477 1830 1889 1948  1567 1834 1916 1948  1416 1640 1889 1935  1458 1467 1656 1934  1458 1525 1870 1934  1394 1463 1629 1930  1402 1823 1902 1930  1402 1820 1902 1930  1402 1538 1820 1930  1402 1538 1904 1930  1394 1447 1629 1930  1447 1629 1902 1930  1394 1447 1902 1930  193 1410 1617 1931  193 255 1837 1931  255 1837 1859 1931  193 255 1859 1931  193 1434 1617 1931  1434 1617 1837 1931  193 1434 1837 1931  928 1581 1770 1936  1470 1701 1843 1936  1463 1868 1872 1933  1463 1857 1872 1933  508 1629 1902 1940  458 462 526 1940  1567 1836 1857 1933  1836 1857 1915 1933  1567 1836 1915 1933  1416 1889 1933 1935  1416 1640 1871 1935  1416 1871 1933 1935  616 1746 1871 1935  1746 1871 1872 1935  616 1746 1872 1935  1477 1698 1831 1937  1520 1850 1889 1937  1520 1831 1889 1937  1487 1640 1871 1937  1487 1647 1851 1937  1416 1647 1851 1937  1487 1851 1871 1937  1416 1851 1871 1937  1520 1807 1893 1938  1487 1893 1937 1938  1487 1640 1937 1938  1520 1850 1892 1938  1520 1893 1937 1938  1520 1850 1937 1938  1640 1850 1937 1938  1394 1901 1930 1939  1394 1463 1930 1939  1394 1463 1541 1939  1394 1541 1704 1939  1541 1704 1707 1939  1704 1707 1709 1939  1541 1707 1709 1939  458 526 538 1940  526 538 1872 1940  458 538 1872 1940  1659 1857 1860 1940  458 1659 1860 1940  1443 1605 1919 1944  1443 1824 1896 1944  1400 1411 1607 1941  1411 1478 1607 1941  1411 1478 1905 1941  1400 1411 1898 1941  1411 1898 1905 1941  1605 1847 1917 1945  658 1923 1938 1945  1548 1832 1922 1942  736 1548 1832 1942  736 1548 1838 1942  1531 1840 1863 1943  1531 1863 1906 1943  1397 1478 1905 1943  1478 1905 1941 1943  1669 1749 1908 1943  1749 1908 1941 1943  1814 1898 1905 1944  1814 1896 1905 1944  1807 1890 1924 1945  1847 1890 1924 1945  1822 1915 1933 1946  1830 1929 1933 1946  1830 1915 1933 1946  1442 1709 1929 1947  1527 1709 1868 1947  1709 1868 1929 1947  1391 1477 1932 1948  1567 1915 1933 1948  1834 1889 1913 1948  1567 1889 1913 1948  1567 1834 1913 1948  1391 1910 1916 1948  1834 1910 1916 1948  1834 1910 1932 1948  1391 1910 1932 1948  1567 1836 1915 1948  1836 1915 1916 1948  1567 1836 1916 1948  </DataArray>
<DataArray  type="UInt32"  Name="offsets"  format="ascii">4 8 12 16 20 24 28 32 36 40 44 48 52 56 60 64 68 72 76 80 84 88 92 96 100 104 108 112 116 120 124 128 132 136 140 144 148 152 156 160 164 168 172 176 180 184 188 192 196 200 204 208 212 216 220 224 228 232 236 240 244 248 252 256 260 264 268 272 276 280 284 288 292 296 300 304 308 312 316 320 324 328 332 336 340 344 348 352 356 360 364 368 372 376 380 384 388 392 396 400 404 408 412 416 420 424 428 432 436 440 444 448 452 456 460 464 468 472 476 480 484 488 492 496 500 504 508 512 516 520 524 528 532 536 540 544 548 552 556 560 564 568 572 576 580 584 588 592 596 600 604 608 612 616 620 624 628 632 636 640 644 648 652 656 660 664 668 672 676 680 684 688 692 696 700 704 708 712 716 720 724 728 732 736 740 744 748 752 756 760 764 768 772 776 780 784 788 792 796 800 804 808 812 816 820 824 828 832 836 840 844 848 852 856 860 864 868 872 876 880 884 888 892 896 900 904 908 912 916 920 924 928 932 936 940 944 948 952 956 960 964 968 972 976 980 984 988 992 996 1000 1004 1008 1012 1016 1020 1024 1028 1032 1036 1040 1044 1048 1052 1056 1060 1064 1068 1072 1076 1080 1084 1088 1092 1096 1100 1104 1108 1112 1116 1120 1124 1128 1132 1136 1140 1144 1148 1152 1156 1160 1164 1168 1172 1176 1180 1184 1188 1192 1196 1200 1204 1208 1212 1216 1220 1224 1228 1232 1236 1240 1244 1248 1252 1256 1260 1264 1268 1272 1276 1280 1284 1288 1292 1296 1300 1304 1308 1312 1316 1320 1324 1328 1332 1336 1340 1344 1348 1352 1356 1360 1364 1368 1372 1376 1380 1384 1388 1392 1396 1400 1404 1408 1412 1416 1420 1424 1428 1432 1436 1440 1444 1448 1452 1456 1460 1464 1468 1472 1476 1480 1484 1488 1492 1496 1500 1504 1508 1512 1516 1520 1524 1528 1532 1536 1540 1544 1548 1552 1556 1560 1564 1568 1572 1576 1580 1584 1588 1592 1596 1600 1604 1608 1612 1616 1620 1624 1628 1632 1636 1640 1644 1648 1652 1656 1660 1664 1668 1672 1676 1680 1684 1688 1692 1696 1700 1704 1708 1712 1716 1720 1724 1728 1732 1736 1740 1744 1748 1752 1756 1760 1764 1768 1772 1776 1780 1784 1788 1792 1796 1800 1804 1808 1812 1816 1820 1824 1828 1832 1836 1840 1844 1848 1852 1856 1860 1864 1868 1872 1876 1880 1884 1888 1892 1896 1900 1904 1908 1912 1916 1920 1924 1928 1932 1936 1940 1944 1948 1952 1956 1960 1964 1968 1972 1976 1980 1984 1988 1992 1996 2000 2004 2008 2012 2016 2020 2024 2028 2032 2036 2040 2044 2048 2052 2056 2060 2064 2068 2072 2076 2080 2084 2088 2092 2096 2100 2104 2108 2112 2116 2120 2124 2128 2132 2136 2140 2144 2148 2152 2156 2160 2164 2168 2172 2176 2180 2184 2188 2192 2196 2200 2204 2208 2212 2216 2220 2224 2228 2232 2236 2240 2244 2248 2252 2256 2260 2264 2268 2272 2276 2280 2284 2288 2292 2296 2300 2304 2308 2312 2316 2320 2324 2328 2332 2336 2340 2344 2348 2352 2356 2360 2364 2368 2372 2376 2380 2384 2388 2392 2396 2400 2404 2408 2412 2416 2420 2424 2428 2432 2436 2440 2444 2448 2452 2456 2460 2464 2468 2472 2476 2480 2484 2488 2492 2496 2500 2504 2508 2512 2516 2520 2524 2528 2532 2536 2540 2544 2548 2552 2556 2560 2564 2568 2572 2576 2580 2584 2588 2592 2596 2600 2604 2608 2612 2616 2620 2624 2628 2632 2636 2640 2644 2648 2652 2656 2660 2664 2668 2672 2676 2680 2684 2688 2692 2696 2700 2704 2708 2712 2716 2720 2724 2728 2732 2736 2740 2744 2748 2752 2756 2760 2764 2768 2772 2776 2780 2784 2788 2792 2796 2800 2804 2808 2812 2816 2820 2824 2828 2832 2836 2840 2844 2848 2852 2856 2860 2864 2868 2872 2876 2880 2884 2888 2892 2896 2900 2904 2908 2912 2916 2920 2924 2928 2932 2936 2940 2944 2948 2952 2956 2960 2964 2968 2972 2976 2980 2984 2988 2992 2996 3000 3004 3008 3012 3016 3020 3024 3028 3032 3036 3040 3044 3048 3052 3056 3060 3064 3068 3072 3076 3080 3084 3088 3092 3096 3100 3104 3108 3112 3116 3120 3124 3128 3132 3136 3140 3144 3148 3152 3156 3160 3164 3168 3172 3176 3180 3184 3188 3192 3196 3200 3204 3208 3212 3216 3220 3224 3228 3232 3236 3240 3244 3248 3252 3256 3260 3264 3268 3272 3276 3280 3284 3288 3292 3296 3300 3304 3308 3312 3316 3320 3324 3328 3332 3336 3340 3344 3348 3352 3356 3360 3364 3368 3372 3376 3380 3384 3388 3392 3396 3400 3404 3408 3412 3416 3420 3424 3428 3432 3436 3440 3444 3448 3452 3456 3460 3464 3468 3472 3476 3480 3484 3488 3492 3496 3500 3504 3508 3512 3516 3520 3524 3528 3532 3536 3540 3544 3548 3552 3556 3560 3564 3568 3572 3576 3580 3584 3588 3592 3596 3600 3604 3608 3612 3616 3620 3624 3628 3632 3636 3640 3644 3648 3652 3656 3660 3664 3668 3672 3676 3680 3684 3688 3692 3696 3700 3704 3708 3712 3716 3720 3724 3728 3732 3736 3740 3744 3748 3752 3756 3760 3764 3768 3772 3776 3780 3784 3788 3792 3796 3800 3804 3808 3812 3816 3820 3824 3828 3832 3836 3840 3844 3848 3852 3856 3860 3864 3868 3872 3876 3880 3884 3888 3892 3896 3900 3904 3908 3912 3916 3920 3924 3928 3932 3936 3940 3944 3948 3952 3956 3960 3964 3968 3972 3976 3980 3984 3988 3992 3996 4000 4004 4008 4012 4016 4020 4024 4028 4032 4036 4040 4044 4048 4052 4056 4060 4064 4068 4072 4076 4080 4084 4088 4092 4096 4100 4104 4108 4112 4116 4120 4124 4128 4132 4136 4140 4144 4148 4152 4156 4160 4164 4168 4172 4176 4180 4184 4188 4192 4196 4200 4204 4208 4212 4216 4220 4224 4228 4232 4236 4240 4244 4248 4252 4256 4260 4264 4268 4272 4276 4280 4284 4288 4292 4296 4300 4304 4308 4312 4316 4320 4324 4328 4332 4336 4340 4344 4348 4352 4356 4360 4364 4368 4372 4376 4380 4384 4388 4392 4396 4400 4404 4408 4412 4416 4420 4424 4428 4432 4436 4440 4444 4448 4452 4456 4460 4464 4468 4472 4476 4480 4484 4488 4492 4496 4500 4504 4508 4512 4516 4520 4524 4528 4532 4536 4540 4544 4548 4552 4556 4560 4564 4568 4572 4576 4580 4584 4588 4592 4596 4600 4604 4608 4612 4616 4620 4624 4628 4632 4636 4640 4644 4648 4652 4656 4660 4664 4668 4672 4676 4680 4684 4688 4692 4696 4700 4704 4708 4712 4716 4720 4724 4728 4732 4736 4740 4744 4748 4752 4756 4760 4764 4768 4772 4776 4780 4784 4788 4792 4796 4800 4804 4808 4812 4816 4820 4824 4828 4832 4836 4840 4844 4848 4852 4856 4860 4864 4868 4872 4876 4880 4884 4888 4892 4896 4900 4904 4908 4912 4916 4920 4924 4928 4932 4936 4940 4944 4948 4952 4956 4960 4964 4968 4972 4976 4980 4984 4988 4992 4996 5000 5004 5008 5012 5016 5020 5024 5028 5032 5036 5040 5044 5048 5052 5056 5060 5064 5068 5072 5076 5080 5084 5088 5092 5096 5100 5104 5108 5112 5116 5120 5124 5128 5132 5136 5140 5144 5148 5152 5156 5160 5164 5168 5172 5176 5180 5184 5188 5192 5196 5200 5204 5208 5212 5216 5220 5224 5228 5232 5236 5240 5244 5248 5252 5256 5260 5264 5268 5272 5276 5280 5284 5288 5292 5296 5300 5304 5308 5312 5316 5320 5324 5328 5332 5336 5340 5344 5348 5352 5356 5360 5364 5368 5372 5376 5380 5384 5388 5392 5396 5400 5404 5408 5412 5416 5420 5424 5428 5432 5436 5440 5444 5448 5452 5456 5460 5464 5468 5472 5476 5480 5484 5488 5492 5496 5500 5504 5508 5512 5516 5520 5524 5528 5532 5536 5540 5544 5548 5552 5556 5560 5564 5568 5572 5576 5580 5584 5588 5592 5596 5600 5604 5608 5612 5616 5620 5624 5628 5632 5636 5640 5644 5648 5652 5656 5660 5664 5668 5672 5676 5680 5684 5688 5692 5696 5700 5704 5708 5712 5716 5720 5724 5728 5732 5736 5740 5744 5748 5752 5756 5760 5764 5768 5772 5776 5780 5784 5788 5792 5796 5800 5804 5808 5812 5816 5820 5824 5828 5832 5836 5840 5844 5848 5852 5856 5860 5864 5868 5872 5876 5880 5884 5888 5892 5896 5900 5904 5908 5912 5916 5920 5924 5928 5932 5936 5940 5944 5948 5952 5956 5960 5964 5968 5972 5976 5980 5984 5988 5992 5996 6000 6004 6008 6012 6016 6020 6024 6028 6032 6036 6040 6044 6048 6052 6056 6060 6064 6068 6072 6076 6080 6084 6088 6092 6096 6100 6104 6108 6112 6116 6120 6124 6128 6132 6136 6140 6144 6148 6152 6156 6160 6164 6168 6172 6176 6180 6184 6188 6192 6196 6200 6204 6208 6212 6216 6220 6224 6228 6232 6236 6240 6244 6248 6252 6256 6260 6264 6268 6272 6276 6280 6284 6288 6292 6296 6300 6304 6308 6312 6316 6320 6324 6328 6332 6336 6340 6344 6348 6352 6356 6360 6364 6368 6372 6376 6380 6384 6388 6392 6396 6400 6404 6408 6412 6416 6420 6424 6428 6432 6436 6440 6444 6448 6452 6456 6460 6464 6468 6472 6476 6480 6484 6488 6492 6496 6500 6504 6508 6512 6516 6520 6524 6528 6532 6536 6540 6544 6548 6552 6556 6560 6564 6568 6572 6576 6580 6584 6588 6592 6596 6600 6604 6608 6612 6616 6620 6624 6628 6632 6636 6640 6644 6648 6652 6656 6660 6664 6668 6672 6676 6680 6684 6688 6692 6696 6700 6704 6708 6712 6716 6720 6724 6728 6732 6736 6740 6744 6748 6752 6756 6760 6764 6768 6772 6776 6780 6784 6788 6792 6796 6800 6804 6808 6812 6816 6820 6824 6828 6832 6836 6840 6844 6848 6852 6856 6860 6864 6868 6872 6876 6880 6884 6888 6892 6896 6900 6904 6908 6912 6916 6920 6924 6928 6932 6936 6940 6944 6948 6952 6956 6960 6964 6968 6972 6976 6980 6984 6988 6992 6996 7000 7004 7008 7012 7016 7020 7024 7028 7032 7036 7040 7044 7048 7052 7056 7060 7064 7068 7072 7076 7080 7084 7088 7092 7096 7100 7104 7108 7112 7116 7120 7124 7128 7132 7136 7140 7144 7148 7152 7156 7160 7164 7168 7172 7176 7180 7184 7188 7192 7196 7200 7204 7208 7212 7216 7220 7224 7228 7232 7236 7240 7244 7248 7252 7256 7260 7264 7268 7272 7276 7280 7284 7288 7292 7296 7300 7304 7308 7312 7316 7320 7324 7328 7332 7336 7340 7344 7348 7352 7356 7360 7364 7368 7372 7376 7380 7384 7388 7392 7396 7400 7404 7408 7412 7416 7420 7424 7428 7432 7436 7440 7444 7448 7452 7456 7460 7464 7468 7472 7476 7480 7484 7488 7492 7496 7500 7504 7508 7512 7516 7520 7524 7528 7532 7536 7540 7544 7548 7552 7556 7560 7564 7568 7572 7576 7580 7584 7588 7592 7596 7600 7604 7608 7612 7616 7620 7624 7628 7632 7636 7640 7644 7648 7652 7656 7660 7664 7668 7672 7676 7680 7684 7688 7692 7696 7700 7704 7708 7712 7716 7720 7724 7728 7732 7736 7740 7744 7748 7752 7756 7760 7764 7768 7772 7776 7780 7784 7788 7792 7796 7800 7804 7808 7812 7816 7820 7824 7828 7832 7836 7840 7844 7848 7852 7856 7860 7864 7868 7872 7876 7880 7884 7888 7892 7896 7900 7904 7908 7912 7916 7920 7924 7928 7932 7936 7940 7944 7948 7952 7956 7960 7964 7968 7972 7976 7980 7984 7988 7992 7996 8000 8004 8008 8012 8016 8020 8024 8028 8032 8036 8040 8044 8048 8052 8056 8060 8064 8068 8072 8076 8080 8084 8088 8092 8096 8100 8104 8108 8112 8116 8120 8124 8128 8132 8136 8140 8144 8148 8152 8156 8160 8164 8168 8172 8176 8180 8184 8188 8192 8196 8200 8204 8208 8212 8216 8220 8224 8228 8232 8236 8240 8244 8248 8252 8256 8260 8264 8268 8272 8276 8280 8284 8288 8292 8296 8300 8304 8308 8312 8316 8320 8324 8328 8332 8336 8340 8344 8348 8352 8356 8360 8364 8368 8372 8376 8380 8384 8388 8392 8396 8400 8404 8408 8412 8416 8420 8424 8428 8432 8436 8440 8444 8448 8452 8456 8460 8464 8468 8472 8476 8480 8484 8488 8492 8496 8500 8504 8508 8512 8516 8520 8524 8528 8532 8536 8540 8544 8548 8552 8556 8560 8564 8568 8572 8576 8580 8584 8588 8592 8596 8600 8604 8608 8612 8616 8620 8624 8628 8632 8636 8640 8644 8648 8652 8656 8660 8664 8668 8672 8676 8680 8684 8688 8692 8696 8700 8704 8708 8712 8716 8720 8724 8728 8732 8736 8740 8744 8748 8752 8756 8760 8764 8768 8772 8776 8780 8784 8788 8792 8796 8800 8804 8808 8812 8816 8820 8824 8828 8832 8836 8840 8844 8848 8852 8856 8860 8864 8868 8872 8876 8880 8884 8888 8892 8896 8900 8904 8908 8912 8916 8920 8924 8928 8932 8936 8940 8944 8948 8952 8956 8960 8964 8968 8972 8976 8980 8984 8988 8992 8996 9000 9004 9008 9012 9016 9020 9024 9028 9032 9036 9040 9044 9048 9052 9056 9060 9064 9068 9072 9076 9080 9084 9088 9092 9096 9100 9104 9108 9112 9116 9120 9124 9128 9132 9136 9140 9144 9148 9152 9156 9160 9164 9168 9172 9176 9180 9184 9188 9192 9196 9200 9204 9208 9212 9216 9220 9224 9228 9232 9236 9240 9244 9248 9252 9256 9260 9264 9268 9272 9276 9280 9284 9288 9292 9296 9300 9304 9308 9312 9316 9320 9324 9328 9332 9336 9340 9344 9348 9352 9356 9360 9364 9368 9372 9376 9380 9384 9388 9392 9396 9400 9404 9408 9412 9416 9420 9424 9428 9432 9436 9440 9444 9448 9452 9456 9460 9464 9468 9472 9476 9480 9484 9488 9492 9496 9500 9504 9508 9512 9516 9520 9524 9528 9532 9536 9540 9544 9548 9552 9556 9560 9564 9568 9572 9576 9580 9584 9588 9592 9596 9600 9604 9608 9612 9616 9620 9624 9628 9632 9636 9640 9644 9648 9652 9656 9660 9664 9668 9672 9676 9680 9684 9688 9692 9696 9700 9704 9708 9712 9716 9720 9724 9728 9732 9736 9740 9744 9748 9752 9756 9760 9764 9768 9772 9776 9780 9784 9788 9792 9796 9800 9804 9808 9812 9816 9820 9824 9828 9832 9836 9840 9844 9848 9852 9856 9860 9864 9868 9872 9876 9880 9884 9888 9892 9896 9900 9904 9908 9912 9916 9920 9924 9928 9932 9936 9940 9944 9948 9952 9956 9960 9964 9968 9972 9976 9980 9984 9988 9992 9996 10000 10004 10008 10012 10016 10020 10024 10028 10032 10036 10040 10044 10048 10052 10056 10060 10064 10068 10072 10076 10080 10084 10088 10092 10096 10100 10104 10108 10112 10116 10120 10124 10128 10132 10136 10140 10144 10148 10152 10156 10160 10164 10168 10172 10176 10180 10184 10188 10192 10196 10200 10204 10208 10212 10216 10220 10224 10228 10232 10236 10240 10244 10248 10252 10256 10260 10264 10268 10272 10276 10280 10284 10288 10292 10296 10300 10304 10308 10312 10316 10320 10324 10328 10332 10336 10340 10344 10348 10352 10356 10360 10364 10368 10372 10376 10380 10384 10388 10392 10396 10400 10404 10408 10412 10416 10420 10424 10428 10432 10436 10440 10444 10448 10452 10456 10460 10464 10468 10472 10476 10480 10484 10488 10492 10496 10500 10504 10508 10512 10516 10520 10524 10528 10532 10536 10540 10544 10548 10552 10556 10560 10564 10568 10572 10576 10580 10584 10588 10592 10596 10600 10604 10608 10612 10616 10620 10624 10628 10632 10636 10640 10644 10648 10652 10656 10660 10664 10668 10672 10676 10680 10684 10688 10692 10696 10700 10704 10708 10712 10716 10720 10724 10728 10732 10736 10740 10744 10748 10752 10756 10760 10764 10768 10772 10776 10780 10784 10788 10792 10796 10800 10804 10808 10812 10816 10820 10824 10828 10832 10836 10840 10844 10848 10852 10856 10860 10864 10868 10872 10876 10880 10884 10888 10892 10896 10900 10904 10908 10912 10916 10920 10924 10928 10932 10936 10940 10944 10948 10952 10956 10960 10964 10968 10972 10976 10980 10984 10988 10992 10996 11000 11004 11008 11012 11016 11020 11024 11028 11032 11036 11040 11044 11048 11052 11056 11060 11064 11068 11072 11076 11080 11084 11088 11092 11096 11100 11104 11108 11112 11116 11120 11124 11128 11132 11136 11140 11144 11148 11152 11156 11160 11164 11168 11172 11176 11180 11184 11188 11192 11196 11200 11204 11208 11212 11216 11220 11224 11228 11232 11236 11240 11244 11248 11252 11256 11260 11264 11268 11272 11276 11280 11284 11288 11292 11296 11300 11304 11308 11312 11316 11320 11324 11328 11332 11336 11340 11344 11348 11352 11356 11360 11364 11368 11372 11376 11380 11384 11388 11392 11396 11400 11404 11408 11412 11416 11420 11424 11428 11432 11436 11440 11444 11448 11452 11456 11460 11464 11468 11472 11476 11480 11484 11488 11492 11496 11500 11504 11508 11512 11516 11520 11524 11528 11532 11536 11540 11544 11548 11552 11556 11560 11564 11568 11572 11576 11580 11584 11588 11592 11596 11600 11604 11608 11612 11616 11620 11624 11628 11632 11636 11640 11644 11648 11652 11656 11660 11664 11668 11672 11676 11680 11684 11688 11692 11696 11700 11704 11708 11712 11716 11720 11724 11728 11732 11736 11740 11744 11748 11752 11756 11760 11764 11768 11772 11776 11780 11784 11788 11792 11796 11800 11804 11808 11812 11816 11820 11824 11828 11832 11836 11840 11844 11848 11852 11856 11860 11864 11868 11872 11876 11880 11884 11888 11892 11896 11900 11904 11908 11912 11916 11920 11924 11928 11932 11936 11940 11944 11948 11952 11956 11960 11964 11968 11972 11976 11980 11984 11988 11992 11996 12000 12004 12008 12012 12016 12020 12024 12028 12032 12036 12040 12044 12048 12052 12056 12060 12064 12068 12072 12076 12080 12084 12088 12092 12096 12100 12104 12108 12112 12116 12120 12124 12128 12132 12136 12140 12144 12148 12152 12156 12160 12164 12168 12172 12176 12180 12184 12188 12192 12196 12200 12204 12208 12212 12216 12220 12224 12228 12232 12236 12240 12244 12248 12252 12256 12260 12264 12268 12272 12276 12280 12284 12288 12292 12296 12300 12304 12308 12312 12316 12320 12324 12328 12332 12336 12340 12344 12348 12352 12356 12360 12364 12368 12372 12376 12380 12384 12388 12392 12396 12400 12404 12408 12412 12416 12420 12424 12428 12432 12436 12440 12444 12448 12452 12456 12460 12464 12468 12472 12476 12480 12484 12488 12492 12496 12500 12504 12508 12512 12516 12520 12524 12528 12532 12536 12540 12544 12548 12552 12556 12560 12564 12568 12572 12576 12580 12584 12588 12592 12596 12600 12604 12608 12612 12616 12620 12624 12628 12632 12636 12640 12644 12648 12652 12656 12660 12664 12668 12672 12676 12680 12684 12688 12692 12696 12700 12704 12708 12712 12716 12720 12724 12728 12732 12736 12740 12744 12748 12752 12756 12760 12764 12768 12772 12776 12780 12784 12788 12792 12796 12800 12804 12808 12812 12816 12820 12824 12828 12832 12836 12840 12844 12848 12852 12856 12860 12864 12868 12872 12876 12880 12884 12888 12892 12896 12900 12904 12908 12912 12916 12920 12924 12928 12932 12936 12940 12944 12948 12952 12956 12960 12964 12968 12972 12976 12980 12984 12988 12992 12996 13000 13004 13008 13012 13016 13020 13024 13028 13032 13036 13040 13044 13048 13052 13056 13060 13064 13068 13072 13076 13080 13084 13088 13092 13096 13100 13104 13108 13112 13116 13120 13124 13128 13132 13136 13140 13144 13148 13152 13156 13160 13164 13168 13172 13176 13180 13184 13188 13192 13196 13200 13204 13208 13212 13216 13220 13224 13228 13232 13236 13240 13244 13248 13252 13256 13260 13264 13268 13272 13276 13280 13284 13288 13292 13296 13300 13304 13308 13312 13316 13320 13324 13328 13332 13336 13340 13344 13348 13352 13356 13360 13364 13368 13372 13376 13380 13384 13388 13392 13396 13400 13404 13408 13412 13416 13420 13424 13428 13432 13436 13440 13444 13448 13452 13456 13460 13464 13468 13472 13476 13480 13484 13488 13492 13496 13500 13504 13508 13512 13516 13520 13524 13528 13532 13536 13540 13544 13548 13552 13556 13560 13564 13568 13572 13576 13580 13584 13588 13592 13596 13600 13604 13608 13612 13616 13620 13624 13628 13632 13636 13640 13644 13648 13652 13656 13660 13664 13668 13672 13676 13680 13684 13688 13692 13696 13700 13704 13708 13712 13716 13720 13724 13728 13732 13736 13740 13744 13748 13752 13756 13760 13764 13768 13772 13776 13780 13784 13788 13792 13796 13800 13804 13808 13812 13816 13820 13824 13828 13832 13836 13840 13844 13848 13852 13856 13860 13864 13868 13872 13876 13880 13884 13888 13892 13896 13900 13904 13908 13912 13916 13920 13924 13928 13932 13936 13940 13944 13948 13952 13956 13960 13964 13968 13972 13976 13980 13984 13988 13992 13996 14000 14004 14008 14012 14016 14020 14024 14028 14032 14036 14040 14044 14048 14052 14056 14060 14064 14068 14072 14076 14080 14084 14088 14092 14096 14100 14104 14108 14112 14116 14120 14124 14128 14132 14136 14140 14144 14148 14152 14156 14160 14164 14168 14172 14176 14180 14184 14188 14192 14196 14200 14204 14208 14212 14216 14220 14224 14228 14232 14236 14240 14244 14248 14252 14256 14260 14264 14268 14272 14276 14280 14284 14288 14292 14296 14300 14304 14308 14312 14316 14320 14324 14328 14332 14336 14340 14344 14348 14352 14356 14360 14364 14368 14372 14376 14380 14384 14388 14392 14396 14400 14404 14408 14412 14416 14420 14424 14428 14432 14436 14440 14444 14448 14452 14456 14460 14464 14468 14472 14476 14480 14484 14488 14492 14496 14500 14504 14508 14512 14516 14520 14524 14528 14532 14536 14540 14544 14548 14552 14556 14560 14564 14568 14572 14576 14580 14584 14588 14592 14596 14600 14604 14608 14612 14616 14620 14624 14628 14632 14636 14640 14644 14648 14652 14656 14660 14664 14668 14672 14676 14680 14684 14688 14692 14696 14700 14704 14708 14712 14716 14720 14724 14728 14732 14736 14740 14744 14748 14752 14756 14760 14764 14768 14772 14776 14780 14784 14788 14792 14796 14800 14804 14808 14812 14816 14820 14824 14828 14832 14836 14840 14844 14848 14852 14856 14860 14864 14868 14872 14876 14880 14884 14888 14892 14896 14900 14904 14908 14912 14916 14920 14924 14928 14932 14936 14940 14944 14948 14952 14956 14960 14964 14968 14972 14976 14980 14984 14988 14992 14996 15000 15004 15008 15012 15016 15020 15024 15028 15032 15036 15040 15044 15048 15052 15056 15060 15064 15068 15072 15076 15080 15084 15088 15092 15096 15100 15104 15108 15112 15116 15120 15124 15128 15132 15136 15140 15144 15148 15152 15156 15160 15164 15168 15172 15176 15180 15184 15188 15192 15196 15200 15204 15208 15212 15216 15220 15224 15228 15232 15236 15240 15244 15248 15252 15256 15260 15264 15268 15272 15276 15280 15284 15288 15292 15296 15300 15304 15308 15312 15316 15320 15324 15328 15332 15336 15340 15344 15348 15352 15356 15360 15364 15368 15372 15376 15380 15384 15388 15392 15396 15400 15404 15408 15412 15416 15420 15424 15428 15432 15436 15440 15444 15448 15452 15456 15460 15464 15468 15472 15476 15480 15484 15488 15492 15496 15500 15504 15508 15512 15516 15520 15524 15528 15532 15536 15540 15544 15548 15552 15556 15560 15564 15568 15572 15576 15580 15584 15588 15592 15596 15600 15604 15608 15612 15616 15620 15624 15628 15632 15636 15640 15644 15648 15652 15656 15660 15664 15668 15672 15676 15680 15684 15688 15692 15696 15700 15704 15708 15712 15716 15720 15724 15728 15732 15736 15740 15744 15748 15752 15756 15760 15764 15768 15772 15776 15780 15784 15788 15792 15796 15800 15804 15808 15812 15816 15820 15824 15828 15832 15836 15840 15844 15848 15852 15856 15860 15864 15868 15872 15876 15880 15884 15888 15892 15896 15900 15904 15908 15912 15916 15920 15924 15928 15932 15936 15940 15944 15948 15952 15956 15960 15964 15968 15972 15976 15980 15984 15988 15992 15996 16000 16004 16008 16012 16016 16020 16024 16028 16032 16036 16040 16044 16048 16052 16056 16060 16064 16068 16072 16076 16080 16084 16088 16092 16096 16100 16104 16108 16112 16116 16120 16124 16128 16132 16136 16140 16144 16148 16152 16156 16160 16164 16168 16172 16176 16180 16184 16188 16192 16196 16200 16204 16208 16212 16216 16220 16224 16228 16232 16236 16240 16244 16248 16252 16256 16260 16264 16268 16272 16276 16280 16284 16288 16292 16296 16300 16304 16308 16312 16316 16320 16324 16328 16332 16336 16340 16344 16348 16352 16356 16360 16364 16368 16372 16376 16380 16384 16388 16392 16396 16400 16404 16408 16412 16416 16420 16424 16428 16432 16436 16440 16444 16448 16452 16456 16460 16464 16468 16472 16476 16480 16484 16488 16492 16496 16500 16504 16508 16512 16516 16520 16524 16528 16532 16536 16540 16544 16548 16552 16556 16560 16564 16568 16572 16576 16580 16584 16588 16592 16596 16600 16604 16608 16612 16616 16620 16624 16628 16632 16636 16640 16644 16648 16652 16656 16660 16664 16668 16672 16676 16680 16684 16688 16692 16696 16700 16704 16708 16712 16716 16720 16724 16728 16732 16736 16740 16744 16748 16752 16756 16760 16764 16768 16772 16776 16780 16784 16788 16792 16796 16800 16804 16808 16812 16816 16820 16824 16828 16832 16836 16840 16844 16848 16852 16856 16860 16864 16868 16872 16876 16880 16884 16888 16892 16896 16900 16904 16908 16912 16916 16920 16924 16928 16932 16936 16940 16944 16948 16952 16956 16960 16964 16968 16972 16976 16980 16984 16988 16992 16996 17000 17004 17008 17012 17016 17020 17024 17028 17032 17036 17040 17044 17048 17052 17056 17060 17064 17068 17072 17076 17080 17084 17088 17092 17096 17100 17104 17108 17112 17116 17120 17124 17128 17132 17136 17140 17144 17148 17152 17156 17160 17164 17168 17172 17176 17180 17184 17188 17192 17196 17200 17204 17208 17212 17216 17220 17224 17228 17232 17236 17240 17244 17248 17252 17256 17260 17264 17268 17272 17276 17280 17284 17288 17292 17296 17300 17304 17308 17312 17316 17320 17324 17328 17332 17336 17340 17344 17348 17352 17356 17360 17364 17368 17372 17376 17380 17384 17388 17392 17396 17400 17404 17408 17412 17416 17420 17424 17428 17432 17436 17440 17444 17448 17452 17456 17460 17464 17468 17472 17476 17480 17484 17488 17492 17496 17500 17504 17508 17512 17516 17520 17524 17528 17532 17536 17540 17544 17548 17552 17556 17560 17564 17568 17572 17576 17580 17584 17588 17592 17596 17600 17604 17608 17612 17616 17620 17624 17628 17632 17636 17640 17644 17648 17652 17656 17660 17664 17668 17672 17676 17680 17684 17688 17692 17696 17700 17704 17708 17712 17716 17720 17724 17728 17732 17736 17740 17744 17748 17752 17756 17760 17764 17768 17772 17776 17780 17784 17788 17792 17796 17800 17804 17808 17812 17816 17820 17824 17828 17832 17836 17840 17844 17848 17852 17856 17860 17864 17868 17872 17876 17880 17884 17888 17892 17896 17900 17904 17908 17912 17916 17920 17924 17928 17932 17936 17940 17944 17948 17952 17956 17960 17964 17968 17972 17976 17980 17984 17988 17992 17996 18000 18004 18008 18012 18016 18020 18024 18028 18032 18036 18040 18044 18048 18052 18056 18060 18064 18068 18072 18076 18080 18084 18088 18092 18096 18100 18104 18108 18112 18116 18120 18124 18128 18132 18136 18140 18144 18148 18152 18156 18160 18164 18168 18172 18176 18180 18184 18188 18192 18196 18200 18204 18208 18212 18216 18220 18224 18228 18232 18236 18240 18244 18248 18252 18256 18260 18264 18268 18272 18276 18280 18284 18288 18292 18296 18300 18304 18308 18312 18316 18320 18324 18328 18332 18336 18340 18344 18348 18352 18356 18360 18364 18368 18372 18376 18380 18384 18388 18392 18396 18400 18404 18408 18412 18416 18420 18424 18428 18432 18436 18440 18444 18448 18452 18456 18460 18464 18468 18472 18476 18480 18484 18488 18492 18496 18500 18504 18508 18512 18516 18520 18524 18528 18532 18536 18540 18544 18548 18552 18556 18560 18564 18568 18572 18576 18580 18584 18588 18592 18596 18600 18604 18608 18612 18616 18620 18624 18628 18632 18636 18640 18644 18648 18652 18656 18660 18664 18668 18672 18676 18680 18684 18688 18692 18696 18700 18704 18708 18712 18716 18720 18724 18728 18732 18736 18740 18744 18748 18752 18756 18760 18764 18768 18772 18776 18780 18784 18788 18792 18796 18800 18804 18808 18812 18816 18820 18824 18828 18832 18836 18840 18844 18848 18852 18856 18860 18864 18868 18872 18876 18880 18884 18888 18892 18896 18900 18904 18908 18912 18916 18920 18924 18928 18932 18936 18940 18944 18948 18952 18956 18960 18964 18968 18972 18976 18980 18984 18988 18992 18996 19000 19004 19008 19012 19016 19020 19024 19028 19032 19036 19040 19044 19048 19052 19056 19060 19064 19068 19072 19076 19080 19084 19088 19092 19096 19100 19104 19108 19112 19116 19120 19124 19128 19132 19136 19140 19144 19148 19152 19156 19160 19164 19168 19172 19176 19180 19184 19188 19192 19196 19200 19204 19208 19212 19216 19220 19224 19228 19232 19236 19240 19244 19248 19252 19256 19260 19264 19268 19272 19276 19280 19284 19288 19292 19296 19300 19304 19308 19312 19316 19320 19324 19328 19332 19336 19340 19344 19348 19352 19356 19360 19364 19368 19372 19376 19380 19384 19388 19392 19396 19400 19404 19408 19412 19416 19420 19424 19428 19432 19436 19440 19444 19448 19452 19456 19460 19464 19468 19472 19476 19480 19484 19488 19492 19496 19500 19504 19508 19512 19516 19520 19524 19528 19532 19536 19540 19544 19548 19552 19556 19560 19564 19568 19572 19576 19580 19584 19588 19592 19596 19600 19604 19608 19612 19616 19620 19624 19628 19632 19636 19640 19644 19648 19652 19656 19660 19664 19668 19672 19676 19680 19684 19688 19692 19696 19700 19704 19708 19712 19716 19720 19724 19728 19732 19736 19740 19744 19748 19752 19756 19760 19764 19768 19772 19776 19780 19784 19788 19792 19796 19800 19804 19808 19812 19816 19820 19824 19828 19832 19836 19840 19844 19848 19852 19856 19860 19864 19868 19872 19876 19880 19884 19888 19892 19896 19900 19904 19908 19912 19916 19920 19924 19928 19932 19936 19940 19944 19948 19952 19956 19960 19964 19968 19972 19976 19980 19984 19988 19992 19996 20000 20004 20008 20012 20016 20020 20024 20028 20032 20036 20040 20044 20048 20052 20056 20060 20064 20068 20072 20076 20080 20084 20088 20092 20096 20100 20104 20108 20112 20116 20120 20124 20128 20132 20136 20140 20144 20148 20152 20156 20160 20164 20168 20172 20176 20180 20184 20188 20192 20196 20200 20204 20208 20212 20216 20220 20224 20228 20232 20236 20240 20244 20248 20252 20256 20260 20264 20268 20272 20276 20280 20284 20288 20292 20296 20300 20304 20308 20312 20316 20320 20324 20328 20332 20336 20340 20344 20348 20352 20356 20360 20364 20368 20372 20376 20380 20384 20388 20392 20396 20400 20404 20408 20412 20416 20420 20424 20428 20432 20436 20440 20444 20448 20452 20456 20460 20464 20468 20472 20476 20480 20484 20488 20492 20496 20500 20504 20508 20512 20516 20520 20524 20528 20532 20536 20540 20544 20548 20552 20556 20560 20564 20568 20572 20576 20580 20584 20588 20592 20596 20600 20604 20608 20612 20616 20620 20624 20628 20632 20636 20640 20644 20648 20652 20656 20660 20664 20668 20672 20676 20680 20684 20688 20692 20696 20700 20704 20708 20712 20716 20720 20724 20728 20732 20736 20740 20744 20748 20752 20756 20760 20764 20768 20772 20776 20780 20784 20788 20792 20796 20800 20804 20808 20812 20816 20820 20824 20828 20832 20836 20840 20844 20848 20852 20856 20860 20864 20868 20872 20876 20880 20884 20888 20892 20896 20900 20904 20908 20912 20916 20920 20924 20928 20932 20936 20940 20944 20948 20952 20956 20960 20964 20968 20972 20976 20980 20984 20988 20992 20996 21000 21004 21008 21012 21016 21020 21024 21028 21032 21036 21040 21044 21048 21052 21056 21060 21064 21068 21072 21076 21080 21084 21088 21092 21096 21100 21104 21108 21112 21116 21120 21124 21128 21132 21136 21140 21144 21148 21152 21156 21160 21164 21168 21172 21176 21180 21184 21188 21192 21196 21200 21204 21208 21212 21216 21220 21224 21228 21232 21236 21240 21244 21248 21252 21256 21260 21264 21268 21272 21276 21280 21284 21288 21292 21296 21300 21304 21308 21312 21316 21320 21324 21328 21332 21336 21340 21344 21348 21352 21356 21360 21364 21368 21372 21376 21380 21384 21388 21392 21396 21400 21404 21408 21412 21416 21420 21424 21428 21432 21436 21440 21444 21448 21452 21456 21460 21464 21468 21472 21476 21480 21484 21488 21492 21496 21500 21504 21508 21512 21516 21520 21524 21528 21532 21536 21540 21544 21548 21552 21556 21560 21564 21568 21572 21576 21580 21584 21588 21592 21596 21600 21604 21608 21612 21616 21620 21624 21628 21632 21636 21640 21644 21648 21652 21656 21660 21664 21668 21672 21676 21680 21684 21688 21692 21696 21700 21704 21708 21712 21716 21720 21724 21728 21732 21736 21740 21744 21748 21752 21756 21760 21764 21768 21772 21776 21780 21784 21788 21792 21796 21800 21804 21808 21812 21816 21820 21824 21828 21832 21836 21840 21844 21848 21852 21856 21860 21864 21868 21872 21876 21880 21884 21888 21892 21896 21900 21904 21908 21912 21916 21920 21924 21928 21932 21936 21940 21944 21948 21952 21956 21960 21964 21968 21972 21976 21980 21984 21988 21992 21996 22000 22004 22008 22012 22016 22020 22024 22028 22032 22036 22040 22044 22048 22052 22056 22060 22064 22068 22072 22076 22080 22084 22088 22092 22096 22100 22104 22108 22112 22116 22120 22124 22128 22132 22136 22140 22144 22148 22152 22156 22160 22164 22168 22172 22176 22180 22184 22188 22192 22196 22200 22204 22208 22212 22216 22220 22224 22228 22232 22236 22240 22244 22248 22252 22256 22260 22264 22268 22272 22276 22280 22284 22288 22292 22296 22300 22304 22308 22312 22316 22320 22324 22328 22332 22336 22340 22344 22348 22352 22356 22360 22364 22368 22372 22376 22380 22384 22388 22392 22396 22400 22404 22408 22412 22416 22420 22424 22428 22432 22436 22440 22444 22448 22452 22456 22460 22464 22468 22472 22476 22480 22484 22488 22492 22496 22500 22504 22508 22512 22516 22520 22524 22528 22532 22536 22540 22544 22548 22552 22556 22560 22564 22568 22572 22576 22580 22584 22588 22592 22596 22600 22604 22608 22612 22616 22620 22624 22628 22632 22636 22640 22644 22648 22652 22656 22660 22664 22668 22672 22676 22680 22684 22688 22692 22696 22700 22704 22708 22712 22716 22720 22724 22728 22732 22736 22740 22744 22748 22752 22756 22760 22764 22768 22772 22776 22780 22784 22788 22792 22796 22800 22804 22808 22812 22816 22820 22824 22828 22832 22836 22840 22844 22848 22852 22856 22860 22864 22868 22872 22876 22880 22884 22888 22892 22896 22900 22904 22908 22912 22916 22920 22924 22928 22932 22936 22940 22944 22948 22952 22956 22960 22964 22968 22972 22976 22980 22984 22988 22992 22996 23000 23004 23008 23012 23016 23020 23024 23028 23032 23036 23040 23044 23048 23052 23056 23060 23064 23068 23072 23076 23080 23084 23088 23092 23096 23100 23104 23108 23112 23116 23120 23124 23128 23132 23136 23140 23144 23148 23152 23156 23160 23164 23168 23172 23176 23180 23184 23188 23192 23196 23200 23204 23208 23212 23216 23220 23224 23228 23232 23236 23240 23244 23248 23252 23256 23260 23264 23268 23272 23276 23280 23284 23288 23292 23296 23300 23304 23308 23312 23316 23320 23324 23328 23332 23336 23340 23344 23348 23352 23356 23360 23364 23368 23372 23376 23380 23384 23388 23392 23396 23400 23404 23408 23412 23416 23420 23424 23428 23432 23436 23440 23444 23448 23452 23456 23460 23464 23468 23472 23476 23480 23484 23488 23492 23496 23500 23504 23508 23512 23516 23520 23524 23528 23532 23536 23540 23544 23548 23552 23556 23560 23564 23568 23572 23576 23580 23584 23588 23592 23596 23600 23604 23608 23612 23616 23620 23624 23628 23632 23636 23640 23644 23648 23652 23656 23660 23664 23668 23672 23676 23680 23684 23688 23692 23696 23700 23704 23708 23712 23716 23720 23724 23728 23732 23736 23740 23744 23748 23752 23756 23760 23764 23768 23772 23776 23780 23784 23788 23792 23796 23800 23804 23808 23812 23816 23820 23824 23828 23832 23836 23840 23844 23848 23852 23856 23860 23864 23868 23872 23876 23880 23884 23888 23892 23896 23900 23904 23908 23912 23916 23920 23924 23928 23932 23936 23940 23944 23948 23952 23956 23960 23964 23968 23972 23976 23980 23984 23988 23992 23996 24000 24004 24008 24012 24016 24020 24024 24028 24032 24036 24040 24044 24048 24052 24056 24060 24064 24068 24072 24076 24080 24084 24088 24092 24096 24100 24104 24108 24112 24116 24120 24124 24128 24132 24136 24140 24144 24148 24152 24156 24160 24164 24168 24172 24176 24180 24184 24188 24192 24196 24200 24204 24208 24212 24216 24220 24224 24228 24232 24236 24240 24244 24248 24252 24256 24260 24264 24268 24272 24276 24280 24284 24288 24292 24296 24300 24304 24308 24312 24316 24320 24324 24328 24332 24336 24340 24344 24348 24352 24356 24360 24364 24368 24372 24376 24380 24384 24388 24392 24396 24400 24404 24408 24412 24416 24420 24424 24428 24432 24436 24440 24444 24448 24452 24456 24460 24464 24468 24472 24476 24480 24484 24488 24492 24496 24500 24504 24508 24512 24516 24520 24524 24528 24532 24536 24540 24544 24548 24552 24556 24560 24564 24568 24572 24576 24580 24584 24588 24592 24596 24600 24604 24608 24612 24616 24620 24624 24628 24632 24636 24640 24644 24648 24652 24656 24660 24664 24668 24672 24676 24680 24684 24688 24692 24696 24700 24704 24708 24712 24716 24720 24724 24728 24732 24736 24740 24744 24748 24752 24756 24760 24764 24768 24772 24776 24780 24784 24788 24792 24796 24800 24804 24808 24812 24816 24820 24824 24828 24832 24836 24840 24844 24848 24852 24856 24860 24864 24868 24872 24876 24880 24884 24888 24892 24896 24900 24904 24908 24912 24916 24920 24924 24928 24932 24936 24940 24944 24948 24952 24956 24960 24964 24968 24972 24976 24980 24984 24988 24992 24996 25000 25004 25008 25012 25016 25020 25024 25028 25032 25036 25040 25044 25048 25052 25056 25060 25064 25068 25072 25076 25080 25084 25088 25092 25096 25100 25104 25108 25112 25116 25120 25124 25128 25132 25136 25140 25144 25148 25152 25156 25160 25164 25168 25172 25176 25180 25184 25188 25192 25196 25200 25204 25208 25212 25216 25220 25224 25228 25232 25236 25240 25244 25248 25252 25256 25260 25264 25268 25272 25276 25280 25284 25288 25292 25296 25300 25304 25308 25312 25316 25320 25324 25328 25332 25336 25340 25344 25348 25352 25356 25360 25364 25368 25372 25376 25380 25384 25388 25392 25396 25400 25404 25408 25412 25416 25420 25424 25428 25432 25436 25440 25444 25448 25452 25456 25460 25464 25468 25472 25476 25480 25484 25488 25492 25496 25500 25504 25508 25512 25516 25520 25524 25528 25532 25536 25540 25544 25548 25552 25556 25560 25564 25568 25572 25576 25580 25584 25588 25592 25596 25600 25604 25608 25612 25616 25620 25624 25628 25632 25636 25640 25644 25648 25652 25656 25660 25664 25668 25672 25676 25680 25684 25688 25692 25696 25700 25704 25708 25712 25716 25720 25724 25728 25732 25736 25740 25744 25748 25752 25756 25760 25764 25768 25772 25776 25780 25784 25788 25792 25796 25800 25804 25808 25812 25816 25820 25824 25828 25832 25836 25840 25844 25848 25852 25856 25860 25864 25868 25872 25876 25880 25884 25888 25892 25896 25900 25904 25908 25912 25916 25920 25924 25928 25932 25936 25940 25944 25948 25952 25956 25960 25964 25968 25972 25976 25980 25984 25988 25992 25996 26000 26004 26008 26012 26016 26020 26024 26028 26032 26036 26040 26044 26048 26052 26056 26060 26064 26068 26072 26076 26080 26084 26088 26092 26096 26100 26104 26108 26112 26116 26120 26124 26128 26132 26136 26140 26144 26148 26152 26156 26160 26164 26168 26172 26176 26180 26184 26188 26192 26196 26200 26204 26208 26212 26216 26220 26224 26228 26232 26236 26240 26244 26248 26252 26256 26260 26264 26268 26272 26276 26280 26284 26288 26292 26296 26300 26304 26308 26312 26316 26320 26324 26328 26332 26336 26340 26344 26348 26352 26356 26360 26364 26368 26372 26376 26380 26384 26388 26392 26396 26400 26404 26408 26412 26416 26420 26424 26428 26432 26436 26440 26444 26448 26452 26456 26460 26464 26468 26472 26476 26480 26484 26488 26492 26496 26500 26504 26508 26512 26516 26520 26524 26528 26532 26536 26540 26544 26548 26552 26556 26560 26564 26568 26572 26576 26580 26584 26588 26592 26596 26600 26604 26608 26612 26616 26620 26624 26628 26632 26636 26640 26644 26648 26652 26656 26660 26664 26668 26672 26676 26680 26684 26688 26692 26696 26700 26704 26708 26712 26716 26720 26724 26728 26732 26736 26740 26744 26748 26752 26756 26760 26764 26768 26772 26776 26780 26784 26788 26792 26796 26800 26804 26808 26812 26816 26820 26824 26828 26832 26836 26840 26844 26848 26852 26856 26860 26864 26868 26872 26876 26880 26884 26888 26892 26896 26900 26904 26908 26912 26916 26920 26924 26928 26932 26936 26940 26944 26948 26952 26956 26960 26964 26968 26972 26976 26980 26984 26988 26992 26996 27000 27004 27008 27012 27016 27020 27024 27028 27032 27036 27040 27044 27048 27052 27056 27060 27064 27068 27072 27076 27080 27084 27088 27092 27096 27100 27104 27108 27112 27116 27120 27124 27128 27132 27136 27140 27144 27148 27152 27156 27160 27164 27168 27172 27176 27180 27184 27188 27192 27196 27200 27204 27208 27212 27216 27220 27224 27228 27232 27236 27240 27244 27248 27252 27256 27260 27264 27268 27272 27276 27280 27284 27288 27292 27296 27300 27304 27308 27312 27316 27320 27324 27328 27332 27336 27340 27344 27348 27352 27356 27360 27364 27368 27372 27376 27380 27384 27388 27392 27396 27400 27404 27408 27412 27416 27420 27424 27428 27432 27436 27440 27444 27448 27452 27456 27460 27464 27468 27472 27476 27480 27484 27488 27492 27496 27500 27504 27508 27512 27516 27520 27524 27528 27532 27536 27540 27544 27548 27552 27556 27560 27564 27568 27572 27576 27580 27584 27588 27592 27596 27600 27604 27608 27612 27616 27620 27624 27628 27632 27636 27640 27644 27648 27652 27656 27660 27664 27668 27672 27676 27680 27684 27688 27692 27696 27700 27704 27708 27712 27716 27720 27724 27728 27732 27736 27740 27744 27748 27752 27756 27760 27764 27768 27772 27776 27780 27784 27788 27792 27796 27800 27804 27808 27812 27816 27820 27824 27828 27832 27836 27840 27844 27848 27852 27856 27860 27864 27868 27872 27876 27880 27884 27888 27892 27896 27900 27904 27908 27912 27916 27920 27924 27928 27932 27936 27940 27944 27948 27952 27956 27960 27964 27968 27972 27976 27980 27984 27988 27992 27996 28000 28004 28008 28012 28016 28020 28024 28028 28032 28036 28040 28044 28048 28052 28056 28060 28064 28068 28072 28076 28080 28084 28088 28092 28096 28100 28104 28108 28112 28116 28120 28124 28128 28132 28136 28140 28144 28148 28152 28156 28160 28164 28168 28172 28176 28180 28184 28188 28192 28196 28200 28204 28208 28212 28216 28220 28224 28228 28232 28236 28240 28244 28248 28252 28256 28260 28264 28268 28272 28276 28280 28284 28288 28292 28296 28300 28304 28308 28312 28316 28320 28324 28328 28332 28336 28340 28344 28348 28352 28356 28360 28364 28368 28372 28376 28380 28384 28388 28392 28396 28400 28404 28408 28412 28416 28420 28424 28428 28432 28436 28440 28444 28448 28452 28456 28460 28464 28468 28472 28476 28480 28484 28488 28492 28496 28500 28504 28508 28512 28516 28520 28524 28528 28532 28536 28540 28544 28548 28552 28556 28560 28564 28568 28572 28576 28580 28584 28588 28592 28596 28600 28604 28608 28612 28616 28620 28624 28628 28632 28636 28640 28644 28648 28652 28656 28660 28664 28668 28672 28676 28680 28684 28688 28692 28696 28700 28704 28708 28712 28716 28720 28724 28728 28732 28736 28740 28744 28748 28752 28756 28760 28764 28768 28772 28776 28780 28784 28788 28792 28796 28800 28804 28808 28812 28816 28820 28824 28828 28832 28836 28840 28844 28848 28852 28856 28860 28864 28868 28872 28876 28880 28884 28888 28892 28896 28900 28904 28908 28912 28916 28920 28924 28928 28932 28936 28940 28944 28948 28952 28956 28960 28964 28968 28972 28976 28980 28984 28988 28992 28996 29000 29004 29008 29012 29016 29020 29024 29028 29032 29036 29040 29044 29048 29052 29056 29060 29064 29068 29072 29076 29080 29084 29088 29092 29096 29100 29104 29108 29112 29116 29120 29124 29128 29132 29136 29140 29144 29148 29152 29156 29160 29164 29168 29172 29176 29180 29184 29188 29192 29196 29200 29204 29208 29212 29216 29220 29224 29228 29232 29236 29240 29244 29248 29252 29256 29260 29264 29268 29272 29276 29280 29284 29288 29292 29296 29300 29304 29308 29312 29316 29320 29324 29328 29332 29336 29340 29344 29348 29352 29356 29360 29364 29368 29372 29376 29380 29384 29388 29392 29396 29400 29404 29408 29412 29416 29420 29424 29428 29432 29436 29440 29444 29448 29452 29456 29460 29464 29468 29472 29476 29480 29484 29488 29492 29496 29500 29504 29508 29512 29516 29520 29524 29528 29532 29536 29540 29544 29548 29552 29556 29560 29564 29568 29572 29576 29580 29584 29588 29592 29596 29600 29604 29608 29612 29616 29620 29624 29628 29632 29636 29640 29644 29648 29652 29656 29660 29664 29668 29672 29676 29680 29684 29688 29692 29696 29700 29704 29708 29712 29716 29720 29724 29728 29732 29736 29740 29744 29748 29752 29756 29760 29764 29768 29772 29776 29780 29784 29788 29792 29796 29800 29804 29808 29812 29816 29820 29824 29828 29832 29836 29840 29844 29848 29852 29856 29860 29864 29868 29872 29876 29880 29884 29888 29892 29896 29900 29904 29908 29912 29916 29920 29924 29928 29932 29936 29940 29944 29948 29952 29956 29960 29964 29968 29972 29976 29980 29984 29988 29992 29996 30000 30004 30008 30012 30016 30020 30024 30028 30032 30036 30040 30044 30048 30052 30056 30060 30064 30068 30072 30076 30080 30084 30088 30092 30096 30100 30104 30108 30112 30116 30120 30124 30128 30132 30136 30140 30144 30148 30152 30156 30160 30164 30168 30172 30176 30180 30184 30188 30192 30196 30200 30204 30208 30212 30216 30220 30224 30228 30232 30236 30240 30244 30248 30252 30256 30260 30264 30268 30272 30276 30280 30284 30288 30292 30296 30300 30304 30308 30312 30316 30320 30324 30328 30332 30336 30340 30344 30348 30352 30356 30360 30364 30368 30372 30376 30380 30384 30388 30392 30396 30400 30404 30408 30412 30416 30420 30424 30428 30432 30436 30440 30444 30448 30452 30456 30460 30464 </DataArray>
<DataArray  type="UInt8"  Name="types"  format="ascii">10 10 10 10 10 10 10 10 10 10 10 10 10 10 10 10 10 10 10 10 10 10 10 10 10 10 10 10 10 10 10 10 10 10 10 10 10 10 10 10 10 10 10 10 10 10 10 10 10 10 10 10 10 10 10 10 10 10 10 10 10 10 10 10 10 10 10 10 10 10 10 10 10 10 10 10 10 10 10 10 10 10 10 10 10 10 10 10 10 10 10 10 10 10 10 10 10 10 10 10 10 10 10 10 10 10 10 10 10 10 10 10 10 10 10 10 10 10 10 10 10 10 10 10 10 10 10 10 10 10 10 10 10 10 10 10 10 10 10 10 10 10 10 10 10 10 10 10 10 10 10 10 10 10 10 10 10 10 10 10 10 10 10 10 10 10 10 10 10 10 10 10 10 10 10 10 10 10 10 10 10 10 10 10 10 10 10 10 10 10 10 10 10 10 10 10 10 10 10 10 10 10 10 10 10 10 10 10 10 10 10 10 10 10 10 10 10 10 10 10 10 10 10 10 10 10 10 10 10 10 10 10 10 10 10 10 10 10 10 10 10 10 10 10 10 10 10 10 10 10 10 10 10 10 10 10 10 10 10 10 10 10 10 10 10 10 10 10 10 10 10 10 10 10 10 10 10 10 10 10 10 10 10 10 10 10 10 10 10 10 10 10 10 10 10 10 10 10 10 10 10 10 10 10 10 10 10 10 10 10 10 10 10 10 10 10 10 10 10 10 10 10 10 10 10 10 10 10 10 10 10 10 10 10 10 10 10 10 10 10 10 10 10 10 10 10 10 10 10 10 10 10 10 10 10 10 10 10 10 10 10 10 10 10 10 10 10 10 10 10 10 10 10 10 10 10 10 10 10 10 10 10 10 10 10 10 10 10 10 10 10 10 10 10 10 10 10 10 10 10 10 10 10 10 10 10 10 10 10 10 10 10 10 10 10 10 10 10 10 10 10 10 10 10 10 10 10 10 10 10 10 10 10 10 10 10 10 10 10 10 10 10 10 10 10 10 10 10 10 10 10 10 10 10 10 10 10 10 10 10 10 10 10 10 10 10 10 10 10 10 10 10 10 10 10 10 10 10 10 10 10 10 10 10 10 10 10 10 10 10 10 10 10 10 10 10 10 10 10 10 10 10 10 10 10 10 10 10 10 10 10 10 10 10 10 10 10 10 10 10 10 10 10 10 10 10 10 10 10 10 10 10 10 10 10 10 10 10 10 10 10 10 10 10 10 10 10 10 10 10 10 10 10 10 10 10 10 10 10 10 10 10 10 10 10 10 10 10 10 10 10 10 10 10 10 10 10 10 10 10 10 10 10 10 10 10 10 10 10 10 10 10 10 10 10 10 10 10 10 10 10 10 10 10 10 10 10 10 10 10 10 10 10 10 10 10 10 10 10 10 10 10 10 10 10 10 10 10 10 10 10 10 10 10 10 10 10 10 10 10 10 10 10 10 10 10 10 10 10 10 10 10 10 10 10 10 10 10 10 10 10 10 10 10 10 10 10 10 10 10 10 10 10 10 10 10 10 10 10 10 10 10 10 10 10 10 10 10 10 10 10 10 10 10 10 10 10 10 10 10 10 10 10 10 10 10 10 10 10 10 10 10 10 10 10 10 10 10 10 10 10 10 10 10 10 10 10 10 10 10 10 10 10 10 10 10 10 10 10 10 10 10 10 10 10 10 10 10 10 10 10 10 10 10 10 10 10 10 10 10 10 10 10 10 10 10 10 10 10 10 10 10 10 10 10 10 10 10 10 10 10 10 10 10 10 10 10 10 10 10 10 10 10 10 10 10 10 10 10 10 10 10 10 10 10 10 10 10 10 10 10 10 10 10 10 10 10 10 10 10 10 10 10 10 10 10 10 10 10 10 10 10 10 10 10 10 10 10 10 10 10 10 10 10 10 10 10 10 10 10 10 10 10 10 10 10 10 10 10 10 10 10 10 10 10 10 10 10 10 10 10 10 10 10 10 10 10 10 10 10 10 10 10 10 10 10 10 10 10 10 10 10 10 10 10 10 10 10 10 10 10 10 10 10 10 10 10 10 10 10 10 10 10 10 10 10 10 10 10 10 10 10 10 10 10 10 10 10 10 10 10 10 10 10 10 10 10 10 10 10 10 10 10 10 10 10 10 10 10 10 10 10 10 10 10 10 10 10 10 10 10 10 10 10 10 10 10 10 10 10 10 10 10 10 10 10 10 10 10 10 10 10 10 10 10 10 10 10 10 10 10 10 10 10 10 10 10 10 10 10 10 10 10 10 10 10 10 10 10 10 10 10 10 10 10 10 10 10 10 10 10 10 10 10 10 10 10 10 10 10 10 10 10 10 10 10 10 10 10 10 10 10 10 10 10 10 10 10 10 10 10 10 10 10 10 10 10 10 10 10 10 10 10 10 10 10 10 10 10 10 10 10 10 10 10 10 10 10 10 10 10 10 10 10 10 10 10 10 10 10 10 10 10 10 10 10 10 10 10 10 10 10 10 10 10 10 10 10 10 10 10 10 10 10 10 10 10 10 10 10 10 10 10 10 10 10 10 10 10 10 10 10 10 10 10 10 10 10 10 10 10 10 10 10 10 10 10 10 10 10 10 10 10 10 10 10 10 10 10 10 10 10 10 10 10 10 10 10 10 10 10 10 10 10 10 10 10 10 10 10 10 10 10 10 10 10 10 10 10 10 10 10 10 10 10 10 10 10 10 10 10 10 10 10 10 10 10 10 10 10 10 10 10 10 10 10 10 10 10 10 10 10 10 10 10 10 10 10 10 10 10 10 10 10 10 10 10 10 10 10 10 10 10 10 10 10 10 10 10 10 10 10 10 10 10 10 10 10 10 10 10 10 10 10 10 10 10 10 10 10 10 10 10 10 10 10 10 10 10 10 10 10 10 10 10 10 10 10 10 10 10 10 10 10 10 10 10 10 10 10 10 10 10 10 10 10 10 10 10 10 10 10 10 10 10 10 10 10 10 10 10 10 10 10 10 10 10 10 10 10 10 10 10 10 10 10 10 10 10 10 10 10 10 10 10 10 10 10 10 10 10 10 10 10 10 10 10 10 10 10 10 10 10 10 10 10 10 10 10 10 10 10 10 10 10 10 10 10 10 10 10 10 10 10 10 10 10 10 10 10 10 10 10 10 10 10 10 10 10 10 10 10 10 10 10 10 10 10 10 10 10 10 10 10 10 10 10 10 10 10 10 10 10 10 10 10 10 10 10 10 10 10 10 10 10 10 10 10 10 10 10 10 10 10 10 10 10 10 10 10 10 10 10 10 10 10 10 10 10 10 10 10 10 10 10 10 10 10 10 10 10 10 10 10 10 10 10 10 10 10 10 10 10 10 10 10 10 10 10 10 10 10 10 10 10 10 10 10 10 10 10 10 10 10 10 10 10 10 10 10 10 10 10 10 10 10 10 10 10 10 10 10 10 10 10 10 10 10 10 10 10 10 10 10 10 10 10 10 10 10 10 10 10 10 10 10 10 10 10 10 10 10 10 10 10 10 10 10 10 10 10 10 10 10 10 10 10 10 10 10 10 10 10 10 10 10 10 10 10 10 10 10 10 10 10 10 10 10 10 10 10 10 10 10 10 10 10 10 10 10 10 10 10 10 10 10 10 10 10 10 10 10 10 10 10 10 10 10 10 10 10 10 10 10 10 10 10 10 10 10 10 10 10 10 10 10 10 10 10 10 10 10 10 10 10 10 10 10 10 10 10 10 10 10 10 10 10 10 10 10 10 10 10 10 10 10 10 10 10 10 10 10 10 10 10 10 10 10 10 10 10 10 10 10 10 10 10 10 10 10 10 10 10 10 10 10 10 10 10 10 10 10 10 10 10 10 10 10 10 10 10 10 10 10 10 10 10 10 10 10 10 10 10 10 10 10 10 10 10 10 10 10 10 10 10 10 10 10 10 10 10 10 10 10 10 10 10 10 10 10 10 10 10 10 10 10 10 10 10 10 10 10 10 10 10 10 10 10 10 10 10 10 10 10 10 10 10 10 10 10 10 10 10 10 10 10 10 10 10 10 10 10 10 10 10 10 10 10 10 10 10 10 10 10 10 10 10 10 10 10 10 10 10 10 10 10 10 10 10 10 10 10 10 10 10 10 10 10 10 10 10 10 10 10 10 10 10 10 10 10 10 10 10 10 10 10 10 10 10 10 10 10 10 10 10 10 10 10 10 10 10 10 10 10 10 10 10 10 10 10 10 10 10 10 10 10 10 10 10 10 10 10 10 10 10 10 10 10 10 10 10 10 10 10 10 10 10 10 10 10 10 10 10 10 10 10 10 10 10 10 10 10 10 10 10 10 10 10 10 10 10 10 10 10 10 10 10 10 10 10 10 10 10 10 10 10 10 10 10 10 10 10 10 10 10 10 10 10 10 10 10 10 10 10 10 10 10 10 10 10 10 10 10 10 10 10 10 10 10 10 10 10 10 10 10 10 10 10 10 10 10 10 10 10 10 10 10 10 10 10 10 10 10 10 10 10 10 10 10 10 10 10 10 10 10 10 10 10 10 10 10 10 10 10 10 10 10 10 10 10 10 10 10 10 10 10 10 10 10 10 10 10 10 10 10 10 10 10 10 10 10 10 10 10 10 10 10 10 10 10 10 10 10 10 10 10 10 10 10 10 10 10 10 10 10 10 10 10 10 10 10 10 10 10 10 10 10 10 10 10 10 10 10 10 10 10 10 10 10 10 10 10 10 10 10 10 10 10 10 10 10 10 10 10 10 10 10 10 10 10 10 10 10 10 10 10 10 10 10 10 10 10 10 10 10 10 10 10 10 10 10 10 10 10 10 10 10 10 10 10 10 10 10 10 10 10 10 10 10 10 10 10 10 10 10 10 10 10 10 10 10 10 10 10 10 10 10 10 10 10 10 10 10 10 10 10 10 10 10 10 10 10 10 10 10 10 10 10 10 10 10 10 10 10 10 10 10 10 10 10 10 10 10 10 10 10 10 10 10 10 10 10 10 10 10 10 10 10 10 10 10 10 10 10 10 10 10 10 10 10 10 10 10 10 10 10 10 10 10 10 10 10 10 10 10 10 10 10 10 10 10 10 10 10 10 10 10 10 10 10 10 10 10 10 10 10 10 10 10 10 10 10 10 10 10 10 10 10 10 10 10 10 10 10 10 10 10 10 10 10 10 10 10 10 10 10 10 10 10 10 10 10 10 10 10 10 10 10 10 10 10 10 10 10 10 10 10 10 10 10 10 10 10 10 10 10 10 10 10 10 10 10 10 10 10 10 10 10 10 10 10 10 10 10 10 10 10 10 10 10 10 10 10 10 10 10 10 10 10 10 10 10 10 10 10 10 10 10 10 10 10 10 10 10 10 10 10 10 10 10 10 10 10 10 10 10 10 10 10 10 10 10 10 10 10 10 10 10 10 10 10 10 10 10 10 10 10 10 10 10 10 10 10 10 10 10 10 10 10 10 10 10 10 10 10 10 10 10 10 10 10 10 10 10 10 10 10 10 10 10 10 10 10 10 10 10 10 10 10 10 10 10 10 10 10 10 10 10 10 10 10 10 10 10 10 10 10 10 10 10 10 10 10 10 10 10 10 10 10 10 10 10 10 10 10 10 10 10 10 10 10 10 10 10 10 10 10 10 10 10 10 10 10 10 10 10 10 10 10 10 10 10 10 10 10 10 10 10 10 10 10 10 10 10 10 10 10 10 10 10 10 10 10 10 10 10 10 10 10 10 10 10 10 10 10 10 10 10 10 10 10 10 10 10 10 10 10 10 10 10 10 10 10 10 10 10 10 10 10 10 10 10 10 10 10 10 10 10 10 10 10 10 10 10 10 10 10 10 10 10 10 10 10 10 10 10 10 10 10 10 10 10 10 10 10 10 10 10 10 10 10 10 10 10 10 10 10 10 10 10 10 10 10 10 10 10 10 10 10 10 10 10 10 10 10 10 10 10 10 10 10 10 10 10 10 10 10 10 10 10 10 10 10 10 10 10 10 10 10 10 10 10 10 10 10 10 10 10 10 10 10 10 10 10 10 10 10 10 10 10 10 10 10 10 10 10 10 10 10 10 10 10 10 10 10 10 10 10 10 10 10 10 10 10 10 10 10 10 10 10 10 10 10 10 10 10 10 10 10 10 10 10 10 10 10 10 10 10 10 10 10 10 10 10 10 10 10 10 10 10 10 10 10 10 10 10 10 10 10 10 10 10 10 10 10 10 10 10 10 10 10 10 10 10 10 10 10 10 10 10 10 10 10 10 10 10 10 10 10 10 10 10 10 10 10 10 10 10 10 10 10 10 10 10 10 10 10 10 10 10 10 10 10 10 10 10 10 10 10 10 10 10 10 10 10 10 10 10 10 10 10 10 10 10 10 10 10 10 10 10 10 10 10 10 10 10 10 10 10 10 10 10 10 10 10 10 10 10 10 10 10 10 10 10 10 10 10 10 10 10 10 10 10 10 10 10 10 10 10 10 10 10 10 10 10 10 10 10 10 10 10 10 10 10 10 10 10 10 10 10 10 10 10 10 10 10 10 10 10 10 10 10 10 10 10 10 10 10 10 10 10 10 10 10 10 10 10 10 10 10 10 10 10 10 10 10 10 10 10 10 10 10 10 10 10 10 10 10 10 10 10 10 10 10 10 10 10 10 10 10 10 10 10 10 10 10 10 10 10 10 10 10 10 10 10 10 10 10 10 10 10 10 10 10 10 10 10 10 10 10 10 10 10 10 10 10 10 10 10 10 10 10 10 10 10 10 10 10 10 10 10 10 10 10 10 10 10 10 10 10 10 10 10 10 10 10 10 10 10 10 10 10 10 10 10 10 10 10 10 10 10 10 10 10 10 10 10 10 10 10 10 10 10 10 10 10 10 10 10 10 10 10 10 10 10 10 10 10 10 10 10 10 10 10 10 10 10 10 10 10 10 10 10 10 10 10 10 10 10 10 10 10 10 10 10 10 10 10 10 10 10 10 10 10 10 10 10 10 10 10 10 10 10 10 10 10 10 10 10 10 10 10 10 10 10 10 10 10 10 10 10 10 10 10 10 10 10 10 10 10 10 10 10 10 10 10 10 10 10 10 10 10 10 10 10 10 10 10 10 10 10 10 10 10 10 10 10 10 10 10 10 10 10 10 10 10 10 10 10 10 10 10 10 10 10 10 10 10 10 10 10 10 10 10 10 10 10 10 10 10 10 10 10 10 10 10 10 10 10 10 10 10 10 10 10 10 10 10 10 10 10 10 10 10 10 10 10 10 10 10 10 10 10 10 10 10 10 10 10 10 10 10 10 10 10 10 10 10 10 10 10 10 10 10 10 10 10 10 10 10 10 10 10 10 10 10 10 10 10 10 10 10 10 10 10 10 10 10 10 10 10 10 10 10 10 10 10 10 10 10 10 10 10 10 10 10 10 10 10 10 10 10 10 10 10 10 10 10 10 10 10 10 10 10 10 10 10 10 10 10 10 10 10 10 10 10 10 10 10 10 10 10 10 10 10 10 10 10 10 10 10 10 10 10 10 10 10 10 10 10 10 10 10 10 10 10 10 10 10 10 10 10 10 10 10 10 10 10 10 10 10 10 10 10 10 10 10 10 10 10 10 10 10 10 10 10 10 10 10 10 10 10 10 10 10 10 10 10 10 10 10 10 10 10 10 10 10 10 10 10 10 10 10 10 10 10 10 10 10 10 10 10 10 10 10 10 10 10 10 10 10 10 10 10 10 10 10 10 10 10 10 10 10 10 10 10 10 10 10 10 10 10 10 10 10 10 10 10 10 10 10 10 10 10 10 10 10 10 10 10 10 10 10 10 10 10 10 10 10 10 10 10 10 10 10 10 10 10 10 10 10 10 10 10 10 10 10 10 10 10 10 10 10 10 10 10 10 10 10 10 10 10 10 10 10 10 10 10 10 10 10 10 10 10 10 10 10 10 10 10 10 10 10 10 10 10 10 10 10 10 10 10 10 10 10 10 10 10 10 10 10 10 10 10 10 10 10 10 10 10 10 10 10 10 10 10 10 10 10 10 10 10 10 10 10 10 10 10 10 10 10 10 10 10 10 10 10 10 10 10 10 10 10 10 10 10 10 10 10 10 10 10 10 10 10 10 10 10 10 10 10 10 10 10 10 10 10 10 10 10 10 10 10 10 10 10 10 10 10 10 10 10 10 10 10 10 10 10 10 10 10 10 10 10 10 10 10 10 10 10 10 10 10 10 10 10 10 10 10 10 10 10 10 10 10 10 10 10 10 10 10 10 10 10 10 10 10 10 10 10 10 10 10 10 10 10 10 10 10 10 10 10 10 10 10 10 10 10 10 10 10 10 10 10 10 10 10 10 10 10 10 10 10 10 10 10 10 10 10 10 10 10 10 10 10 10 10 10 10 10 10 10 10 10 10 10 10 10 10 10 10 10 10 10 10 10 10 10 10 10 10 10 10 10 10 10 10 10 10 10 10 10 10 10 10 10 10 10 10 10 10 10 10 10 10 10 10 10 10 10 10 10 10 10 10 10 10 10 10 10 10 10 10 10 10 10 10 10 10 10 10 10 10 10 10 10 10 10 10 10 10 10 10 10 10 10 10 10 10 10 10 10 10 10 10 10 10 10 10 10 10 10 10 10 10 10 10 10 10 10 10 10 10 10 10 10 10 10 10 10 10 10 10 10 10 10 10 10 10 10 10 10 10 10 10 10 10 10 10 10 10 10 10 10 10 10 10 10 10 10 10 10 10 10 10 10 10 10 10 10 10 10 10 10 10 10 10 10 10 10 10 10 10 10 10 10 10 10 10 10 10 10 10 10 10 10 10 10 10 10 10 10 10 10 10 10 10 10 10 10 10 10 10 10 10 10 10 10 10 10 10 10 10 10 10 10 10 10 10 10 10 10 10 10 10 10 10 10 10 10 10 10 10 10 10 10 10 10 10 10 10 10 10 10 10 10 10 10 10 10 10 10 10 10 10 10 10 10 10 10 10 10 10 10 10 10 10 10 10 10 10 10 10 10 10 10 10 10 10 10 10 10 10 10 10 10 10 10 10 10 10 10 10 10 10 10 10 10 10 10 10 10 10 10 10 10 10 10 10 10 10 10 10 10 10 10 10 10 10 10 10 10 10 10 10 10 10 10 10 10 10 10 10 10 10 10 10 10 10 10 10 10 10 10 10 10 10 10 10 10 10 10 10 10 10 10 10 10 10 10 10 10 10 10 10 10 10 10 10 10 10 10 10 10 10 10 10 10 10 10 10 10 10 10 10 10 10 10 10 10 10 10 10 10 10 10 10 10 10 10 10 10 10 10 10 10 10 10 10 10 10 10 10 10 10 10 10 10 10 10 10 10 10 10 10 10 10 10 10 10 10 10 10 10 10 10 10 10 10 10 10 10 10 10 10 10 10 10 10 10 10 10 10 10 10 10 10 10 10 10 10 10 10 10 10 10 10 10 10 10 10 10 10 10 10 10 10 10 10 10 10 10 10 10 10 10 10 10 10 10 10 10 10 10 10 10 10 10 10 10 10 10 10 10 10 10 10 10 10 10 10 10 10 10 10 10 10 10 10 10 10 10 10 10 10 10 10 10 10 10 10 10 10 10 10 10 10 10 10 10 10 10 10 10 10 10 10 10 10 10 10 10 10 10 10 10 10 10 10 10 10 10 10 10 10 10 10 10 10 10 10 10 10 10 10 10 10 10 10 10 10 10 10 10 10 10 10 10 10 10 10 10 10 10 10 10 10 10 10 10 10 10 10 10 10 10 10 10 10 10 10 10 10 10 10 10 10 10 10 10 10 10 10 10 10 10 10 10 10 10 10 10 10 10 10 10 10 10 10 10 10 10 10 10 10 10 10 10 10 10 10 10 10 10 10 10 10 10 10 10 10 10 10 10 10 10 10 10 10 10 10 10 10 10 10 10 10 10 10 10 10 10 10 10 10 10 10 10 10 10 10 10 10 10 10 10 10 10 10 10 10 10 10 10 10 10 10 10 10 10 10 10 10 10 10 10 10 10 10 10 10 10 10 10 10 10 10 10 10 10 10 10 10 10 10 10 10 10 10 10 10 10 10 10 10 10 10 10 10 10 10 10 10 10 10 10 10 10 10 10 10 10 10 10 10 10 10 10 10 10 10 10 10 10 10 10 10 10 10 10 10 10 10 10 10 10 10 10 10 10 10 10 10 10 10 10 10 10 10 10 10 10 10 10 10 10 10 10 10 10 10 10 10 10 10 10 10 10 10 10 10 10 10 10 10 10 10 10 10 10 10 10 10 10 10 10 10 10 10 10 10 10 10 10 10 10 10 10 10 10 10 10 10 10 10 10 10 10 10 10 10 10 10 10 10 10 10 10 10 10 10 10 10 10 10 10 10 10 10 10 10 10 10 10 10 10 10 10 10 10 10 10 10 10 10 10 10 10 10 10 10 10 10 10 10 10 10 10 10 10 10 10 10 10 10 10 10 10 10 10 10 10 10 10 10 10 10 10 10 10 10 10 10 10 10 10 10 10 10 10 10 10 10 10 10 10 10 10 10 10 10 10 10 10 10 10 10 10 10 10 10 10 10 10 10 10 10 10 10 10 10 10 10 10 10 10 10 10 10 10 10 10 10 10 10 10 10 10 10 10 10 10 10 10 10 10 10 10 10 10 10 10 10 10 10 10 10 10 10 10 10 10 10 10 10 10 10 10 10 10 10 10 10 10 10 10 10 10 10 10 10 10 10 10 10 10 10 10 10 10 10 10 10 10 10 10 10 10 10 10 10 10 10 10 10 10 10 10 10 10 10 10 10 10 10 10 10 10 10 10 10 10 10 10 10 10 10 10 10 10 10 10 10 10 10 10 10 10 10 10 10 10 10 10 10 10 10 10 10 10 10 10 10 10 10 10 10 10 10 10 10 10 10 10 10 10 10 10 10 10 10 10 10 10 10 10 10 10 10 10 10 10 10 10 10 10 10 10 10 10 10 10 10 10 10 10 10 10 10 10 10 10 10 10 10 10 10 10 10 10 10 10 10 10 10 10 10 10 10 10 10 10 10 10 10 10 10 10 10 10 10 10 10 10 10 10 10 10 10 10 10 10 10 10 10 10 10 10 10 10 10 10 10 10 10 10 10 10 10 10 10 10 10 10 10 10 10 10 10 10 10 10 10 10 10 10 10 10 10 10 10 10 10 10 10 10 10 10 10 10 10 10 10 10 10 10 10 10 10 10 10 10 10 10 10 10 10 10 10 10 10 10 10 10 10 10 10 10 10 10 10 10 10 10 10 10 10 10 10 10 10 10 10 10 10 10 10 10 10 10 10 10 10 10 10 10 10 10 10 10 10 10 10 10 10 10 10 10 10 10 10 10 10 10 10 10 10 10 10 10 10 10 10 10 10 10 10 10 10 10 10 10 10 10 10 10 10 10 10 10 10 10 10 10 10 10 10 10 10 10 10 10 10 10 10 10 10 10 10 10 10 10 10 10 10 10 10 10 10 10 10 10 10 10 10 10 10 10 10 10 10 10 10 10 10 10 10 10 10 10 10 10 10 10 10 10 10 10 10 10 10 10 10 10 10 10 10 10 10 10 10 10 10 10 10 10 10 10 10 10 10 10 10 10 10 10 10 10 10 10 10 10 10 10 10 10 10 10 10 10 10 10 10 10 10 10 10 10 10 10 10 10 10 10 10 10 10 10 10 10 10 10 10 10 10 10 10 10 10 10 10 10 10 10 10 10 10 10 10 10 10 10 10 10 10 10 10 10 10 10 10 10 10 10 10 10 10 10 10 10 10 10 10 10 10 10 10 10 10 10 10 10 10 10 10 10 10 10 10 10 10 10 10 10 10 10 10 10 10 10 10 10 10 10 10 10 10 10 10 10 10 10 10 10 10 10 10 10 10 10 10 10 10 10 10 10 10 10 10 10 10 10 10 10 10 10 10 10 10 10 10 10 10 10 10 10 10 10 10 10 10 10 10 10 10 10 10 10 10 10 10 10 10 10 10 10 10 10 10 10 10 10 10 10 10 10 10 10 10 10 10 10 10 10 10 10 10 10 10 10 10 10 10 10 10 10 10 10 10 10 10 10 10 10 10 10 10 10 10 10 10 10 10 10 10 10 10 10 10 10 10 10 10 10 10 10 10 10 10 10 10 10 10 10 10 10 10 10 10 10 10 10 10 10 10 10 10 10 10 10 10 10 10 10 10 10 10 10 10 10 10 10 10 10 10 10 10 10 10 10 10 10 10 10 10 10 10 10 10 10 10 10 10 10 10 10 10 10 10 10 10 10 10 10 10 10 10 10 10 10 10 10 10 10 10 10 10 10 10 10 10 10 10 10 10 10 10 10 10 10 10 10 10 10 10 10 10 10 10 10 10 10 10 10 10 10 10 10 10 10 10 10 10 10 10 10 10 10 10 10 10 10 10 10 10 10 10 10 10 10 10 10 10 10 10 10 10 10 10 10 10 10 10 10 10 10 10 10 10 10 10 10 10 10 10 10 10 10 10 10 10 10 10 10 10 10 10 10 10 10 10 10 10 10 10 10 10 10 10 10 10 10 10 10 10 10 10 10 10 10 10 10 10 10 10 10 10 10 10 10 10 10 10 10 10 10 10 10 10 10 10 10 10 10 10 10 10 10 10 10 10 10 10 10 10 10 10 10 10 10 10 10 10 10 10 10 10 10 10 10 10 10 10 10 10 10 10 10 10 10 10 10 10 10 10 10 10 10 10 10 10 10 10 10 10 10 10 10 10 10 10 10 10 10 10 10 10 10 10 10 10 10 10 10 10 10 10 10 10 10 10 10 10 10 10 10 10 10 10 10 10 10 10 10 10 10 10 10 10 10 10 10 10 10 10 10 10 10 10 10 10 10 10 10 10 10 10 10 10 10 10 10 10 10 10 10 10 10 10 10 10 10 10 10 10 10 10 10 10 10 10 10 10 10 10 10 10 10 10 10 10 10 10 10 10 10 10 10 10 10 10 10 10 10 10 10 10 10 10 10 10 10 10 10 10 10 10 10 10 10 10 10 10 10 10 10 10 10 10 10 10 10 10 10 10 10 10 10 10 10 10 10 10 10 10 10 10 10 10 10 10 10 10 10 10 10 10 10 10 10 10 10 10 10 10 10 10 10 10 10 10 10 10 10 10 10 10 10 10 10 10 10 10 10 10 10 10 10 10 10 10 10 10 10 10 10 10 10 10 10 10 10 10 10 10 10 10 10 10 10 10 10 10 10 10 10 10 10 10 10 10 10 10 10 10 10 10 10 10 10 10 10 10 10 10 10 10 10 10 10 10 10 10 10 10 10 10 10 10 10 10 10 10 10 10 10 10 10 10 10 10 10 10 10 10 10 10 10 10 10 10 10 10 10 10 10 10 10 10 10 10 10 10 10 10 10 10 10 10 10 10 10 10 10 10 10 10 10 10 10 10 10 10 10 10 10 10 10 10 10 10 10 10 10 10 10 10 10 10 10 10 10 10 10 10 10 10 10 10 10 10 10 10 10 10 10 10 10 10 10 10 10 10 10 10 10 10 10 10 10 10 10 10 10 10 10 10 10 10 10 10 10 10 10 10 10 10 10 10 10 10 10 10 10 10 10 10 10 10 10 10 10 10 10 10 10 10 10 10 10 10 10 10 10 10 10 10 10 10 10 10 10 10 10 10 10 10 10 10 10 10 10 10 10 10 10 10 10 10 10 10 10 10 10 10 10 10 10 10 10 10 10 10 10 10 10 10 10 10 10 10 10 10 10 10 10 10 10 10 10 10 10 10 10 10 10 10 10 10 10 10 10 10 10 10 10 10 10 10 10 10 10 10 10 10 10 10 10 10 10 10 10 10 10 10 10 10 10 10 10 10 10 10 10 10 10 10 10 10 10 10 10 10 10 10 10 10 10 10 10 10 10 10 10 10 10 10 10 10 10 10 10 10 10 10 10 10 10 10 10 10 10 10 10 10 10 10 10 10 10 10 10 10 10 10 10 10 10 10 10 10 10 10 10 10 10 10 10 10 10 10 10 10 10 10 10 10 10 10 10 10 10 10 10 10 10 10 10 10 10 10 10 10 10 10 10 10 10 10 10 10 10 10 10 10 10 10 10 10 10 10 10 10 10 10 10 10 10 10 10 10 10 10 10 10 10 10 10 10 10 10 10 10 10 10 10 10 10 10 10 10 10 10 10 10 10 10 10 10 10 10 10 10 10 10 10 10 10 10 10 10 10 10 10 10 10 10 10 10 10 10 10 10 10 10 10 10 10 10 10 10 10 10 10 10 10 10 10 10 10 10 10 10 10 10 10 10 10 10 10 10 10 10 10 10 10 10 10 10 10 10 10 10 10 10 10 10 10 10 10 10 10 10 10 10 10 10 10 10 10 10 10 10 10 10 10 10 10 10 10 10 10 10 10 10 10 10 10 10 10 10 10 10 10 10 10 10 10 10 10 10 10 10 10 10 10 10 10 10 10 10 10 10 10 10 10 10 10 10 10 10 10 10 10 10 10 10 10 10 10 10 10 10 10 10 10 10 10 10 10 10 10 10 10 10 10 10 10 10 10 10 10 10 10 10 10 10 10 10 10 10 10 10 10 10 10 10 10 10 10 10 10 10 10 10 10 10 10 10 10 10 10 10 10 10 10 10 10 10 10 10 10 10 10 10 10 10 10 10 10 10 10 10 10 10 10 10 10 10 10 10 10 10 10 10 10 10 10 10 10 10 10 10 10 10 10 10 10 10 10 10 10 10 10 10 10 10 10 10 10 10 10 10 10 10 10 10 10 10 10 10 10 10 10 10 10 10 10 10 10 10 10 10 10 10 10 10 10 10 10 10 10 10 10 10 10 10 10 10 10 10 10 10 10 10 10 10 10 10 10 10 10 10 10 10 10 10 10 10 10 10 10 10 10 10 10 10 10 10 10 10 10 10 10 10 10 10 10 10 10 10 10 10 10 10 10 10 10 10 10 10 10 10 10 10 10 10 10 10 10 10 10 10 10 10 10 10 10 10 10 10 10 10 10 10 10 10 10 10 10 10 10 10 10 10 10 10 10 10 10 10 10 10 10 10 10 10 10 10 10 10 10 10 10 10 10 10 10 10 10 10 10 10 10 10 10 10 10 10 10 10 10 10 10 10 10 10 10 10 10 10 10 10 10 10 10 10 10 10 10 10 10 10 10 10 10 10 10 10 10 10 10 10 10 10 10 10 10 10 10 10 10 10 10 10 10 10 10 10 10 10 10 10 10 10 10 10 10 10 10 10 10 10 10 10 10 10 10 10 10 10 10 10 10 10 10 10 10 10 10 10 10 10 10 10 10 10 10 10 10 10 10 10 10 10 10 10 10 10 10 10 10 10 10 10 10 10 10 10 10 10 10 10 10 10 10 10 10 10 10 10 10 10 10 10 10 10 10 10 10 10 10 10 10 10 10 10 10 10 10 10 10 10 10 10 10 10 10 10 10 10 10 10 10 10 10 10 10 10 10 10 10 10 10 10 10 10 10 10 10 10 10 10 10 10 10 10 10 10 10 10 10 10 10 10 10 10 10 10 10 10 10 10 10 10 10 10 10 10 10 10 10 10 10 10 10 10 10 10 10 10 10 10 10 10 10 10 10 10 10 10 10 10 10 10 10 10 10 10 10 10 10 10 10 10 10 10 10 10 10 10 10 10 10 10 10 10 10 10 10 10 10 10 10 10 10 10 10 10 10 10 10 10 10 10 10 10 10 10 10 10 10 10 10 10 10 10 10 10 10 10 10 10 10 10 10 10 10 10 10 10 10 10 10 10 10 10 10 10 10 10 10 10 10 10 10 10 10 10 10 10 10 10 10 10 10 10 10 10 10 10 10 10 10 10 10 10 10 10 10 10 10 10 10 10 10 10 10 10 10 10 10 10 10 10 10 10 10 10 10 10 10 10 10 10 10 10 10 10 10 10 10 10 10 10 10 10 10 10 10 10 10 10 10 10 10 10 10 10 10 10 10 10 10 10 10 10 10 10 10 10 10 10 10 10 10 10 10 10 10 10 10 10 10 10 10 10 10 10 10 10 10 10 10 10 10 10 10 10 10 10 10 10 10 10 10 10 10 10 10 10 10 10 10 10 10 10 10 10 10 10 10 10 10 10 10 10 10 10 10 10 10 10 10 10 10 10 10 10 10 10 10 10 10 10 10 10 10 10 10 10 10 10 10 10 10 10 10 10 10 10 10 10 10 10 10 10 10 10 10 10 10 10 10 10 10 10 10 10 10 10 10 10 10 10 10 10 10 10 10 10 10 10 10 10 10 10 10 10 10 10 10 10 10 10 10 10 10 10 10 10 10 10 10 10 10 10 10 10 10 10 10 10 10 10 10 10 10 10 10 10 10 10 10 10 10 10 10 10 10 10 10 10 10 10 10 10 10 10 10 10 10 10 10 10 10 10 10 10 10 10 10 10 10 10 10 10 10 10 10 10 10 10 10 10 10 10 10 10 10 10 10 10 10 10 10 10 10 10 10 10 10 10 10 10 10 10 10 10 10 10 10 10 10 10 10 10 10 10 10 10 10 10 10 10 10 10 10 10 10 10 10 10 10 10 10 10 10 10 10 10 10 10 10 10 10 10 10 10 10 10 10 10 10 10 10 10 10 10 10 10 10 10 10 10 10 10 10 10 10 10 10 10 10 10 10 10 10 10 10 10 10 10 10 10 10 10 10 10 10 10 10 10 10 10 10 10 10 10 10 10 10 10 10 10 10 10 10 10 10 10 10 10 10 10 10 10 10 10 10 10 10 10 10 10 10 10 10 10 10 10 10 10 10 10 10 10 10 10 10 10 10 10 10 10 10 10 10 10 10 10 10 10 10 10 10 10 10 10 10 10 10 10 10 10 10 10 10 10 10 10 10 10 10 10 10 10 10 10 10 10 10 10 10 10 10 10 10 10 10 10 10 10 10 10 10 10 10 10 10 10 10 10 10 10 10 10 10 10 10 10 10 10 10 10 10 10 10 10 10 10 10 10 10 10 10 10 10 10 10 10 10 10 10 10 10 10 10 10 10 10 10 10 10 10 10 10 10 10 10 10 10 10 10 10 10 10 10 10 10 10 10 10 10 10 10 10 10 10 10 10 10 10 10 10 10 10 10 10 10 10 10 10 10 10 10 10 10 10 10 10 10 10 10 10 10 10 10 10 10 10 10 10 10 10 10 </DataArray>
</Cells>
<PointData  Vectors="qq"> 
<DataArray  type="Float64"  Name="qq"  NumberOfComponents="3" format="ascii">-3.9668715191736433e-02 -2.1156024804949156e-01 -7.7634332862080116e-02  -1.0839052473812524e-01 -2.9309689147411244e-01 -1.3086490031700573e-01  -4.6607011697070551e-02 -2.3999151808213212e-01 5.3677363219780450e-02  -6.2175527477027634e-02 -1.9227558640844528e-01 8.0917160837198687e-02  -1.9632927123330923e-01 -2.5270889219797049e-01 -1.5336066837450751e-01  -4.8708565052568924e-02 -2.3630815913683159e-01 9.1663030002031548e-02  -1.1371845552173254e-01 -2.5967722813331073e-01 -1.2254198043618522e-01  -1.5366094153943188e-01 -3.2085509595164824e-01 -3.2604396466477648e-01  -2.9864094020307214e-01 -2.4155380015751157e-01 1.5377581294153819e-02  -2.4764482689940862e-01 -4.3164189585216045e-01 -3.9074182467186680e-01  -1.4196794046931888e-01 -3.7010332900960879e-01 -1.2101681358458916e-01  -1.9837028037890956e-03 -4.5455210282211600e-01 5.7097557476430645e-02  -5.2133820829569821e-01 -5.2235909838945382e-01 -5.8035898037218737e-02  -3.5484584742110203e-01 -4.8166019996721987e-01 -5.2672286177415928e-01  -4.5742508724154296e-01 -3.7165479614464003e-01 -3.6162286695535456e-01  -3.3812742439670340e-01 -3.3455882925268610e-01 -3.4046316559129375e-02  -4.5936745463980327e-01 -2.9348067103363717e-01 -5.6727629093880427e-01  -1.5602007398796625e-01 -4.9584579338340062e-01 -4.0700440449168995e-01  -4.0054926188274792e-01 -4.6623441992513798e-01 -6.8640408208744630e-01  -3.6429875193621097e-01 -6.5436696160946484e-01 -5.4469231789226302e-01  -7.1121598292281896e-01 -7.9226791767282478e-01 1.1891542443045709e-01  -5.3935717078396443e-02 -5.2765386421876637e-01 3.6556991259062289e-02  -4.7396958881661089e-01 -5.0992510761022958e-01 -6.4581907514905323e-01  -1.3637286001187146e-02 -4.9876457648143357e-01 -2.1174934153866748e-01  -3.9950827099450276e-01 -6.2342388110843028e-01 4.1452140880052013e-01  -1.9242839608922255e-01 -5.0897055836796412e-01 -6.6848438158553902e-01  -4.8069583589469284e-01 -5.5410521464149831e-01 -6.7992968607253845e-01  -4.8751989588063510e-01 -5.3918984238668766e-01 -8.4085838256981105e-01  -3.1276793024392779e-01 -3.4092494278588908e-01 -8.5568673179955007e-02  -6.4696696707973692e-02 -5.0180248479203904e-01 -3.3882336954984082e-01  2.4605834976391172e-01 -2.8772654276128729e-01 3.1096560437573911e-01  -4.4742382761368971e-01 -6.2089456334679538e-01 -8.7220517053948532e-01  -5.6588699703098677e-01 -2.8864910624253326e-01 -6.8888636398302161e-01  -4.5617663875498887e-01 -3.5023886460508158e-01 -7.7393902098660017e-01  -1.6644442217495714e-01 -5.7879639173454367e-01 -6.3601844979111155e-01  -5.6270464595516512e-01 -5.3425678843116309e-01 -8.7164423088267406e-01  -2.4243003794048357e-01 -5.7342469151522424e-01 -7.6206944577062619e-01  -5.2683451927151093e-01 -4.3246342702214718e-01 -4.9294472458454253e-01  -8.3539112624095369e-01 -5.5707403553485813e-01 1.8270764305402484e-01  -5.8678027262261356e-01 -5.4867348502945079e-01 4.6936102385542147e-02  -3.2844843269269886e-01 -6.0029595189785490e-01 -1.1426034505031331e+00  -4.8888455802443664e-01 -4.7923300194636753e-01 -8.0447842613033027e-01  1.5518987586610633e-02 -5.3383485319927271e-01 3.2687451177922405e-02  -4.7562066118108326e-01 -5.7005641784842243e-01 -1.0383632333215913e+00  7.8247693279721628e-02 -1.4368644076401593e-01 -2.5799196747627773e-01  -1.6535453062892516e-02 -2.3144473435921073e-01 -1.5028347971763559e-01  -2.7632374554185762e-01 -3.8292762357299287e-01 -1.0723806940704610e+00  -1.0390212719031215e+00 -6.9040528133689294e-01 1.3343929052391940e-01  -5.5455833792926257e-01 -6.0641710096763868e-01 -1.3990222872633458e+00  -2.4783002773862398e-01 -2.1254299870874110e-01 -6.6323563037589017e-01  -3.3102160405758696e-01 -4.4914237745038776e-01 -1.2323243313801184e+00  -2.1301677090548959e-01 -4.7069067427936689e-01 -7.3751802474135389e-02  -2.6095197770937645e-01 -1.5754207437279913e-01 -7.5291064036494970e-01  -1.2203685232847120e-01 -1.4905378507229128e-01 -1.1433530909010828e-01  -6.3690807270772687e-01 -5.9255649119586185e-01 7.8571604218349592e-02  -6.2380107681353547e-01 -7.9648866411591523e-01 -1.5410508135840952e+00  -2.8018551739615855e-01 -4.1076119723447513e-01 -1.4996185035832965e+00  -6.8373914869746633e-01 -5.0541647580070603e-01 -1.1449847926126535e+00  -7.0358138325094832e-01 -1.7211019525329299e-01 -6.3466014571855356e-01  -7.6084235631413880e-02 -2.9675163218160527e-01 -1.1366466117463758e+00  -7.7977263990879453e-01 -4.6486904726320077e-01 -1.3388240054917915e+00  -4.3416169068412847e-01 -3.7327927576928205e-01 -1.7720070883511474e+00  -6.3441810042964542e-01 -4.4594582940556038e-01 -1.5051102968691956e+00  -7.6874513603505268e-01 -4.1150405834222620e-01 -1.2614117281594053e+00  -1.3335955261165386e-01 -2.6131063247428576e-01 -1.2097448674720308e+00  -5.6706778439623706e-01 -6.3247242962932260e-01 -1.9296098674647613e+00  -1.5336049601400883e-01 -3.4308769034464420e-01 5.7142484018258416e-02  -7.0580166582846082e-01 -5.4900835209516052e-01 -1.6766573527583615e+00  -6.3554356860659456e-01 -3.3315233742390760e-01 -1.0646426351527272e+00  -6.2602484009609127e-01 -4.5441924592836586e-01 -4.6985918941502380e-01  -6.9755502687158633e-01 -1.5576816471936153e-01 -7.3902300752709205e-01  -5.0554901091745841e-01 -4.8866301117788491e-01 -1.7153122676786594e+00  -3.6785756701523603e-01 -2.5948014321425550e-01 -1.6174769044634001e+00  -6.0781343490808171e-01 -5.6545773191914628e-01 -1.9088057968430148e+00  -1.9140673776078901e-01 -6.0994120251431916e-02 -1.4547531868941392e+00  -7.0155596642730234e-01 -4.8795600659623894e-01 -2.0113251079367545e+00  -2.3434415288341573e-01 1.5505352697979818e-01 -3.0778312928896562e-01  -1.7338581748474360e-01 1.7226717020239632e-01 -4.2569214828110136e-01  -8.6886283320213564e-01 -9.2326542232348019e-01 3.8399414964234652e-01  -6.4826148408907636e-01 -6.9550965354795569e-01 -1.9999162457339485e+00  -8.4244973607716445e-01 -6.3231403380487028e-01 3.4497097303699892e-01  -6.7684433211586303e-01 -7.6162382736785594e-01 -1.0133641500744207e-01  -5.3356677990012025e-01 -3.4086619594198092e-01 -1.6856781658135804e+00  -4.0301928576382601e-01 -1.1235822998695308e-01 -8.2849675345861973e-01  -7.2585461210423186e-01 -4.3983807757468713e-01 -1.6873158373730301e+00  -4.7210034743585111e-01 -3.5538537466609305e-01 -1.7844838304001263e+00  -5.7977031063190654e-01 -6.2313076114170607e-01 -1.9984093900566360e+00  -2.8764928014809393e-01 1.8029224893637152e-01 -1.3640958871831372e+00  -7.3396857860834264e-01 -3.8449280531011254e-01 -1.1667215454029338e-01  -1.8945563762280637e-01 3.8925799590198769e-02 -1.3541279789299696e+00  -3.4588371527199480e-01 9.7195812167969985e-03 -9.3123839472292136e-01  -7.3767611829366253e-01 -4.6636854120613791e-01 -1.8855529786519352e+00  -8.0014284724557427e-01 -4.4677012990459358e-01 -1.5191650816746709e+00  -6.5520039687672826e-01 -6.9870034788787472e-01 -1.9850794448830060e+00  -4.9078771266409887e-01 -1.1811753403995280e-01 -9.9515194591757461e-01  -6.7294385493189779e-01 -3.3642895858029881e-01 -2.0359979714929786e+00  -3.6696472044458101e-01 -5.7867551247896651e-02 -1.5805346219199243e+00  -7.6232823391722437e-01 -4.1435937992642830e-01 -1.6575078769377025e-01  -2.7813394770843763e-01 -6.1137766486002276e-01 -6.3366765119742385e-03  -7.3996516853098504e-01 -2.2189167420403519e-01 -1.9696983556919867e-01  -7.9348645142659413e-01 -4.3804911963289528e-01 -1.1970942071990662e+00  -7.5191710495666464e-01 -5.1921051512601746e-01 -2.1763207801239646e+00  -7.9609493771907880e-01 -7.8191677887373279e-01 2.9354951745986607e-01  -8.3311496914913685e-01 -3.1642754401738787e-01 -1.4089360222574487e+00  -5.1726115721387589e-01 -5.5436638661815085e-01 -1.8995418685332481e+00  -5.3889259665070666e-01 -7.1923091740298789e-02 -1.9648305177794656e+00  -7.7237712457966112e-01 -6.7255202560267147e-01 -2.0807539733330773e+00  -3.1396327759581943e-01 1.0325639317022660e-01 -1.3070012790613024e+00  -5.3441836858767267e-01 -1.0508834319514909e-01 -1.9532327510602090e+00  -5.9642200826855607e-01 -5.6655064976859515e-01 2.0990702164989419e-01  -8.6214207448990177e-01 -4.5176496676458722e-01 -2.1726257562198472e+00  -8.6339986148874703e-01 -3.4936267061323667e-01 -1.3039657093425145e+00  -5.4231908497243042e-01 -6.3591538348367915e-01 -1.9731691047516313e+00  -8.7881582066845265e-01 -2.9670125924721197e-01 -1.5450678847982522e+00  -3.5012210808326849e-01 1.7744837456711499e-01 -2.4568737786178579e-01  -3.3030969506468716e-01 -1.6094927246279667e-01 -1.5781799667374599e+00  -6.9187613963191053e-01 -7.8953021832915526e-01 -2.2762818630348286e-01  -9.1536644927492339e-01 -5.0684087420497037e-01 -2.1604319616333671e+00  -2.7324221393193587e-01 -3.0922450720880251e-01 -1.7795562984994719e+00  -7.5189507556599822e-01 -7.6375727529073423e-01 -2.1843930970254029e+00  -6.7050314800930655e-01 -3.0503635287218978e-01 -4.5778047843425718e-01  -6.9402198703716078e-01 9.9651288004280164e-02 -1.6537040842678321e+00  -5.8299798132320346e-01 8.8999070061265020e-02 -1.8684429388543968e+00  -4.2310008983578484e-01 1.7882204190614615e-01 -3.7768702940412519e-01  -9.0622542803147854e-01 -5.9912434629343891e-01 -2.1420716573098226e+00  -1.1011296615248549e+00 -2.9189770176793711e-01 -2.0860768948184183e+00  -4.4241268304444037e-01 1.8679525994633797e-01 -1.1868065139841932e+00  -3.6521397650133797e-01 3.0192550550444740e-03 -1.7711014440233830e+00  -6.7688912774492804e-01 -5.2304037745091070e-01 -2.0690063093838869e+00  -3.3919539691083977e-01 -5.8560678037313164e-02 -9.0672028905453367e-02  -5.2712997253339677e-01 -5.3805220706164791e-01 -1.2830505264929964e-01  -5.4773850552078285e-01 2.7172158890393872e-01 -6.1686165313141128e-01  -3.0416369067876015e-01 2.5886588464234767e-02 -1.4662761882440511e+00  -8.6014620175825529e-01 -6.7515368040569024e-01 -2.0842164014256510e+00  -1.0416995784873058e+00 -1.0098837774979652e+00 4.0787912769390217e-01  -6.6202257334525305e-01 -7.1896724436913728e-01 -2.2341156653254770e+00  -1.0574670800588026e+00 -4.0129270717422372e-01 -2.2607304437694049e+00  -5.9365480922904346e-01 2.9671878366549786e-01 -1.2053149137180919e+00  -3.4656344615126722e-01 -7.0224031663317366e-02 -1.4969244528353085e+00  -5.3483243934345326e-01 -4.0645833438891782e-01 -5.8761220612354159e-01  -6.5412213687307685e-01 2.5801192389491667e-01 -9.4480193202094787e-01  -9.4111878779900482e-01 -5.4300093372599867e-01 -2.1245544913795045e+00  -8.5085173505508760e-01 -2.2580199895671665e-01 -1.5418258081396699e+00  -1.0212664397401758e+00 -4.6941577117313465e-01 -2.2436676831472160e+00  -2.2331861021894658e-01 3.3403076940087423e-01 -1.6425710615476261e+00  -9.6158928095467944e-01 -4.6149238142668736e-01 -2.0812720139172276e+00  -5.6068198481576292e-01 -5.8464669732113694e-01 -2.0197541611428202e+00  -7.3764175414425681e-01 -6.8836715040007568e-01 -2.0013042422467868e+00  -5.2056716967308692e-01 -1.3457122772971780e-01 -8.0734145695007686e-01  -3.9316616674789090e-01 -2.4948397940127767e-01 -1.8901939784465793e+00  -6.1347436910283737e-01 2.8745104412452122e-01 -1.2714611215926879e+00  -1.8230692999067746e-01 1.9741778357951856e-01 -1.1116875553714376e+00  -8.4099277458581112e-01 -7.0500822455115353e-01 -2.1040305883893629e+00  -9.6739287174044175e-01 -3.3333301734667575e-01 -1.8727153145424460e+00  -3.1354535250214921e-01 -1.9203270386830501e-01 1.5159712154588750e-01  -4.7860126007356424e-01 2.5216582315647690e-01 -1.6909830013096121e+00  -6.5650780568186373e-01 2.2989060610537090e-01 -1.6737244905341278e+00  -2.7801339476443382e-01 7.6057232502531893e-02 -1.2541107374810851e+00  -6.1182449245386417e-01 -6.6478105655337716e-01 -2.1087383924263445e+00  -8.8125633041730733e-01 -1.3786655396828942e-01 -1.0754365986668701e+00  -5.8726327558235203e-01 -4.5081674891569423e-01 2.2392584822969358e-01  -5.9510405604866590e-01 -3.8553811188139164e-01 -2.3287137128689966e-01  -5.3067580773500800e-01 -5.1174140537723789e-01 -2.0789114798619255e+00  -8.2521154483463510e-01 -7.6558501316294114e-01 -2.0166289191310680e+00  -6.7731915504504425e-01 -1.9585701486823143e-01 -6.2964780505631124e-01  -8.7248775958711400e-01 -9.4437965633308696e-02 -1.6491100583122489e+00  -9.0677099815703655e-01 -2.2964851707217432e-01 -2.0388752769723251e+00  -5.0850829285488786e-01 -2.1135800643364108e-01 -2.0772713044028719e+00  -5.7345178485873183e-01 -7.4455564945811548e-01 -1.7321385330248247e+00  -3.1102192855387778e-01 -2.4338097516755486e-01 5.9479562646145026e-02  -8.7604967249818821e-01 -5.1542713393543527e-01 -1.8803237388416718e+00  -3.1614258312382632e-01 6.4191604828933033e-02 -1.3765844617107972e+00  -5.4267223451611024e-01 -4.3395784024605361e-01 -1.9869883105790203e+00  -3.4379116447247021e-01 3.8634196661427528e-01 -9.9884362873752985e-01  -3.4932711014474777e-01 -2.5212104166680621e-01 1.5685865811003566e-01  -7.4100562094342315e-01 -4.5373980698178090e-01 -1.5986753074869351e+00  -4.2061242282000849e-01 7.3860014553135400e-01 -1.5120558151132089e+00  -7.0943272050509687e-01 -7.8079732471905539e-01 -3.5577638593201016e-01  -5.7278304890119391e-01 -8.2594021680112961e-01 -1.5694149939508459e+00  -9.2887566096255203e-01 -3.4445407828057678e-01 -2.9475615916988523e-01  -6.9500867027829516e-01 -1.2949820933031295e-01 -1.1188247147203456e+00  -6.4733295415534842e-01 -7.0576317328963423e-01 -1.4338471645098123e+00  -8.6278980861239463e-01 5.1682323069097902e-01 -1.3840327382135222e+00  -6.7772864704059377e-01 7.1660701501862767e-02 -2.5463605421671848e-01  -9.0610414246777382e-01 6.7135558179758281e-01 -1.6817579036596377e+00  -3.1539096347710593e-01 -5.6028655607870737e-02 -1.7930519858804663e+00  -1.0095427290357386e+00 -4.5561688503074249e-01 -1.8441102345220193e+00  -4.5437843818668139e-01 -2.2521050967461059e-01 -2.0277431678316487e+00  -1.1588947864771011e+00 -1.2511472220488859e-01 -2.2246196303086005e+00  -6.6199412765709986e-01 3.0113524152647730e-01 -4.3721173593891943e-01  -7.5486060484244499e-01 -3.1221161253038798e-01 -1.2525076832999744e+00  -7.6197152784090438e-01 5.4408978064345737e-01 -1.2125689237784103e+00  -4.9882050115675464e-01 -3.9878054443278205e-01 -1.7977416210560546e+00  -1.0263464636648332e+00 -4.9729752794908022e-01 -3.4721226810302042e-01  -7.2857989004157697e-01 3.1734021399096224e-01 -6.2456509417211059e-01  -7.2576342151178053e-01 -1.7569909898584396e-01 -1.5456914617953870e+00  -8.3059288711135193e-01 -9.3740352129552851e-01 -3.6806909053512554e-01  -4.3589685747648621e-01 3.6677518009726623e-01 -1.1137693158159065e+00  -7.0358006201351886e-01 3.1401760544593975e-02 -1.6131990296615828e+00  -2.9951116788141896e-01 -1.5208925601659820e-01 1.4050345619057816e-02  -6.3966719504111946e-01 -1.1159660269830318e-02 -5.5326604061607532e-01  -7.0652179009618654e-01 -7.9269237952877034e-02 -1.1256028733532546e+00  -5.7822144323800895e-01 -7.7611463668539282e-01 -1.2765192900053368e+00  -5.4050635198399355e-01 -6.3378920136269357e-01 -1.4219871349288411e+00  -9.3675279624952690e-01 -6.9341882454994308e-01 1.3754071559277846e-02  -1.1680375857199785e+00 -2.0582086797211976e-01 -2.2390005351023259e+00  -5.2844960455895118e-01 -1.9124916829474073e-01 -2.1865738045023986e+00  -9.3608619525116066e-01 2.2585103145591592e-01 -1.2119167943307805e+00  -8.1334955583062674e-01 -3.8518534281616412e-01 -3.8727171393510379e-01  -6.5621589175409667e-01 -2.9874915037941230e-01 -1.1517440200488689e+00  -5.9861277177146677e-01 5.1878983078233232e-01 -1.3748370672381618e+00  -8.5644697054652563e-01 3.6484956930244128e-01 -9.2618383971974216e-01  -5.9885240880003132e-01 1.4704930275935360e-01 -1.5768358372729201e+00  -2.4164701997220275e-01 -4.4930503890044222e-02 -1.8474769478094668e+00  -8.5041198511766203e-01 4.4776975364089372e-01 -1.1723824271127117e+00  -5.4834115632861857e-01 -2.2254483608918077e-01 -1.5652106278215592e+00  -8.9976926722358563e-01 5.0678776855175056e-01 -1.5574122070603533e+00  -7.8597164430650279e-01 -5.8741863749253831e-01 -4.7910423774050181e-01  -9.0260205660571291e-01 5.6881817989093131e-01 -1.4526236412591154e+00  -3.2377223076728046e-01 -8.2576755845160921e-01 -7.9389513904098430e-01  -5.3185649708984661e-01 9.5294058934252662e-02 -1.7232996414510122e+00  -2.3840582594469120e-01 -1.3101228725999317e-01 5.4586183725390716e-02  -7.3062544284963726e-01 1.2407279359620248e-01 -1.3968847136471376e+00  -3.8426120821056686e-01 3.5672697723816521e-01 -9.2645825115301361e-01  -4.0737738728739398e-01 -4.4242531515983879e-01 -9.0553011117398186e-01  -5.8303726544045875e-01 -3.8827516132395623e-01 -9.7833688757385151e-01  -9.0331060856600731e-01 -9.4885601537476383e-01 -4.9904560724799168e-01  -2.7418253185195551e-01 -4.7875072681697925e-02 -1.5713010413129140e-03  -3.3846781210412280e-01 5.9911513495732753e-02 -2.3972464612822697e-01  -6.0270249896013584e-01 3.1908776173927056e-01 -1.5071289278781848e+00  -9.1245225185139756e-01 1.3629153318672707e-01 -3.9171748273794349e-01  -5.3614349007250828e-01 -1.3726381657395220e-01 -1.1399808440974455e+00  -9.7174378435170305e-01 -3.1155427478982867e-01 -4.3681770129399361e-01  -1.1038137385405917e+00 -4.1654794555057895e-01 -5.9517645597083257e-01  -8.9146185941378464e-01 2.6603908929252107e-01 -5.3870813452231214e-01  -4.8730711481669908e-01 1.7396032467977462e-01 -4.3035543887989242e-01  -5.1883585310677083e-01 4.0967788566370011e-02 -8.4458701520952351e-01  -6.2974715469334241e-01 1.9821785249835588e-02 -1.0702998693439567e+00  -4.1705685534604570e-01 -1.6848040855049529e-01 -8.9027661077885134e-01  -4.4938790375427018e-01 -8.1011952025210221e-01 -6.6597614413002038e-01  -4.5521123157541638e-01 -3.9826480865542074e-01 2.3588991402961212e-01  -4.6941844402117577e-01 2.6788871725204767e-03 -8.9286879867245872e-01  -3.7456668868761378e-01 -7.6003636812954500e-01 -6.8468703974740608e-01  -1.2017983857712106e-01 -1.9353842658364487e-01 -2.1281631722188221e+00  -4.4279190232064741e-01 1.3728612157647740e-01 -1.4592158516862193e+00  -1.9874474204242651e-01 1.2261419363750695e-01 -1.2073141179666786e+00  -6.5041892690845349e-01 -1.1073114767388493e-02 -1.2154199322292094e+00  -2.7331309469842752e-01 -3.7274520756912377e-01 -6.3576612015776612e-01  -8.2448563822905274e-01 4.5194186447641865e-01 -1.9233782942159110e+00  -7.2416253886633475e-01 1.1885203605456851e-01 -1.5113041879443478e+00  -6.7940332293517913e-01 3.4195818290888447e-01 -1.3836704340006958e+00  -1.2481299681177620e+00 -1.0880126830184440e+00 -3.5651305100234332e-01  -1.3262457356500577e+00 -7.3229062543868806e-01 -5.0528582721591142e-01  -3.4992585202059845e-01 -1.1679966022358174e-01 -2.1037920421632395e+00  -8.9934961131905222e-01 6.2353038659871540e-01 -1.1287383822861987e+00  -1.1507459459242300e+00 -9.0660803963644776e-01 -3.9293493074206676e-01  -2.2399421053545204e-01 3.0674860939330806e-01 -1.0167397302121362e+00  -3.3713865435707213e-01 1.3083151357559497e-01 -1.0166864105574507e+00  -1.0616235262135343e+00 4.1810883249468456e-01 -6.6767215457820339e-01  -5.3745803778537593e-01 -6.9822144265232103e-02 -9.7549140581965388e-01  -5.6840365036786022e-01 -3.1574573000694411e-02 -1.1561356249354415e+00  -3.0386918348987685e-01 -5.9495477742362679e-01 -2.6697883952358337e-01  -2.8153433408136469e-01 -1.2664475147817320e-01 -6.0481522219791028e-01  -2.0128401726871889e-01 -5.5694351500007166e-01 4.2874102492211338e-02  -4.3186027916638159e-01 -1.1670315381282015e-02 -8.4068141592633783e-01  -7.7819363642460948e-01 -3.5573923310005293e-02 -2.1481972313558573e+00  -4.0946390990385501e-01 3.0436869592376914e-01 -1.3433243517304534e+00  -2.4191654517769706e-01 -6.4959990591862071e-01 -1.5033869897536586e-01  -1.0597159383395440e+00 -1.6420845431152833e-01 -4.0636517460236621e-01  -2.2988194299797954e-01 -3.2898294995666495e-02 -6.4529613258105123e-01  -2.6359989132332468e-01 -6.5653169766640401e-02 -8.3806512876887382e-02  -7.4863585074557271e-01 1.3902922020908279e-01 -1.7746604952661833e+00  -1.0750519204047981e+00 2.2914568650892413e-02 -5.1488382504720953e-01  -2.1172185993236065e-01 -2.9774356543289071e-01 -2.7999048046169600e-01  -7.9486666253980431e-01 -1.6119139012203967e-01 -2.1663033527039824e-01  -4.5617721606324085e-01 3.7570516684855959e-01 -1.2067622754026932e+00  -3.7690226220478079e-01 -2.3249494995987080e-01 -1.9648226461970311e-01  -1.2316667627623465e+00 -4.3671703737591594e-01 -5.4606333139748275e-01  -9.0995493627935120e-01 -3.6595839800822161e-01 -2.1869019599445025e-01  -1.2977729498664363e+00 -1.0586240536934841e+00 -4.6155383512354747e-01  -1.0288625318216289e+00 4.6371879197516380e-01 -8.3967185201205363e-01  -6.2599218573686699e-01 2.6466446320078524e-01 -1.2260271923121120e+00  -2.6467442780796308e-01 -2.8895329542677786e-02 -5.0100030400415840e-01  -1.2471354290108548e-01 -7.3242195445393443e-01 -2.7748061389051133e-02  -8.0849213477923831e-01 5.2338023241148990e-01 -2.2884835550311871e+00  -6.8326257538424073e-01 1.3945366687991895e-01 -1.2472161193977227e+00  -1.1421516764334079e+00 3.0370444263953528e-01 -6.5146252850862152e-01  -1.5654018074499046e-01 -1.5100088011642276e-01 -2.8126550913673365e-01  -8.1274759532768331e-02 -5.9628545568802087e-02 -1.1404935133860648e+00  5.9444816595154625e-02 -4.1889159534892245e-01 -2.3980001655429728e+00  -5.8962377070981731e-01 5.0435923024826845e-01 -1.3382480801043013e+00  -9.2218811216588781e-01 4.0514115700913855e-01 -1.6073630004983037e+00  -1.0029839562108764e+00 5.2233927462203089e-01 -9.9782756685217500e-01  -1.0822128591646021e+00 -4.7424585377746531e-01 -4.4743626924404317e-01  -4.9671240003015887e-01 4.1567549100952605e-01 -8.1580905351439015e-01  -1.1689171173849951e-01 2.4773893157975495e-02 -3.2683119337498564e-03  -5.9075116929471372e-01 -3.6611238889395642e-01 1.7489738533640731e-01  -8.8984350463332251e-02 -4.4718076186865324e-01 -1.3808151743205899e-01  -1.2080315919190174e+00 -6.8970784852816824e-01 -4.2026934772926100e-01  -1.1431460115632930e-01 -1.0125332328112818e-01 1.0259045448827766e-02  -2.9313003071769500e-01 -4.3026542487174496e-01 -2.4683424760159971e+00  -1.6887061393777708e-01 -5.7082724841206522e-01 4.1288452397871427e-02  -2.0902057127254114e-01 -4.3556412838263520e-01 1.2789727862235059e-01  -6.0345642284154524e-02 -2.7697163156328802e-01 -1.1162344749038569e-01  -7.5141222196346602e-01 8.8061966043019274e-02 -1.4075166161081247e+00  -1.4173395049189741e-01 -4.7375255917286674e-01 1.2282532205570040e-01  -1.2652442736668731e-02 -2.5416303159510639e-01 -1.5418077228179932e+00  -1.2360937399976862e-01 3.9171936530993127e-03 -1.4210345760207164e+00  -1.4121466828700982e-01 1.3292885441733572e-02 -8.1488504072992213e-02  -1.6804950384549774e-01 -4.7964925021057397e-02 -6.3314994914765305e-02  -1.6908751082445822e-01 -2.5774700435933479e-01 -1.9664046749678605e+00  -3.7907518183936056e-01 -3.4719681768698352e-01 -2.2049531196000163e+00  -9.1810203536041601e-01 4.9190471853053863e-01 -1.0327869668793563e+00  -1.0883575773150415e-01 -4.3965812392328019e-01 -2.0747115194031673e+00  -2.3126742310134590e-01 -1.9420661654762242e-03 -2.1758893019215028e-01  -3.7812971899023246e-01 2.2495861609311818e-01 -4.0566050729947778e-01  -1.1760784263666405e-01 -6.6482827832848734e-01 1.0292017403467266e-01  -9.8441586062629127e-01 -8.1177676054879011e-01 -4.2475633967915088e-01  -2.7322019107616324e-01 2.4290137960193239e-01 -1.1313307606360019e+00  -6.0821005952782295e-02 1.0066455162301952e-01 -8.9813091744531226e-01  -3.4022777263487136e-01 3.1021806730139384e-01 -9.2163346847401018e-01  -6.9662941827089919e-01 -4.8821015641930254e-02 -1.8614021948550314e+00  -3.7923582630172487e-01 1.8023647926007838e-01 -1.0832416753968230e+00  1.0322775907802102e-02 -3.5740833471616823e-01 4.6129757186347708e-02  -1.7694814393332967e-01 2.8133535029368395e-01 -1.1487483039485280e+00  -8.3530382904229761e-02 -8.8511783423534440e-02 -2.0822644428016096e-02  4.7429770682695084e-02 -4.2792279508180375e-01 -1.8799453607250129e+00  -4.3595136944897506e-01 -8.9453869780118445e-01 -2.1793868989037097e+00  -1.3788849675676068e-01 2.3539433324881825e-01 -9.5284793133792178e-01  -1.0645896827150905e+00 3.7632751323609404e-01 -6.2689548656771710e-01  -3.4215340843973513e-01 5.3964406704317991e-01 -1.4522612243849671e+00  -1.4811824305866930e-01 3.1768227608830718e-01 -1.0801509933939355e+00  -4.3913772065495404e-02 -1.1128758696502868e-01 -3.9570232838598153e-02  -1.1694042444240593e+00 -5.2244754865346044e-01 -3.8745048386638603e-01  -2.7032123179421264e-01 7.9817820803830805e-02 -6.5211061237462753e-01  -9.2276309594396241e-02 -2.5870672785176696e-01 1.6900019365857191e-01  -7.4336670583100853e-02 -5.0780996060236161e-01 1.9847325454574383e-01  4.0634846307317202e-02 -2.6906658266590531e-02 -6.9335018439505836e-01  -8.1701086317954696e-01 -3.4747625971799601e-01 -3.9175134949109430e-01  -2.7099676782525117e-01 7.6084194383881920e-02 -6.9922482563206723e-01  -6.1122669125685913e-01 -5.7658458218539921e-01 -1.6082286697751220e+00  -6.5276391659330435e-01 1.9881232003850055e-01 -1.0433818745774968e+00  -2.9848841013915822e-01 -1.0467811588740157e+00 -2.0948218879312779e+00  -3.9599722353407657e-01 1.7903382508592339e-01 -1.1479469025333089e+00  1.0088912931830199e-01 1.6192599125731050e-01 -1.6265375241482674e+00  3.2746237438388059e-02 -6.8707930430996456e-01 -1.7804796075180866e+00  -5.0446368217416260e-01 2.6856610287089944e-01 -9.4596391452649997e-01  -1.2872122659438627e+00 -7.5871131390412261e-01 -6.6272100136801393e-01  -1.5906912083070532e-01 -1.8276292658128440e-01 -1.9050177632573021e-03  -5.4661116554538758e-01 -2.7192364556350990e-01 -1.2968967459298990e+00  -3.7588214551815496e-01 2.8009312100718375e-01 -7.7872332967050062e-01  -9.8906658203621411e-01 -6.1678280330320766e-02 -5.7207172957501118e-01  -2.1637277059546925e-01 6.0085288305616880e-02 1.1898481411115646e-02  -6.4302561137603875e-01 2.4088641392052804e-01 -8.0161625827885730e-01  -4.1114151886788457e-02 -6.4988847213137879e-01 2.0039376842259760e-01  -2.2936382162021243e-01 5.2499737201456405e-02 -5.2961721221233748e-01  -2.4353325913303893e-02 1.5156355478760200e-02 -1.2368561613126980e+00  -1.1923380184997234e+00 3.7610971199241267e-01 -6.9478844493408931e-01  -3.2403562897164290e-01 5.8193680824079635e-02 -5.1176533676764313e-01  6.7770309490714609e-02 -4.1439483103462460e-01 1.6093280855930961e-01  -2.6555349534852263e-01 9.7337129020506653e-03 -4.2255306685993921e-01  -3.6938055401874653e-01 4.9337420849530406e-01 -1.2376120062271836e+00  -1.4336552011164352e-01 9.6412308926732387e-02 -2.7933542482560697e-01  8.9876903740653928e-03 -6.8998851433495975e-02 -1.0634903023092166e+00  -1.0873149347923505e+00 -3.6678517424979951e-01 -4.8794264442515567e-01  -3.5672807694313254e-02 -2.3164201210869281e-01 1.9178077268153004e-01  -1.6542953460936055e-01 1.6036521010263691e-02 -1.2583259516368003e-01  -6.9578996144916705e-01 4.6779063449458924e-01 -2.4311532309654442e+00  -5.3718065216245070e-01 -6.3537543668307495e-01 -1.3479516093377204e+00  -1.3782342240442377e-01 7.1157014429327148e-02 5.1849635899727624e-02  -1.5859927271750365e-02 -1.0284126461558150e-01 5.8091772455713293e-02  -2.3290647324746314e-01 3.4542875927533551e-01 -1.3228238145066917e+00  -1.2215977037358587e-01 -1.0757786543943337e+00 -1.8961737312927720e+00  9.9828607173834460e-02 -7.2098204041985992e-01 2.7794073594105168e-01  9.2300754257125306e-02 -8.7775760898452945e-02 -9.0733510093501168e-01  1.6536210104280794e-01 -2.5128188676663077e-01 -1.1984522673022180e+00  -5.8468500918695793e-02 -5.4982217194452690e-02 6.6627827134284376e-02  -1.6563925704946478e-01 -1.1204160504015754e-02 -7.3640466416232203e-02  -6.3999523024363580e-01 -1.1435369951567105e+00 -1.7579630124431025e+00  -4.5003686187533842e-01 2.9609332789758497e-01 -1.4733135987925021e+00  -5.3075586383855189e-01 -1.9919390532200942e-01 -1.8043395640826340e-01  6.6653310399216278e-02 1.3699446055087000e-01 -1.1112362689688398e+00  -2.1420434514410877e-01 -1.3291437609515229e+00 -2.2291988613605227e+00  -4.1177865234803818e-01 -3.2324610408908205e-01 -8.2034004584759534e-01  -4.9174796223915213e-01 2.7910367246523557e-02 -2.5211811875155943e-01  -5.1575852251966092e-01 2.8862072068765993e-01 -1.5003209650219682e+00  -4.3855192030836410e-01 3.3948782410840678e-02 -6.3537083053528964e-01  -3.1397097329890017e-01 -1.1090732301957898e-01 7.4536756852915222e-03  -3.0499772075557413e-01 5.3019828584848094e-01 -1.5351817135956605e+00  -1.0488067875290572e+00 -1.0061737448902226e+00 -7.7712106905622014e-01  -4.0622434760458620e-01 5.0970049555567809e-01 -2.1661549570112770e+00  -6.0633628711407261e-02 -2.2223054154150754e-01 2.8544108904838367e-01  -1.4276475379412829e-01 3.9595568401419112e-01 -1.5575915714169146e+00  -1.4275626222478541e-01 6.2642038206855627e-02 -9.9595834667620253e-01  -4.3137779264862053e-01 2.0396481360129332e-01 -4.8643845439049122e-01  1.3534140364078207e-02 -3.6360992209728682e-01 1.9016923874946476e-01  1.7974682584431835e-02 -4.7216138256721699e-03 -9.6102591033232421e-01  1.4259884416600685e-02 -6.5881266899252577e-01 2.8827759743760867e-01  -5.1934727336794206e-01 3.8031289502787691e-01 -1.8758322698148444e+00  -1.8529312014625279e-02 -2.1546340334203556e-01 2.2210840156563641e-01  1.1896611736664467e-01 -3.2215006330096696e-01 1.2076072685871729e-01  -1.8059391316890250e-01 -7.3894943277265004e-03 -9.6247532516002710e-02  -2.8300882785073078e-01 -4.3582313987952070e-01 -5.9044165694300044e-01  -8.7630915155489930e-01 -8.2918700248137789e-01 -4.6827790608354158e-01  -5.5862634160513458e-01 -2.6622559215051583e-01 -3.1070987866543470e-01  -9.9917923686602461e-01 3.0336080323211528e-01 -7.5750949183841665e-01  -5.1276743541255021e-01 -9.0320330853471842e-01 -1.1542885534557827e+00  -8.7770589231774621e-01 -3.5789177926477483e-02 -2.9933040965093238e-01  -4.7440719476028059e-01 3.0374277002972888e-01 -7.2248739056564737e-01  -4.0296186913150805e-01 -7.0730077543792824e-01 -9.8071306097530697e-01  1.7227939870127384e-01 2.1855150860187722e-01 -8.7233531961015143e-01  -3.3125481492154790e-01 -7.3109908492808096e-01 -6.8901512086067540e-01  1.4344066012186377e-01 -1.1202750707479268e+00 -1.5111134551659853e+00  -6.0284131818436648e-01 -5.4384020153458479e-01 -6.3115403386732560e-01  -2.4798608908220079e-01 -2.2899297727352427e-01 -3.0135988707826250e-01  -1.8001306534465292e-01 1.8413208109301530e-02 -4.3254563346472423e-02  -4.2619604439174574e-01 2.1352167044578249e-01 -6.2733928822713114e-01  -1.3929787721404499e-01 1.1858800127184575e-01 6.2943516906150869e-03  1.2487901164684767e-01 3.8143518397536720e-02 -8.0291527278272745e-01  -1.0339846084572167e-01 -1.3092180285217940e+00 -2.1281717046589295e+00  1.1087124309563855e-01 -2.4976193758275159e-01 -8.8067359604973616e-01  -7.7008367267067857e-01 -7.3201338796278126e-01 -8.2903600348115969e-01  -1.9619834681236495e-01 1.0156696857881731e-01 -9.7467622293453438e-01  -2.7765948270989754e-01 2.9460360800973623e-01 -8.7978972570533820e-01  1.1733249577350501e-01 1.7210743062621819e-01 -6.9471208740477597e-01  -3.2681436205792558e-01 2.7571100729820819e-01 -1.0469743879495996e+00  -2.8762098373027345e-01 -1.1015612606459788e-01 -2.8326898186386518e-01  -4.8794798047744586e-01 -1.3021968590761053e+00 -2.4675790642270714e+00  1.9808934529676847e-01 -6.0288624977878258e-01 3.0685107298271896e-01  -1.2536169796944929e-01 -8.4909554670574272e-01 -2.4078029207821855e-01  2.3465642746811337e-02 -5.5546669548677263e-02 1.0764604120110295e-01  -6.2756545517158890e-01 -6.3130134047626885e-01 -4.4857647400402845e-01  -3.4601256035504613e-01 -1.0483779273231388e+00 -1.1391013752460344e+00  -5.3164370605232847e-01 -1.0507941116843946e+00 -1.5921518520709956e+00  -2.1559542542345730e-01 1.1123150216414518e-02 -1.8998832306165256e-01  -3.6873533973085459e-01 -1.0391645139464836e+00 -7.5653908419103666e-01  -4.1774891819516624e-01 -1.0960582103328831e+00 -8.5059890331160359e-01  -1.2974451380488067e-01 -2.1794053872666877e-01 2.6761878301999714e-01  -2.3783237279371209e-02 7.4706126314757398e-02 -6.7863552697980789e-01  -2.6925348783123931e-01 1.5772780705739897e-01 -1.3334783509368073e-01  -2.5125967998318632e-01 1.3310998381752145e-01 -6.3677017734755359e-01  -8.5364962298891359e-02 -2.2389919416288172e-02 -2.0529101843547798e-01  -1.0183145347602927e-01 2.2658926733760493e-01 -6.7653791020283771e-01  -2.5747002249933004e-01 -1.0574777615167565e+00 -4.7691747064898576e-01  -1.2153581784196246e-01 -2.2139662996159157e-01 -3.7730600670853091e-02  -1.6661195570545209e-01 -5.2225191918990832e-01 -1.6268183199823463e-01  1.4576067149082778e-01 -9.3997980321811236e-01 3.4376380646034777e-01  -8.5596656183538788e-02 4.7455279049580967e-02 1.5034278925882918e-01  -3.4404023527532163e-01 4.1339863309785402e-01 -1.3927325476296215e+00  2.8685392610927927e-02 -1.4655439700734096e-01 1.1626915981709908e-01  -4.0584557089103468e-01 -1.1828464430191399e+00 -1.0120349665361761e+00  1.4273293050843994e-01 1.3095001872528501e-02 -7.1755072223615557e-01  1.4749764064275575e-02 -5.7909565321368350e-01 1.9626030279411702e-01  -7.6611824507565068e-02 -2.4148068327793818e-02 1.2142308126360672e-01  -3.9018966810130284e-01 -1.0469722024028165e+00 -1.7320828406224800e-01  2.3829432080480918e-02 -2.6066614714737923e-01 1.3154713931651477e-01  -1.7051370492687890e-01 2.7061584837727753e-01 -1.0263503123412381e+00  -2.8215722026257856e-02 -6.1167791292556561e-01 -4.3626660588756871e-01  3.9378615153174767e-01 -1.2648494639258050e+00 -1.8284087394699626e+00  -1.1062039683162328e-01 5.2835432405897359e-02 -1.2835921354539888e+00  -1.4120241785197948e-01 6.9212578628794610e-02 -1.8428364231553201e-01  -1.5514545082593667e-01 1.2635498717362320e-01 -4.7492441280642972e-01  2.1554804881691578e-02 -1.2672182396799698e+00 -2.4305764265045386e+00  -4.2477138433974038e-01 5.7179721487495186e-02 -4.0454684448634881e-01  7.8968544711940827e-02 8.8422343697950517e-02 -1.0432820787181127e+00  -6.2176378512016972e-01 -1.2877539167678060e+00 -8.0541071762084160e-01  4.7347205296204516e-02 1.7819906774304464e-01 -1.0849697049927036e+00  2.3466236027945575e-01 -8.3120125402852318e-01 -1.2153021948535483e+00  5.6916362592445674e-02 -2.0440989373646493e-01 8.8144141577862864e-02  -4.1186441668772208e-02 3.9821418946729864e-01 -1.8854438053027944e+00  -5.6461647373049251e-01 -1.3732647784782495e+00 -1.0312427320577724e+00  -7.4093962102468672e-02 1.7471724647457232e-01 -1.4125392670796124e+00  -1.6773496311414568e-01 5.2032849873108349e-02 -7.7766969878913586e-02  1.5384693918267447e-01 -5.3490315785706255e-01 6.2305175236613386e-02  -5.9046393447434964e-01 -1.0969557086463415e+00 -1.4885741525717395e+00  -1.1290460718764464e-01 6.1168534787772302e-02 1.1164454036357455e-01  -3.3040306709859674e-01 3.9573403539569291e-01 -1.8513980784849589e+00  -3.9371364780571139e-01 -4.2372135138574163e-01 -6.5378673843734070e-01  -2.6711334306390400e-01 -1.0278310884623443e+00 -5.5622239867814040e-02  -3.1860277825053102e-01 2.5604103338308970e-01 -1.5983935317286997e+00  -2.9524646176839579e-02 -3.1259454545030302e-01 -4.3193777202426481e-01  -4.5644771173841936e-01 -7.5616895416499119e-01 -2.3693934533626514e-02  -4.8435389461739453e-01 -9.2462150644142216e-01 -2.0317037909207136e+00  6.3069690063686068e-02 -2.3380836520569595e-01 2.5893791616231626e-01  -2.6460002393868265e-01 4.0200113977224355e-01 -2.0188128367397162e+00  2.7999991742163716e-01 -3.4353526192862449e-01 -7.8640628135305013e-01  -3.2018490763871732e-01 -2.6689261750289051e-01 -3.4007215202003610e-01  -1.3119368454347188e-01 1.1931518589474688e-01 -3.1312789632319399e-01  6.5535691250095715e-02 -1.9070836109471137e-01 3.9828431456269664e-01  -3.4128261657773512e-01 -5.1124123410120632e-02 -3.4613914675902840e-01  2.8836688601033836e-02 -7.3628384839588268e-01 4.9956348795493682e-02  6.9493700446770057e-02 1.8821408299668185e-01 -7.0009071348312746e-01  -2.0190744156921045e-01 -9.3543714714848323e-03 -1.5994693114291816e-01  3.1234303433851063e-01 -5.6800747089746306e-01 -2.5763046524405731e-01  -1.6502851484733669e-01 7.2744397919417031e-02 -9.1027265363803581e-02  -2.1059172213820639e-02 -4.2713364063961473e-01 5.3182468842380363e-02  1.3114822724456840e-01 2.8848960347371966e-01 -7.6468645524112377e-01  -1.7184370462869972e-01 -1.1235643446744570e-04 -2.4419557254693461e-01  3.5526238630239709e-02 2.7580089079456810e-01 -2.0360084163070904e+00  -1.3736135138315111e-01 2.6037887383792385e-01 -5.3189228655934295e-01  -8.7351047631510942e-02 1.7703515252458824e-01 -1.6327100956093277e+00  -2.2300285240106469e-02 -5.8226382233373386e-01 2.3890064387216434e-01  -8.8956683748454127e-02 1.7510065268285024e-01 -1.0836523975935939e+00  3.0821586609669979e-02 2.3476896877079773e-01 -1.5489329939076599e+00  1.6945224206927684e-01 -1.1392043537003584e+00 3.4444891549957773e-01  1.1278467137549594e-01 -1.0686596441179266e+00 2.7567799929643411e-01  -2.1547381163067325e-01 2.9634071205223772e-01 -1.4897943209236457e+00  -9.3830513731101364e-02 -7.0899077112675823e-01 1.3524328133101518e-01  7.3124460104162695e-02 -1.2631333293008342e+00 -2.8742297965452144e+00  -1.5000582390857278e-01 6.6696016502733255e-02 5.0835268913628842e-02  2.1957064518057487e-01 -5.5342823351616988e-01 2.4993288986136020e-01  3.9855092524048390e-02 1.8186474377385603e-01 -6.9533557002761170e-01  -1.1096151827760581e-01 -2.8489023993570426e-02 2.1183166184769901e-02  -1.5377733574804076e-01 -6.5922696124102176e-01 2.7597505441560095e-02  -2.8269633665323163e-01 -8.0314258946265549e-01 -1.3717686521347030e+00  2.2022201447734122e-01 5.7894783407819297e-02 -6.7787716972074907e-01  -1.3029900281568583e-02 8.0299460311530051e-03 5.0936595339257977e-02  -3.9334827694055691e-01 -7.5334103203986891e-01 5.7963275567675637e-02  2.9766498015591636e-01 -2.1706244741150801e-01 -1.1515179457652032e+00  -4.7996142074413767e-01 -6.8279516508439875e-01 -8.4845142456150746e-01  6.4112673577670143e-02 -1.8962635796458244e-01 1.2944846963216780e-01  -1.6114560880527845e-01 8.3066544139856910e-02 9.8925511419686391e-02  3.6862875476301854e-01 2.0178652229543320e-01 -8.4749662487016353e-01  1.7238250162346209e-02 -2.7935583552642540e-01 2.4114778901272690e-01  1.6032687581470237e-01 7.7241298795049082e-02 -8.0501758789272493e-01  1.4896034965968535e-01 -4.6818695843799751e-01 -3.2433662941652391e-01  7.7713320235802263e-01 -1.3999455637925091e+00 -2.2242618474529956e+00  5.2039223133813173e-01 -4.9478652212923926e-02 -9.7261682365872915e-01  8.8214531345878061e-02 -4.7643880001730188e-01 2.3237995019917707e-01  -8.5950855567895945e-02 5.9125463000570949e-02 -5.4588144521601122e-02  7.1915587541210413e-02 -4.3883216400857067e-01 1.9809252364897900e-01  -5.9799381025907102e-02 1.3777987664932917e-01 -8.4475223982546566e-01  -9.4250008893884948e-02 3.0262981324673623e-02 -4.0031738418507684e-01  2.1891707141888390e-02 -1.9967063848093811e-01 3.9401728714272993e-01  2.0290292221635575e-01 -5.7409885780522796e-01 2.1598488325727649e-01  2.5777916562733832e-01 -5.6767593287673990e-01 -2.1420903068218550e-01  -4.8537363307612702e-01 -4.9236383162504699e-01 -1.9451226478327257e+00  -8.3046574846290355e-02 -7.6424278022023873e-01 -2.5699445928872118e+00  8.4503026505376566e-01 -1.0144428740791143e+00 -1.4971923282360062e+00  3.4950181963680815e-01 1.9280870060764352e-01 -4.6450048409548428e-01  -1.3206267088721405e-01 -4.2933560864156606e-01 3.1192663307240542e-01  1.2591874835448164e-01 -1.9096944757793929e-01 1.6799995136660129e-01  -1.6033927601784262e-01 1.5927102054601367e-02 -1.3894614312464686e+00  -2.7267031579883159e-02 -1.4510972170843654e-02 -3.0705135426254376e-01  6.4723043345535705e-02 -3.3757913872832723e-01 4.5512636434758541e-01  9.7405530132486914e-02 6.5123988712265490e-02 -1.6935453912467058e+00  -1.4175324769483799e-01 -9.0274478304134834e-02 -9.3449562579669221e-01  -2.0548742483332699e-01 -1.6156750907364636e-01 -1.6572682517268114e+00  -7.7147404875452616e-02 -6.7380883817938736e-04 1.5092190045134665e-01  2.4285734045127536e-01 1.4609233411394557e-01 -1.9340434308441738e+00  2.8963856788596926e-01 6.8668155541212306e-02 -1.7905275282827278e+00  -1.0508844719928363e-01 -1.4039440975006179e-01 -1.7153661210161358e-01  4.1498081595322212e-01 -5.2177618227723599e-01 -1.3309459893371558e+00  1.0143906498555132e-02 -7.4059325445650137e-02 -1.4314390689593388e+00  2.5793754433345129e-01 3.8997553466002137e-02 -1.4715314288063770e+00  -9.5490337760333333e-02 3.8035985790570701e-02 -3.2217169114489484e-02  3.5538255028956151e-01 -3.6726364435016728e-01 -1.8847776524612316e+00  -1.1005804608777159e-01 6.8871534337672860e-02 -5.2475231400659106e-01  2.3711198161572763e-01 -3.0642639639981523e-01 -1.9579088839607421e+00  -9.0112371234070732e-02 -1.4139359554271302e-01 -2.2686221231136465e+00  -6.1692423747918314e-02 8.7179317234167678e-02 -2.4340915933353757e-01  3.7164703811043864e-01 -3.0136746959194677e-01 -1.6682157750745226e+00  6.9598806920468448e-01 1.2216059636783909e-01 -7.8321149354235720e-01  -1.0568952219908941e-01 3.5699724997032174e-02 1.3843354525845619e-01  3.5484010246382558e-01 -6.8121491602610496e-01 -2.4603656204901725e+00  8.5130864584322519e-01 -1.1062489116691567e+00 -2.0319245855053283e+00  1.1520684278711875e+00 -5.8742244991751758e-01 -1.0480233499251548e+00  2.0861397939759380e-01 2.2035234059534770e-01 -8.1622444868711663e-01  4.5365128779545227e-01 3.4872323222618956e-01 -7.7513585177771782e-01  -7.0136410092428519e-02 -5.1966183781836900e-02 1.0203830092637087e-01  -3.3669092050763794e-02 8.0058709295310324e-02 -3.4588779341578102e-01  6.0161752925264225e-02 -4.9589333200060498e-01 -1.9699087128495880e+00  1.7899592595802799e-01 -6.1003059761534043e-02 -1.0830770868626407e+00  -6.4810691134753490e-02 2.2893109557188131e-02 1.1610413885277251e-01  4.1275394340128818e-01 -4.5147769715680741e-01 -2.2184166862168425e-01  1.1545118489632298e+00 -3.8106992721753857e-01 -1.0583950827625199e+00  5.5363023847614046e-01 -6.3601965304148300e-01 -1.7881970114427619e+00  -1.4047123811500772e-01 5.2874997923782377e-02 9.7030763493144059e-02  8.7406171485973483e-01 -1.8294202220277032e+00 -2.3724257587600439e+00  -3.4571538539191128e-02 7.5630145786780442e-02 -3.9627487721910731e-01  4.6270890811322019e-01 -8.0655975577260552e-01 -1.2477797007628454e-01  2.3564544588558122e-02 -1.4643172049960310e-01 1.4055225694360229e-01  -7.8749977539834343e-02 1.4727804737085334e-02 -2.1317280526759044e-01  1.5338040631922079e+00 -1.2803604454361586e+00 -2.1242653812731422e+00  -1.2154824376382230e-01 9.2344524416538148e-03 1.2241743218861655e-01  -5.4866608778266726e-02 6.4206428647708383e-02 1.4484910726903086e-01  4.3946633750624869e-01 -8.1980416849627691e-01 -1.4064916155058751e+00  5.2387467561528278e-01 -5.4562823780508962e-01 -1.4105431850054382e+00  1.0139130554679150e+00 7.6677199488428704e-01 -1.1625898034315836e+00  -4.2676140095999855e-02 -1.5601397878261000e-01 2.0286234970842368e-01  8.2069458643690740e-01 -9.9257678092571133e-01 -1.8989782122959022e+00  5.2048641751561098e-01 -1.0123359195201882e+00 -1.5909259015719504e+00  5.6971954556423532e-01 -2.9682562258037831e-01 -2.8459948094943538e-01  6.8657401619778041e-02 -1.2337947028757557e-01 -6.4400373343236617e-01  1.3804782821624630e+00 7.3703575656190540e-02 -5.5226308992907669e-01  9.2802062020029519e-01 2.1035481227511690e-01 -3.7115778718136416e-01  1.5201818931426898e+00 -2.0390805428212744e+00 -2.4669621889949904e+00  1.7649447502907065e+00 -1.8960676257263125e+00 -2.4736087750993034e+00  8.8384845387103439e-01 6.4863075373765799e-01 -1.2219231820770404e+00  1.3048388449428934e+00 -1.1511378967521131e+00 -1.5039706195428033e+00  1.0464950856030979e+00 -9.5639012397575807e-01 -1.3825747450666115e+00  -9.4237938599409307e-02 -7.4557217398524651e-03 1.3000091151347623e-01  2.0319206929502809e-01 -1.5613825579374555e-01 -2.5382233257816200e-01  8.7271055261943042e-01 -1.0299211693526200e+00 -1.0470238008790216e+00  5.6666403652411512e-01 -5.5994702341763980e-01 -1.2436705795026452e-01  1.1959708830117224e+00 3.7683877350646572e-01 -1.2780737860506892e+00  -1.1648789688486805e-01 3.7917845101399783e-02 1.4055425567294624e-01  4.7889831530011623e-01 -2.4105739565540771e-01 -3.3175808805631191e-01  5.3352875473017336e-01 -4.4915794664069036e-01 -6.9209160354286459e-01  1.6738558106697397e+00 -1.6811751547435818e+00 -1.0613668929090003e+00  1.1442686840507565e+00 -2.6105091758072841e-02 -9.7438508948710090e-01  8.0590939222779856e-01 -6.5549581166956228e-01 -8.2999701535253190e-01  1.3038030218305514e+00 -5.1711997496937320e-02 -6.9212993559984837e-01  -9.6764141323629357e-02 2.8028098816294228e-02 1.3191247289626615e-01  -1.2078980622773455e-01 2.0765520922566044e-02 1.0899360904647887e-01  1.0651181589476482e+00 -8.0998587176792536e-01 -7.3156080719745864e-01  1.6219942225565556e+00 -6.9957339691705156e-01 -1.0139716449355065e+00  -8.7445584337704801e-02 3.4528039916382751e-02 1.3331744154498182e-01  2.6645928530693550e+00 -1.7759947502083766e+00 -2.1123621292654939e+00  7.1284224191865764e-01 -5.4746764506734036e-01 -2.1478649723371857e-01  -1.2039753872567512e-01 3.3239045400956117e-02 1.3588723237287989e-01  -1.0019938243537695e-01 -4.5096535262331237e-03 1.1626888640652396e-01  5.9291533226117465e-01 -2.9319263550116864e-01 -6.5630660602453900e-02  1.9322316733915592e+00 -1.3282120741777843e+00 -1.0633106407075106e+00  7.0136964519675904e-01 -4.2000029555902602e-01 -8.7725457419415759e-02  1.5157150081084316e+00 -2.3734606345682666e-01 -4.0903335494542364e-01  2.8050579550292656e+00 -7.0713119912331834e-01 -1.1287800343715546e+00  1.4666489967531819e+00 1.9593239546675661e-01 -6.3558017028941882e-01  -1.1673344289180293e-01 1.4301563933763422e-02 9.1593839684409817e-02  -8.8389323137216827e-02 2.3737248574388976e-02 9.0805875958934246e-02  2.6135040071842988e+00 -1.3510069486046210e+00 -8.3487979239331100e-01  1.2936351107857322e+00 -1.9696240754820626e-01 -7.6250577962384802e-01  1.3525552535787149e+00 -4.2322153064923507e-01 -6.6353744123930414e-01  9.7505254065645020e-01 -4.8590657149596550e-01 -2.0083373939886923e-01  9.7966662582289143e-01 -4.3600580871764061e-01 -1.9084124825197910e-01  6.8704892738979451e-01 -6.3928584432576707e-01 -5.8621476469284062e-02  1.6794939507567654e+00 -6.4078229430645950e-01 -3.8297385488371527e-01  1.3189153515354306e+00 -3.8955964014395200e-01 -2.6984340980276339e-01  9.5015572631125411e-01 -9.0004538746530111e-02 -1.8482551472211081e-01  2.5661864641694678e+00 -4.6752749654917575e-01 -5.1271972113687114e-01  8.1929586905047036e-01 -3.5452092759905673e-01 -1.9145111699969838e-01  1.6909359199396798e+00 -8.2981254404762672e-01 8.0361078938689032e-02  1.2438835426196631e+00 -4.5266174446278951e-01 -3.3114733627805693e-01  6.6741500610739435e-01 -5.0635846233070370e-01 -1.9138757490713205e-02  1.2602853450855005e+00 -3.8550555594290670e-01 -1.1730418918262638e-01  1.9117534727302241e+00 6.7470536314322621e-02 -2.7750218447433189e-01  -1.9551900351063932e-02 -1.0849588508896822e-01 1.6663198738562862e-01  6.7540028399943464e-01 -2.8186622903040737e-01 -1.0734424017543964e-01  4.7033606246691595e-01 -1.9528258794373557e-01 5.2264963954006115e-02  -8.9399398407444736e-02 -2.5159531959970366e-01 2.1689413206128266e-01  -4.8877763379723584e-02 -5.4152503957798507e-03 1.4326818635851279e-01  6.1815199409984882e-03 -4.6794607522845338e-02 8.8919793140569997e-02  1.0810980535161174e+00 -3.6133430473852457e-01 8.8992690759962079e-02  1.0755517997651776e+00 -1.3539293254862619e-01 -8.4401570398660100e-02  -1.1394538406574448e-01 -1.6420452080161124e-01 2.6097152961898634e-01  1.8199021871314656e+00 -2.1441771329915132e-01 -2.7886159494482681e-02  -1.0253633698480370e-01 -4.0866371470339247e-01 2.9685637785772639e-01  9.4876685079414813e-01 -1.3132572363955308e-01 1.3417652811590370e-02  1.2240047177180331e+00 -5.3155233745660413e-01 -4.5485898555659798e-01  7.7023492752624378e-01 -1.2427037819509870e-01 -9.7710940532452131e-03  8.7160666967415135e-01 -6.3058933041846099e-01 -8.1322301188408441e-02  -3.0674745473352659e-02 -2.0709594724946787e-01 7.4350121724746560e-02  1.2642689440087433e+00 3.4106971936974168e-01 -7.5912711322703155e-03  1.1224361439626935e+00 4.9682834569315798e-02 -7.9463485950821144e-02  -9.8965886302457756e-02 -4.7785286276337886e-02 1.8892507678569137e-01  -9.4822425952701656e-02 -2.8271120444589359e-01 3.3240600505954659e-01  -1.1800658758471601e-01 -4.1658824949863954e-01 3.8192579146109523e-01  9.5292923427670995e-01 -1.4140811283918864e-01 1.6463682500936155e-01  -7.0703114641149131e-02 -3.7379052039153499e-01 4.2486882543599835e-01  7.1653663263732348e-01 -1.8727291767432896e-01 3.0657953031222877e-02  8.2868274447448487e-01 -8.3269522022823705e-01 4.4969107263361681e-02  -8.2171339395630150e-02 -3.4132069066657861e-01 2.2997026158089595e-01  1.3203563598177988e+00 -4.2283152233889293e-01 -2.0939047312882053e-01  -1.1701657101215539e-01 -3.4359727368749515e-01 4.5421745237283256e-01  2.7333506818167058e-01 1.9100281081459372e-01 -2.5747693334939492e-01  1.6536872179184514e-01 1.1221486681207817e-01 -9.5822110424789608e-02  -7.2364376520644938e-02 3.7969241948898481e-02 1.0480426984859191e-01  6.6351852039777548e-01 -3.7490436491777457e-01 -4.3811997851513622e-02  -2.3352071064740856e-01 -4.4588382135506277e-01 5.5897682306408603e-01  -8.2684851491790584e-02 -2.6459199897637614e-01 5.1857234856955203e-01  1.4624808924119690e+00 2.6804563937595627e-01 7.9939329840666679e-02  6.8872697644821312e-01 2.2300435333903412e-01 -3.3801328985789157e-02  -1.5220964303081471e-02 -4.6232696091773939e-02 4.9700985462280751e-02  9.2326096636311572e-01 -2.5827928197532829e-01 -1.8868463936084301e-01  4.0904651946830556e-01 2.6781007356625992e-02 1.8820169576701273e-01  -2.5245514158987581e-01 -3.4127062351631293e-01 7.3871631347257660e-01  1.9866297962120044e-01 2.2299059065381741e-01 -2.2924333361221860e-01  -2.5410075112476943e-01 -3.3222238654413916e-01 5.0118699473767114e-01  4.7670634650057597e-01 3.7713695338673824e-02 4.5256789462753694e-01  -2.2646591382162962e-01 -3.2793800974487980e-01 4.0601870419420233e-01  -1.9614232639849496e-01 -4.5678845621960601e-01 3.5709716174512707e-01  2.8213240284008334e-01 -8.8412369472278096e-02 -1.3702291497720062e-01  5.5612202734652305e-01 1.8210245288608179e-01 -1.1705389846105642e-01  3.7976904535956890e-01 -1.0434821252645480e-02 8.8055341760013991e-02  -2.1290169942254583e-01 -2.6600945786703689e-01 5.4674201587070115e-01  -1.4184896128533389e-01 4.9988480720451277e-02 1.9912247769651914e-01  -1.7310014531631282e-01 -1.3176333398276546e-01 5.0945072231383282e-01  -1.6508741813456942e-01 -9.9093736428874715e-02 2.5280777285237976e-01  5.3946530866153675e-01 -6.9879839872332106e-01 2.5363544010030947e-01  -8.3586630055608929e-02 -1.1244908920210403e-01 5.5852303424907701e-01  3.6947850065538523e-01 -6.5165663829156978e-02 2.9406020715357595e-01  -1.6637706627056464e-01 -2.4031847538946866e-01 5.9406056069140090e-01  -8.9913698809393358e-02 -2.4458713041421046e-01 1.7222523351852551e-01  -2.9451653121416616e-01 -2.5181249142097589e-01 6.2919544977421638e-01  -2.2377225013571406e-01 -1.7884949359536076e-01 3.2353335846182929e-01  -2.0843560580799916e-01 -1.4261318839063680e-01 5.5614230241756246e-01  1.3680935908461295e-01 1.0525289539310831e-01 -1.7312199041580134e-01  -2.8856945595684641e-01 -4.7005133161605689e-01 5.2213167148239625e-01  6.5857352903994404e-01 -4.6207639756198976e-01 -1.6314917271211229e-01  1.2705803265880763e-01 2.0402527049030272e-01 -1.1888056888200361e-01  6.6201179908279095e-01 -1.1443001007527685e-01 -1.2176964742104035e-02  3.1112267868379967e-01 5.4958017050072687e-02 3.0692910925840727e-01  -1.9667726367359728e-01 -3.7866378579079946e-01 5.8674356036435982e-01  4.7013309748407017e-01 -5.9033446366945998e-02 -1.4169984913092895e-01  1.0129416890826311e-01 2.3639449326820677e-01 -2.0262077939139650e-01  2.9268944380204576e-01 -9.1587721236179045e-02 -1.9386184779789808e-01  9.9356453962104263e-01 -4.4846832847822221e-01 -9.6285871047297814e-02  3.7614123521214454e-01 7.6449041953710231e-02 -3.9915759295568870e-02  6.8526883493343538e-01 -3.4461151096338979e-03 1.0409487525571161e-01  -1.7665941962743870e-01 -1.5714257202608997e-01 6.0374966464334723e-01  -9.5269476503265033e-02 -9.7724053623739010e-02 2.3045588921595186e-01  2.7060900428410506e-01 8.1681142588525990e-02 1.2318041318348946e-01  1.1265271452622813e-01 1.4894956815196786e-01 -1.2717985952024921e-01  -1.6492403898479563e-01 -1.9215683514716739e-01 5.4049716449679741e-01  3.4033538138724700e-01 1.1138734089486689e-01 2.4470809604205465e-01  3.6665493685223545e-02 -5.8410022238242813e-02 -1.0371315301359323e-01  7.6431185903847698e-01 -1.8016492312380297e-02 -1.6460314945241894e-01  7.4898454748520216e-01 -7.5099500340840383e-02 -1.0946698651085321e-01  2.3678704165303677e-01 4.3002887548381677e-02 3.2849236176271168e-01  1.8230568442990677e-01 7.4602880955082246e-02 -1.6042795237236382e-01  -1.7017465462708301e-01 -1.6053319905463501e-01 6.1477510644221822e-01  -1.7762795506007234e-01 -1.0344278269726427e-02 2.3480078298237325e-01  3.1922534657604495e-01 5.0485158843336722e-03 -1.7204839946888989e-01  6.6389005292126391e-01 -2.2971522981022388e-01 9.8585531932838741e-03  1.5491635072073209e-01 1.9269180204470454e-01 -1.4302124657402324e-01  2.6871708713472375e-01 7.5919782020215473e-02 -2.4239423100947138e-01  8.2438213546525541e-01 -8.9731838205082837e-01 1.4075020560226570e-01  9.3176415308914029e-01 -3.9733758278522491e-01 -1.1123076730682500e-01  5.6530946038792018e-01 -4.1080280228272946e-02 -1.4412469596205088e-01  -1.7110504866071896e-01 -2.2713447768828793e-02 2.1808530399772219e-01  -1.9266313110490957e-01 -8.5117221728480075e-02 5.4488109094889192e-01  -2.0435735524869852e-01 -3.9881346814846613e-01 3.2175792780188422e-01  -1.8209361985125735e-01 -1.3320843465082491e-01 6.1646005696378814e-01  2.7607338221579275e-01 3.6134546724843036e-02 8.2407520564007464e-02  -2.9859555551010240e-02 -9.8901749745819612e-02 4.6421227824508793e-01  3.8293458316211101e-02 -7.9230742374702873e-02 3.9362838823596835e-01  -1.0319390670132669e-01 -4.8587694762218837e-02 4.5127520996215215e-01  6.1985335834608558e-02 -2.0016648768908668e-01 -5.2627259047379324e-03  4.2978988048738620e-01 -2.6997493192602434e-01 -4.9494730092787188e-02  8.4824236139803944e-02 -5.5520163693470103e-03 4.0977382841741170e-02  -3.3572505841184863e-01 -3.3550577890928851e-01 5.0006736715172406e-01  -1.5132323297725106e-01 -1.1832704475706449e-01 6.2709769666638004e-01  -1.8956104531119516e-01 -2.8768913102516552e-01 5.3643554326064669e-01  -3.3523698481680470e-01 -4.0762805256081291e-01 7.6093156831519893e-01  -3.1450989884648650e-01 -4.1046666213547095e-01 5.4097056822639555e-01  1.5080163418699558e-01 -1.6733933738745652e-01 8.3433950374870551e-03  -1.0451559505892745e-01 -4.4679441370973322e-02 2.0115309389653116e-01  9.5405037954678384e-01 -7.4551389415991276e-01 -6.5874868110477894e-02  1.8228900203997339e-01 9.1240110565176721e-03 -1.9726898695429171e-01  2.1241562149421941e-01 2.1615766719193805e-01 -1.4175064146863095e-01  3.3066081640979107e-02 -1.3111624340299877e-01 4.1469877544002759e-01  -1.4894828472696942e-01 -1.9508811817110233e-01 2.9856013598806552e-01  2.4039550323386424e-01 -3.8119140042248001e-01 -1.6079040726852759e-01  -3.0145514588740507e-01 -3.0101076568246976e-01 3.9876803643854297e-01  2.5787913943508550e-01 7.0491612878468390e-02 -1.2591762261441194e-01  3.0332020781318064e-01 2.4886966291682652e-01 -1.4001557357359273e-01  -2.9481964439903824e-01 -3.1861896779845450e-01 5.2607105731953663e-01  3.2174412942703745e-01 2.3942099662884742e-02 2.3046076244396152e-01  5.6976419225111963e-01 -6.2499475817228145e-01 2.3747117496726136e-01  6.7577262147961037e-01 -2.4980490547983655e-01 -1.2231382474102613e-01  -3.1524953404925876e-01 -3.0442691673426614e-01 6.3505549582549037e-01  -1.3635617733163372e-01 -2.1638069769027371e-01 5.8033591575709986e-01  3.3411565135622395e-01 2.6398069977144001e-01 -1.2349422542325605e-01  -3.5177851410279187e-01 -3.3789981615509240e-01 8.5870923288673418e-01  2.3735096010076484e-01 6.1738994489414830e-03 1.2968535751177110e-01  -2.0892010809165965e-01 -3.2968077513432398e-01 5.7630661880516865e-01  1.7905394672228667e-01 8.6608191000058857e-02 -1.1390854502750847e-01  5.1333790779488886e-01 -2.5165102725918032e-01 -1.0893234866888855e-01  -2.4388689171047671e-02 -1.5358542496158356e-01 3.6358070160988337e-01  -2.3063865763771479e-01 -2.4705088305044906e-01 2.8798397143661558e-01  1.7019752390785522e-01 3.6981833133178835e-02 -1.7052762513365197e-01  4.5164667773069783e-01 -3.2094458612454912e-01 -2.5527340257686171e-01  4.4248204281590105e-02 -1.7280526045418179e-01 3.1233673219477170e-01  1.7221380932463881e-01 -2.8899323182381309e-01 -4.8703353908241837e-01  2.5899363158897698e-01 2.1898646567262822e-01 -8.5906038168651180e-02  1.8174045599109953e-01 2.2512024446889892e-01 -1.0811937556132395e-01  2.1382915392756457e-01 8.0418758894226811e-02 2.0223891277244450e-02  2.0081228817361085e-01 -2.8440976103905341e-01 -3.5503837517148351e-01  5.1238873401305818e-01 -1.2785964584471007e-02 -8.2330016800902517e-02  -3.5892418126730002e-01 -5.0957656671347773e-01 4.9999447781400075e-01  1.3944982833310168e-01 -4.0642610441103649e-01 -3.4313928293394880e-01  -6.3626964115103241e-02 -1.4402495477454150e-01 4.3292206724797361e-01  4.8110366305221719e-01 -6.3090455930062395e-01 -4.0778873148905548e-01  1.6611706102725751e-01 -4.0604165837895900e-01 -3.3028166100443840e-01  -1.5207779141048383e-01 -1.8302243954927536e-01 2.8503264340297374e-01  2.2481096039115187e-01 4.5971987597963983e-02 2.7097484098288394e-01  2.9436311198700482e-01 -1.7562541579364183e-02 -2.9267451547755924e-01  -1.5835119785856161e-01 3.9843557578301117e-02 5.1319646661408047e-01  -3.7880368561750272e-01 -3.3746192671272761e-02 6.7777554394855022e-01  2.4099042967803191e-01 8.0348532339256123e-02 -1.9348796320772776e-01  2.0865315634867385e-01 4.2986412351510277e-03 -3.6653087751909180e-01  -1.5948686310896934e-01 -5.8446487600420254e-02 1.9537883109213591e-01  -1.0383355974810515e-01 4.6039591391629775e-02 3.6949550519313151e-01  -2.2172148358482507e-01 1.0670566160089257e-01 5.2797178042042048e-01  2.2574588736123533e-01 1.2859605657910526e-02 1.4433435566035752e-01  -2.4909982056655353e-01 -3.8225722936896722e-01 4.4253462965105300e-01  4.4942600279558370e-01 -4.3590846223416152e-01 -3.5127852568944051e-01  7.9499906747152227e-01 -7.4055636156717675e-02 -2.8732950650937772e-01  8.7051086302975189e-01 -1.1089379183061772e+00 3.3264249309152466e-01  2.1739528825809634e-01 -1.8196779667174506e-02 -4.1878044999464577e-02  2.6729009863557629e-01 1.5548991379695112e-01 -1.3778350695608019e-01  3.9275603523261493e-01 3.0351524409237714e-02 -1.6360899754622060e-01  1.0163547668153081e-01 -1.6268338487651049e-01 -3.7673342215324535e-01  2.1883430370197487e-01 -2.5695044626237362e-01 -3.6149297395309260e-01  1.4350016378833366e-01 -1.6667038818036911e-01 -7.0532597498473099e-02  3.2486507852451452e-01 1.3483654125903044e-01 3.3310205836082837e-02  2.4418034570307956e-01 6.8595537340042992e-02 -1.0280418959200684e-01  4.6935203066243610e-02 -1.8674450120328978e-02 3.6144551346183190e-01  -2.2085891785803263e-01 -4.2148546009062332e-01 3.7173705389580364e-01  6.8318597013713278e-01 -3.6646622599178419e-02 -2.2168005572800092e-01  1.3893292031631482e-01 -4.7514026213027116e-01 -5.6167260459208501e-01  5.5328996739738212e-01 9.3471512819299718e-02 -2.7894868762520068e-02  -4.5915032173336479e-01 -3.3286127259522769e-01 7.2618767808823093e-01  -3.5680060512757861e-01 -4.7689609268140282e-01 5.1281716609367167e-01  9.4291359433662531e-03 -1.3355272152437603e-01 -3.0247950743432661e-01  -1.8857326877201566e-01 -2.1409450124582943e-01 5.2805226259479332e-01  -3.2300768983913053e-01 -4.4336645227515331e-01 6.0081118040705361e-01  -3.1507008652586606e-02 -1.9854777976547250e-02 -5.2166037867203252e-01  1.3024357664126360e-01 -1.3920476980386606e-01 -3.3091443383403912e-01  3.2048923078778241e-02 -8.8472274160248790e-02 6.1033972984815894e-02  6.7289489335410624e-02 -2.8152614873901253e-02 1.2962409517588508e-01  -2.6012376785895008e-01 -3.9501491251421478e-01 4.7779253932741161e-01  5.0664056785439837e-01 3.3154665544251262e-02 -2.8968076121979441e-01  3.6927754425714293e-01 7.4784769472595741e-02 -2.4761394975247000e-01  -1.9937397133151566e-01 -3.5871198987059050e-01 6.0804922001861739e-01  2.3042581998862852e-01 8.2978012947744970e-02 -5.6623308414076215e-02  -3.5953644697980403e-01 -4.1975335013739867e-01 7.6902224428133348e-01  1.8307439987756594e-01 1.0547474122646747e-01 -4.7039364547224863e-02  4.7327340135121232e-01 -8.3674214517459544e-02 -1.8926636266140023e-02  5.9479556557523361e-01 4.4673649497418231e-03 -2.0804755881310485e-01  -1.6084811649672659e-01 1.8275505846627982e-01 2.9335389561664393e-01  -3.3380932673092140e-01 -4.9020332306699926e-01 5.5163781651960908e-01  3.0810472270380546e-01 8.3470600388259361e-02 -3.9291517873936872e-02  8.9526726321754224e-01 -3.4642258931419989e-01 -2.5741127199446762e-01  1.1082234509256893e-01 8.1176022568376985e-02 -4.4723093909396749e-01  1.5584005682426466e-01 -4.7348481633882739e-01 -6.5328098429511683e-01  -2.2694737534958298e-01 -3.4228627057849204e-01 5.8866029903016437e-01  -3.4425577133389518e-01 -4.8960668975730837e-01 8.4654731713966935e-01  4.4419917552628346e-01 5.9615368745055623e-02 -2.3503069910351115e-01  2.6733662450367812e-01 1.1141823078537198e-01 -4.5990394940053789e-02  -2.0518785567087533e-01 9.6995994418282508e-02 3.2576951033518980e-01  -4.3369801745421509e-02 -5.8022200896518869e-02 -4.8042508821677810e-01  -1.9703993067453582e-01 1.3040957843908321e-01 4.4307315211415016e-01  -4.1056676936796588e-01 1.0844471336815233e-01 8.0117698696045736e-01  1.0196321456424884e+00 -8.1456410606419172e-01 1.6927922280328175e-01  4.0813694182228716e-01 1.0474030851232691e-01 4.3696570570577534e-02  2.9618331454397247e-02 -2.2772313983924750e-01 -6.0203850717019891e-01  -1.1371482475906155e-02 -1.3493534270685428e-01 3.0461058484657039e-01  -4.1483903627404028e-01 -4.9046058980225160e-01 6.2249349008756705e-01  -3.8614280388692662e-01 -4.9053729465077173e-01 6.9802161463620638e-01  -3.9286595397681486e-02 -7.1398200340084220e-02 -2.9696600091064912e-01  9.9586504372212714e-01 -9.5334243329319335e-01 -5.7926789057721507e-02  -1.0725685385730843e-01 -5.9153704512020185e-02 -2.9644690348775660e-01  3.8767819890375804e-01 -5.8294797105093693e-02 1.4857497553862842e-02  2.5657229966046974e-01 1.0095509852418846e-01 -4.5370575901406383e-02  1.1861628550779703e-01 -1.8981969406823052e-01 -4.8038047200358225e-01  3.3298721916256208e-01 9.3008717839142066e-02 -1.6972301338845374e-02  -3.2704314984166766e-01 -3.4590997997545692e-01 6.4911507194178275e-01  2.6914596955033820e-01 -3.0511718694243350e-02 8.1213381907579138e-02  1.3863961695576852e-02 -8.9228628886729014e-02 -2.6683314950435882e-01  7.1229059727667701e-02 -2.9990790119430683e-01 -6.5370997275835097e-01  -1.0713019288190049e-02 7.4778801533214104e-02 5.3246723113287819e-02  8.6143631722867237e-02 9.1057503320227315e-03 -6.2615937707613845e-01  -3.9783209023421573e-01 -4.4858291709516451e-01 7.9902416096215056e-01  1.5965852181631540e-01 2.1410114738490992e-02 -4.6327710987615428e-01  -3.4591191853173830e-02 -1.8711909019903222e-01 3.0007008505826527e-01  2.8945924708559850e-01 8.8019046917382396e-02 -8.3846952206772622e-03  -1.9262699894580748e-01 -2.6400162308824765e-01 -5.1312648605219358e-01  -5.9964560289319435e-01 -3.1198751112617151e-01 9.7591894587696482e-01  -3.5587146256452362e-01 4.3489950012286345e-02 6.6002030570736236e-01  2.7496139502067385e-01 -5.5583541667485775e-02 -1.7848191278136380e-01  -3.9072969095080334e-01 -3.7213556745364990e-01 7.7985795846460237e-01  3.2664130663817076e-01 -1.6168234778211021e-01 2.1496876135608839e-01  7.4226523096951635e-01 2.3698726096162456e-01 -1.7024236006601759e-01  -1.2782745348083044e-01 -6.3548291438123905e-02 -2.7521275525155880e-01  -1.5890975795947804e-01 -2.2083492321213316e-01 -9.3100182309516399e-01  5.2607179002414928e-01 5.3700168078815162e-02 -8.0218398245727254e-02  -1.5482304120525481e-01 -2.8880162602408704e-01 4.5935547101527058e-01  -1.2648025354125383e-01 1.2578322509182194e-01 2.5408262449361746e-01  -3.6748914829912036e-02 -7.7479791975263959e-02 -4.4879043506906924e-01  7.0193116664823263e-01 3.4167637336277139e-02 -5.0993521065468572e-01  2.5560365543165292e-01 6.7987917687139535e-02 -1.9205794805814944e-02  2.5939274739398133e-01 6.9454945775674196e-02 -4.8169704880684910e-01  5.0727550524579923e-01 1.5389535166089832e-01 -4.4414066113971856e-01  5.1406713196964948e-01 -3.1984598980814305e-01 9.8846983933191884e-02  2.3090799504764986e-01 5.5259838136828346e-02 -6.5523224060684504e-02  5.4697291191876593e-02 -1.3669366357217932e-01 -6.6123397952925167e-01  -1.3576403340575041e-01 2.0700258469590288e-01 3.8875385029435772e-01  8.3820810728212414e-01 -2.3983434185353428e-02 -2.9209769569348515e-01  1.1199401979358612e+00 -1.1698876598266441e+00 7.2288944956433759e-02  -9.5267399843510306e-02 -2.8392486485005014e-01 4.5123544132344962e-01  -1.1263532724388714e-01 -4.3601832616917657e-01 -6.0551729216602623e-01  1.2041079400285112e-02 -2.4860068975086271e-02 -2.2706765902768650e-01  -2.3870009367546927e-01 -2.8476321033024599e-01 5.5752121825345735e-01  5.9717222698693717e-01 -8.8851020940931766e-02 -7.8574060239119156e-02  6.0934454747932056e-02 -1.3235051992944871e-01 -5.0150193131619092e-01  3.2655098986505338e-01 4.7039471825273481e-02 2.8736797665150835e-02  1.3636415412033667e-01 2.1784318402413958e-03 -7.0743430470318847e-01  -1.4617935270614740e-01 5.9690963389591505e-02 3.2152788314079073e-01  5.9808824814042660e-01 2.3411675709097304e-01 -2.6297826769183674e-01  -3.6020099445337800e-01 -1.5001126499014020e-01 6.5082328618826679e-01  -2.8379601518299456e-02 -5.1302601108378532e-02 -4.5942620406886348e-01  3.4320933229825257e-01 1.2571297954758334e-02 -5.4739319997259761e-03  -2.2950943401280510e-01 1.3463171397412163e-01 4.3047602954810438e-01  3.8276671475641910e-01 -2.2657004911938691e-01 1.5039320241744891e-01  2.4087719442419411e-02 -9.0961929112680959e-02 -3.2571779758068481e-01  9.3282357623692547e-01 -6.4716605983315223e-01 1.8165327668145195e-01  3.3274726795467308e-01 6.8841274313630768e-02 1.7382869206292957e-02  1.9867991166585358e-01 -1.1019015143187691e-02 -1.0406940759487277e-02  4.0213792781395219e-01 1.0513287685064132e-01 -4.4175796685518121e-01  1.5513216900531068e-01 6.2919048627043464e-02 -7.4478923052344237e-01  8.2952588271345967e-02 -3.3077987743732822e-02 -1.0796573260489349e-01  3.8275814033202182e-02 -2.2712257727861015e-01 -5.7861611418635894e-01  -2.2510232067792880e-02 -3.5714038240538243e-01 -4.9319409894289340e-01  1.7910658474376348e-01 -1.2471728018879576e-01 -1.6362025407456512e-01  -1.3800370070800763e-01 -2.2457324371069509e-01 3.9304973716942704e-01  1.0844914226917632e+00 -1.0586688161301960e+00 2.3990284725370886e-01  -1.0294662063426044e-01 7.4275954661508339e-02 4.0939725951505701e-01  8.4386365926467699e-01 -3.1629372780160719e-01 -2.2936953015288308e-01  2.7917162324365330e-01 -3.4399488622004009e-03 -3.3223034337443648e-02  4.5188257403000992e-01 -4.7641739551597541e-02 -3.5902962410015582e-01  3.3034376803776888e-01 -2.8412662006950218e-01 9.9321708153391336e-02  -2.6404672358973763e-01 1.6913066699696441e-03 4.2911237526501361e-01  4.6320389276840324e-01 3.6342811400687902e-02 -6.3339816892770379e-02  5.1262157861260937e-01 1.7211373958048953e-01 -4.3221454680855914e-01  2.9063288985807451e-01 8.8429441208627724e-02 -6.8416200869682098e-01  4.8433325131274713e-02 -2.0135010201454800e-01 1.4721392772857828e-01  -1.8870631086114281e-02 9.4180892483874942e-02 1.6636003228470692e-01  6.7850320723473773e-02 -2.3985400981271160e-01 -3.5222811366960849e-01  -1.0320650232133063e-01 -6.9050083018205741e-02 3.2484445978243470e-01  9.5808286433832457e-01 -8.1490635980878556e-01 -2.0580669552709435e-01  5.0648274293496132e-01 -1.6391737389232702e-01 4.2426846617454973e-02  -1.2688301884686043e-01 9.2510910793498546e-02 4.0039964131590428e-01  -1.8281923681858936e-02 -2.1374405041893729e-01 2.6349477249520431e-01  3.5144587711706428e-02 -5.5854223854663591e-02 -5.4551252912971260e-01  5.5294261597025463e-01 -1.0955931948059872e-01 -6.7130647608278271e-01  4.2304033725069490e-01 -2.9048706046907080e-01 2.8340978773872108e-02  -9.1430057679792523e-02 -1.8688621722732510e-01 -4.1892376707035689e-01  4.2013415514776270e-01 -1.1290744239875851e-01 4.2581866837544433e-02  6.3021476354229111e-01 2.3363609198999830e-01 -4.1119388344828522e-01  3.3311583548024093e-01 -7.5589218971617619e-02 -2.3776273917049603e-02  2.2370463447422909e-01 -2.1096775759619883e-02 -4.9358222450324972e-02  -3.2786748673439177e-02 -3.5807087268389243e-01 -5.6987065841628548e-01  3.1629168568488275e-01 1.5945515918063999e-01 -6.1125871646862295e-01  5.8256172006797513e-01 -3.4445234386103613e-02 -7.1009727592761895e-01  2.5977693090118842e-01 -8.2756911888481402e-02 -1.5176894004980260e-01  6.9290473689158180e-02 -5.7213278157884538e-02 -1.4310313545166342e-01  3.5140756228891268e-01 2.6507789034082147e-02 -8.3928923578317682e-01  1.1828892281552450e-02 5.2482046532922794e-02 2.0856331060053218e-01  4.0033565165456481e-01 -1.6281451255992141e-01 -3.3202598375988762e-01  3.6020558008631709e-01 9.2401017766645058e-03 -3.1923889832557950e-02  7.7807293025189184e-01 -4.4274637728505328e-01 6.6964698892206034e-02  3.6739925214959485e-01 -2.5511148269112049e-01 7.4547639822124562e-02  6.3318080910662733e-01 1.0736831682859620e-01 -2.9595145112498927e-01  4.0259179200951856e-01 -5.4857827145327491e-02 -3.2658997612785283e-02  9.2686122283290029e-01 -1.0997272199135444e+00 -1.3270927836431481e-01  2.2197225097064833e-02 -5.0028952430309831e-02 2.0499150031403240e-01  -6.5716474947381549e-04 1.9176883670727499e-01 6.6507224850675631e-02  4.2104435709643290e-01 -2.8545422880439014e-01 5.5623159276161370e-02  4.6840055411209669e-01 -4.5583922640827584e-02 -5.4206981480293737e-01  1.1508531137053429e-01 5.0226131120333924e-02 -5.9021676021393556e-02  4.3520043450560320e-01 -3.4063350872318054e-01 -1.0412110396296823e-01  4.9193597606829009e-01 -1.5566966821946132e-01 1.0805550082338179e-01  9.9804461051524657e-02 -1.4962912558966798e-01 -9.2669337997064019e-02  3.1568350502315162e-01 2.5945680740295257e-01 -6.9532018826749420e-01  2.3647348544830971e-01 8.4673230850281889e-02 -9.6029298954616116e-01  6.5784096923611290e-01 -3.4439702412010775e-01 -1.3956939709362823e-01  1.0588406186602304e+00 -1.3059801427517506e+00 1.2517929663478325e-01  3.0309979153375016e-01 5.8320920791003893e-02 -4.1691795382938301e-01  4.1718317341085491e-02 -2.0803753044622220e-01 -7.3614387266724979e-01  1.3277571229319438e-01 -4.0027564944086498e-02 -2.0331330328689060e-01  5.6467565109212914e-01 -8.1597968561369749e-02 -1.3866220706417293e-01  4.0759573182996450e-01 -3.6528651079176987e-02 -3.2073032842960432e-02  1.1841420607578503e-01 -2.2321421864837912e-01 -5.4589552090776006e-01  1.1869202249008712e-01 1.0333052265963177e-01 -5.6613485287235359e-02  8.7867081970379388e-02 -3.0420490777315695e-01 -5.2854136096163351e-01  5.2759670015668780e-01 1.9203298018989115e-01 -4.5880388349983786e-01  9.0538708099399423e-01 -9.3560187506643688e-01 1.6672954347126673e-01  3.1480380083572290e-01 1.0367479815560053e-01 -8.3889121670170030e-01  4.3983613364941515e-01 -1.7511984146819596e-02 -5.1071246224635181e-01  1.8510763839546221e-01 1.0487155018354713e-01 -1.8021953013346223e-01  3.9188502969953404e-01 -3.5774163600508863e-01 7.0089246908255048e-02  3.0166017752359509e-01 1.2928149700990968e-01 -7.3917354931395715e-02  3.1359465887804755e-01 -1.2941872407981608e-01 -5.9381972459680897e-03  1.7449378238704949e-01 1.3099241152064486e-01 -2.3734200333650346e-01  1.9805278558414480e-01 2.8748865572547605e-01 -6.9808011139262960e-01  4.1834774755900905e-01 -3.5642558942494157e-01 3.7317419230894627e-02  4.6124246621284110e-01 1.9979418880750213e-01 -6.0180745702443494e-01  3.1810722427918781e-01 1.3062438080567912e-01 -5.8226006610787462e-01  4.0890700998963092e-01 -3.1646143774397228e-01 -4.9611837091483868e-02  2.8825573748055550e-01 1.5996429424538251e-02 -9.9457408633778310e-01  2.2167230925433015e-01 1.6520449108536661e-01 -4.3057518033525954e-01  4.2971189151004135e-01 -2.9570069965557838e-01 7.4813680854510112e-03  3.0833061584357130e-01 7.3652681970540840e-02 -6.2317653922871019e-01  2.8507686019132522e-01 3.1217120099106255e-01 -2.1850110800151076e-01  4.1537454849563826e-01 -3.0985511870373000e-01 -3.0758943366463863e-02  6.1261823544704730e-01 -6.7796637222422362e-01 -1.7163738284015154e-01  4.0683270947425171e-01 -4.1990149363516228e-02 -4.5876727529174888e-01  1.8514425796610853e-01 -5.9304011976903076e-02 -6.4343341229774931e-01  1.4152088074317140e-01 -6.8829138231247824e-02 -1.0352379418909587e+00  2.4246176871540032e-01 -1.0286493532104758e-01 -9.4914787241550114e-01  5.3302289812630632e-01 -3.9363128814091375e-01 1.8319539330127269e-02  4.6360854984690203e-01 -3.0833995525208796e-01 7.4694909958439748e-02  6.8411940858116127e-01 -1.0157007934503901e+00 -1.0985332028790724e-01  2.0057463531545633e-01 1.2648002179416767e-01 -4.0098165325094426e-01  2.6914146900176622e-01 -1.0307650299766172e-01 -1.1365748913575264e+00  3.2041780295478778e-01 -1.0905243306061650e-01 -5.5910078134595073e-02  4.5748952389533082e-01 -2.6729235468984125e-01 1.1995881228502556e-01  2.3593278392046382e-01 2.2047590632566505e-01 -1.9727892391847549e-01  2.5010632700620555e-01 1.5629353632520990e-01 -5.3622192502673505e-01  2.0206652960088411e-01 1.8016722421183989e-01 -6.4112421172527823e-01  3.4112125490578227e-01 1.0862103570747077e-01 -6.2922990234848453e-01  2.5554227016707826e-01 8.9519885307239103e-02 -9.6186335255649213e-01  3.4509499114849435e-01 -9.4234383498153468e-02 -1.3603546992064741e-01  3.5501710220812810e-01 -4.1283520557690695e-01 -4.9406433831962804e-02  3.3990255211062881e-01 -1.2455565090795395e-01 -3.8171256637675910e-01  2.2758453990156000e-01 5.7751863127339945e-02 -8.8371043849752950e-01  3.4107929470567350e-01 -8.6935714280512947e-03 -4.9578162946823912e-01  2.4484557752624997e-01 1.4576441772906154e-01 -8.8100229210596948e-01  2.6508095656915764e-01 1.0938567934659602e-01 -8.1879490815015921e-01  3.1485472899219030e-01 -7.2187757348178075e-02 -1.0898390306107149e+00  2.9053394272808314e-01 -4.3573718435867499e-02 -1.0709398739845530e+00  7.2069307609722744e-01 -1.1167935257986570e+00 5.7031305591596172e-02  3.5421021810562253e-01 -3.5934253983813313e-01 -1.2977449252218828e-01  3.8019809904447538e-01 -4.1145400718164471e-01 -1.0727213747504327e-01  2.6108030797819498e-01 1.8380294394318322e-01 -7.0617775720500564e-01  3.0566467115916673e-01 -6.4932765558785258e-02 -1.2161235865357869e+00  3.5226416522074278e-01 6.9060397273712840e-02 -6.0915479465702316e-01  3.4814694368283783e-01 -2.0794273921970166e-01 8.4192411741133261e-02  5.8984434701644617e-01 -9.7190027106076871e-01 1.3644605484249439e-01  2.5581602699435813e-01 -1.5152220326811966e-01 6.9692699163580851e-03  1.6070602291744532e-01 -4.2298455611768759e-02 -1.0827973417907044e+00  2.8928231532372894e-01 -4.6920901311333940e-01 1.1170749282848386e-02  2.2955671808650377e-01 -2.5831875599836431e-02 -9.3654822006397409e-01  4.6004897205692974e-01 -5.5379402781254727e-01 2.0270112442143345e-01  2.2669039707047273e-01 9.4141758883216978e-02 -6.5514244668414245e-01  2.0271474779784965e-01 -2.7769917181597703e-01 -2.5307838179921185e-02  2.5153807742546735e-01 -6.9633995899226350e-02 -1.0313069765347458e+00  1.1912058824640288e-01 1.4357633373416748e-01 -2.2624624458624795e-01  4.5236833238250790e-01 -4.0572607910331515e-01 2.1549726699578886e-01  3.0718890501115997e-01 -1.9685252627335129e-01 -1.0651956514122403e+00  3.0643767448546411e-01 -8.5914764117416874e-05 -5.4126984189118255e-01  2.7247318399821996e-01 -1.6086716706633383e-01 -5.1403794843687134e-01  4.1654030698065425e-01 -7.8729081533012713e-01 -4.2749132258096852e-02  3.6546728189287009e-01 -3.2033468190002329e-01 1.3798979319781557e-01  3.4819773127155684e-01 -2.2280293685389957e-01 6.3745937169915881e-03  3.8752148273019899e-01 -2.7759013519786896e-01 -1.6155704570898460e-01  3.8709265132930815e-01 -4.2577807087788111e-01 -2.5787769680801498e-01  3.1059396323681299e-01 -2.7244207014884309e-01 -3.4886043609586685e-02  4.3341031696738674e-01 -4.3138691287915848e-01 -1.9984610975773764e-02  2.5368393564370173e-01 -1.7385927301942217e-01 -8.5221388253007735e-01  3.6019517508629423e-01 -3.8773371915864047e-01 -9.9802103237178807e-01  1.2685367058202662e-01 -1.0786409095932922e-01 -5.4696162480610877e-02  8.1896308416177149e-02 1.3248747428428298e-01 -1.5583376114429123e-01  2.7467720711947852e-01 -1.7979145400556482e-01 -7.3219962469840827e-01  3.8603749970526607e-01 -3.1507222661305084e-01 -6.6563848220918120e-01  4.0699522993280635e-01 -3.0152797312602531e-01 3.3568592131740869e-02  2.4985076881783289e-01 -7.1559496057409078e-02 -3.7100227760753129e-01  2.9228781877568349e-01 -4.0777052008858949e-01 -8.8088043126120685e-01  3.4906263679202215e-01 -4.1154315176797435e-01 -4.1668486666303112e-01  1.4504196678814507e-01 4.2235222895343996e-02 1.0807160860348698e-02  2.1261051745871704e-01 -1.6469315413907629e-01 -7.8074239754176455e-01  3.2286466381141510e-01 -6.3410340924600106e-01 -9.1720342471496838e-02  3.9385291445668835e-01 -7.0974101462952188e-01 2.6297985242169131e-01  3.4600114370207946e-01 -4.3596906650052614e-01 -3.3667601217849180e-01  3.7391825364363018e-01 -6.7468925899275933e-01 1.0787209146973427e-01  3.5270355751232313e-01 -1.1418132318486267e+00 5.5699077227819173e-02  4.0836578790659217e-01 -4.5387833743095007e-01 1.3955591829233996e-01  4.4059886544382604e-01 -6.1553677848504096e-01 1.9580479063620354e-01  4.1303179513014376e-01 -4.2989968635595477e-01 3.8512969230740657e-02  3.4484731812505848e-01 -5.8820089273347209e-01 -5.8199466273666633e-01  2.4545609647601321e-01 -3.5568627850162515e-01 -4.8786661065867770e-01  4.5446128646246403e-01 -5.2127455368430942e-01 1.1966618926995037e-01  2.5574409693001132e-01 -3.9883743673941008e-01 -5.2562122528676625e-01  7.9999916130784582e-02 -3.5033424673868058e-01 4.4429612387533818e-02  2.0532261133010882e-01 -3.0985256204181189e-01 -5.4722623347221844e-01  4.2656084930508837e-03 -8.3958396295717483e-02 9.9169871694933159e-02  2.6153665231746021e-01 -6.4449761513326020e-01 -4.5996026160115577e-01  3.4150548649064788e-01 -6.9196145017871058e-01 -2.9668237981407064e-01  2.5295817771888485e-01 -7.6629189933487440e-01 1.1576262687366574e-02  1.7356462844575077e-01 -5.3756974898229115e-01 -5.0193177423466340e-01  1.9109427126360626e-01 -1.9750591164869802e-01 -2.1878335082052197e-01  1.5215005597419343e-01 -2.0663942938208751e-01 -1.2339202150317430e-01  1.6354953706835521e-01 -7.7463238259117706e-01 -2.4098490824225976e-02  1.1758497236690710e-01 -4.4387593043031748e-01 -4.3753120373968851e-01  2.0390556464172646e-01 -4.1428060672161210e-01 1.1313836219256916e-01  4.3845695223603948e-01 -4.8555018238346381e-01 5.6362998528669675e-02  2.1817289207932317e-01 -6.7706335426843611e-01 -4.1301718853266456e-01  7.8062389054540909e-02 -4.3973542201377402e-01 -4.0763389962009455e-01  5.1754670728696484e-01 -5.3758474188149774e-01 -7.5890470976578452e-03  1.9582786783726494e-01 -7.6451456210412660e-01 -1.9105720942822935e-01  3.7938267965507305e-01 -6.4076817491931481e-01 5.3263440774155214e-02  1.7564224904650350e-01 -5.9857997207752589e-01 -2.6464461007041890e-01  3.1384437957816053e-01 -8.2909672259185263e-01 -7.3410340744179320e-02  3.6173019189200678e-01 -1.1997208270716579e+00 2.2641528943158937e-01  3.3782041887312153e-02 -3.5988031947885868e-01 1.2281591007073591e-02  1.8008056967579888e-01 -5.4751177185647826e-01 -2.5409475541679288e-01  7.7616810975890765e-02 -3.8985712758571245e-01 -8.0214277838392301e-02  -1.2365536276139902e-02 -3.7356049157660665e-01 3.5873031234700731e-02  3.2600376878603671e-01 -4.6283189540407776e-01 1.3848986574110905e-01  3.9789992556794002e-01 -7.0128864266854141e-01 6.9081130213664424e-02  2.5862997983691000e-01 -9.8926903311189429e-01 2.3459944625715139e-02  1.8924114873414125e-01 -8.2642054469288684e-01 2.9418939447911968e-01  3.1461708184294018e-01 -9.2834805404179888e-01 1.4917121935490701e-01  2.8497249353183607e-01 -9.0564957581146766e-01 4.6088225619411553e-02  1.4233258141546790e-01 -7.1089880151841023e-01 -6.7794308280343496e-02  -7.0838533454836594e-02 -3.1145138169718961e-01 1.8793129322103344e-01  6.1436772585201957e-02 -5.6400811945098994e-01 1.7640511135281012e-01  4.5092462232892025e-02 -4.4246610871046549e-01 -1.3709820852451156e-03  2.4370270520645176e-01 -1.1909140736777126e+00 2.4294600008517095e-01  2.2547135703615404e-01 -7.8911745406220102e-01 2.0972708610649499e-02  1.1041422608471879e-01 -6.8425591480244918e-01 4.3809401896831223e-03  1.9333548734092112e-01 -1.0038458033092048e+00 2.1583359753197426e-01  1.7929437485560507e-01 -8.9653633240444697e-01 9.6378101967761726e-02  -6.9381127979344293e-01 -1.0036276303159559e+00 -1.3795906155811597e+00  7.6724922607590354e-02 5.4031373935612088e-02 1.3182931064039696e-01  -3.9654714446814948e-01 1.6742433626561468e-01 -3.9970381066672822e-01  -1.4683484543074776e-01 -2.2701213750462877e-02 3.6823320992285369e-01  -4.1938067299250653e-01 -1.2680535620882036e-01 -6.5682071243743434e-01  1.7249058298577749e-01 -5.3543645400024475e-01 -5.0802186610301669e-01  1.0607826266433357e-02 -4.3015559013515524e-02 -4.4033700588594826e-01  -3.1180401889511467e-01 -3.4645040131501253e-01 6.2214226626447089e-01  -9.9976367101274624e-02 -3.4486168369172004e-01 -2.1306169751326379e-01  1.9847158174695959e-01 -6.0754550749784753e-02 8.4126633257617767e-02  -5.8999036039401653e-01 -4.4579676994146439e-01 -1.8643305707460178e+00  -4.5245400544142855e-01 2.7577252715713507e-01 -9.8379285616617196e-01  -3.9968622750879512e-01 -1.4401261246816954e+00 -1.1766192971409708e+00  3.3457123867022131e-04 1.1965977877110871e-02 -4.3257272404516278e-01  -9.3960411445363448e-02 -7.3214107617659274e-01 2.1706048031061692e-01  -1.8919515779926088e-01 5.9837688584182459e-02 -1.3903623451378648e+00  -3.6217845499198786e-01 3.6768741873412031e-01 -1.9262515333932289e+00  -4.5282074968306851e-01 2.1394113164356529e-01 -1.5595478968139642e+00  1.9350262207091348e-01 -4.4527965605902387e-02 1.2105987895831238e-01  2.2345271474568124e-01 2.0978895387392900e-02 -1.1072004685991144e+00  2.2429401133709667e-01 -4.1491867328114836e-02 -3.1095644935556960e-01  -7.7853628709684333e-02 2.7406955476241662e-01 -1.2375029905796389e+00  -8.5809478859589824e-02 -2.6021575097666477e-02 4.3058084258852608e-01  -1.8102707985330480e-01 1.9426293150136467e-01 4.5698314373924337e-01  -1.8463650438961948e-01 1.0668606953543314e-01 3.0179870826417349e-01  2.8649353739329464e-01 5.4222667662765928e-02 -7.3589465783181884e-01  -8.8572549922263932e-01 -7.0781529176544855e-01 -2.0341668080980306e+00  -1.9571204714811316e-01 -2.5407482346111968e-02 -1.2529959564137438e+00  -1.3574883632336640e-01 -8.9270425189835123e-01 9.2819992254592573e-02  -7.3484975466491698e-01 -7.1692585764288652e-01 -2.2344514452348374e+00  -4.7931885423556336e-01 -6.3601580211440534e-01 -1.9442715843638907e+00  -3.8860063270384654e-01 -5.0631438093198478e-01 6.7813276916777110e-01  -3.8603398076510481e-01 -3.8961714938205511e-01 7.5320400052615122e-01  8.1210112299079884e-01 -1.1291112672712791e-01 5.0655772975778945e-02  -5.9734369104910956e-01 -1.3713603016878237e-01 -1.0543449360346659e+00  -4.8188588270875060e-01 -1.1294900004471206e-01 -7.8991421561823372e-01  3.9589948570463940e-01 -5.4783996859309492e-01 -6.2168941745080775e-01  3.3435569970928480e-01 -1.7942473289147456e-01 5.1340994696645534e-02  -8.3325056276020582e-01 -6.4651542550573460e-01 -2.1234631886475328e+00  -1.3420022802534864e-01 3.7103247920393614e-02 -6.3456659493980841e-02  -8.7988513235704779e-02 1.9117682239690961e-01 -1.1041360805481135e+00  -1.0513080830289244e-01 -2.6485767786191501e-02 4.0473164967448150e-01  2.2916058534324821e-01 -1.9895907935116536e-01 -8.3024690808161938e-01  -1.0178527121328645e-01 -2.9960776523314919e-01 -1.7345190226249346e-01  -1.1837940534818781e-01 -3.9216065424078489e-01 -2.2457953267142097e-01  2.9413491955389787e-01 -2.3837273486468391e-01 -1.0027044365121793e+00  2.7484984145525365e-01 -1.4143866845106615e-01 -1.1601105402212102e+00  -1.1062382281890462e+00 7.6056787477453891e-01 -1.2236794965990956e+00  -1.0244249558571832e+00 4.2231162299262048e-01 -9.2233023514113732e-01  -3.6179721367662471e-01 -1.2226648890334191e-01 -7.9605550936918387e-02  2.6069395980959847e-01 -8.2977335386394957e-01 -1.8907660525458239e-01  1.9043998398400325e-01 -7.5614061230758922e-01 -1.5600013342130620e-01  -7.7300798446057764e-02 -2.1975697852193826e-01 -1.6082086488342745e-01  -1.2866970739460071e-01 -4.0089305703087685e-01 4.0067540447152933e-01  -1.8303249357687210e-01 -3.3577225387212234e-01 4.5640301748974910e-01  -4.9293945023159796e-01 -2.0657800292110692e-01 -1.8780315567281605e+00  -8.9526213119140574e-01 -4.6493506436992110e-01 -2.1363623271632393e+00  -2.2104733092076531e-01 1.2723159943977315e-03 -1.4826610320551228e+00  -7.9666948058229892e-01 2.0441056969949581e-01 -1.7465417990037013e+00  -8.1360964340066855e-01 -7.2488252839845158e-01 3.1773526694823312e-01  -1.5073597281569209e-01 -5.5312895362985126e-01 -8.6125861985521956e-01  3.0912281827012705e-01 -1.6364850722312785e-01 2.2143479577616334e-02  2.4945385928941918e-01 -1.3246890057612082e-01 -1.1095153012152108e+00  4.2714947312107443e-01 -5.1582603594190346e-01 -8.7135783914467201e-03  4.4251362200325448e-03 1.2987832660447923e-01 -3.6427210192394276e-02  2.4378131537130013e-01 1.5082678244542327e-01 -5.7190360993355871e-01  2.6549397219287566e-02 -4.4577734708065841e-01 5.5412250418680111e-03  -3.6962037276203236e-01 2.5449730450090585e-01 -3.8481671519602484e-01  8.3493163199796355e-02 -5.3283266224313441e-01 -2.3950375640808361e-01  -1.7974216387314282e-01 -4.0960862262999498e-01 -1.0024695152732723e+00  -5.6742334964168961e-01 -3.6349137085686839e-01 -2.0466387341339316e+00  2.9915695648841734e-01 -4.0227160743902846e-01 4.0997238882814639e-02  -6.2241660443719082e-01 -2.0406601386905396e-01 -1.4202331829799189e+00  -5.5498648277711216e-01 1.1364190866385593e-01 -1.2929532505115224e+00  4.3281862313163028e-01 9.6123982674847008e-02 -2.3103677508369477e-01  -1.0872918425546327e+00 -1.6734602187225509e-01 -4.2047168856181272e-01  2.4916608307118843e-01 -1.4238539014087415e-01 -1.2321046871121442e+00  3.0335490394756270e-01 5.7736698127518180e-02 -6.1935314000187969e-01  2.0525730992681612e-01 -6.0488490752261481e-02 -5.5305115489831058e-01  -3.6688493698600416e-01 -1.1596609338919377e+00 -4.3638649275031988e-01  -7.6539891896299983e-01 -1.3708075228643042e+00 -8.6558724450245428e-01  -2.9132878069971507e-01 -4.1610416123438831e-01 -4.7163427620096948e-01  -5.5224205431933704e-01 -8.5908799702702798e-01 -1.0794981743876322e+00  -5.8417520746849272e-01 -8.6168331623594485e-01 -1.0721991640031470e+00  -3.6796424394553423e-01 -6.3045122768507256e-01 -8.6266905228534596e-01  2.1003193414832813e-01 7.5081292382426168e-02 -3.0778938000922856e-01  -6.1597820955331994e-01 3.0842402549821768e-01 -1.6431251441877914e+00  -3.0199728472887832e-01 -1.2403635509299411e+00 -2.1706733405251821e+00  4.1881536121388252e-01 2.3596402974963465e-01 -4.5467327541658270e-01  3.9342449772961197e-01 -3.8514556464423748e-02 -7.7182342498814463e-02  -5.2365130386393843e-01 4.2132874917126362e-01 -2.5476262957271127e+00  -4.1601409639451836e-01 2.2397077360611567e-01 -4.6218894306603814e-01  -5.7266293877972918e-01 4.1766894622598943e-01 -8.1400892678529180e-01  2.9475786753712702e-01 -1.5453486236348413e-01 -8.7424688562346897e-01  3.1580234730646178e-01 -1.6170069180016933e-01 -6.8079348027692810e-01  -2.4998372393148824e-01 4.9513797075815401e-02 -9.5011547573477140e-01  -2.4999275372082252e-01 2.6698324894401271e-01 -1.2236427166859332e+00  -2.6927445205203282e-01 -1.1920427929632033e-01 -5.6685289671017447e-01  -2.3968484972946250e-01 -1.7010385432185648e-01 5.6213505473804826e-01  -1.5966205683964596e-01 -2.6707116860386920e-01 4.5731324843272630e-01  -1.8794506804311167e-01 -1.0744161713342039e-01 5.4359721403470529e-01  3.1482095186786879e-01 2.5256226473042115e-01 -8.2547521465904883e-01  3.6473235159089989e-01 -4.4700108138443273e-01 2.3374597028459396e-01  -8.2268305020469912e-01 -1.9076684924246540e-01 -1.7697257066425545e+00  -2.3249928258718983e-01 6.6012040299903402e-02 4.3472520284114669e-01  -2.6486462097587771e-01 2.1998506023591419e-01 -1.0706759052815606e+00  -4.3529553107918756e-01 -2.4290087081501593e-01 -1.8877407921543927e+00  -1.1360135778535178e-01 -6.8559067554879505e-02 5.5253403672054424e-01  -2.3515894240479260e-01 -4.7527304321020736e-01 -2.8303869417515504e-01  6.5743663493626356e-02 2.3620560034835875e-03 1.7324670587800770e-01  -5.7455588964398563e-02 5.4552889946307019e-02 -1.0455559851604028e+00  -3.2841282384973836e-01 -2.0048673835675515e-01 -1.7326832091051168e+00  1.9251697333088438e-01 -1.9740730440794099e-01 1.2669828617006393e-01  -6.1542101615969147e-01 3.1473902708889590e-01 -1.7909708856756028e+00  -3.4736584246191066e-01 8.5134966840038864e-02 -1.0683853053564689e+00  -4.7247647924747826e-01 5.5152737619842136e-02 -9.8217733563712606e-01  -6.1041004948768707e-01 -6.4774770403279447e-01 -2.1821622127334108e+00  3.5586998663191050e-01 -3.5388379236954887e-01 -8.9563974793779953e-03  -5.8535739057738523e-01 -6.2702026062910798e-01 -1.8515417193382229e+00  -1.3226376040268531e-01 -6.3078085271520853e-02 -8.3945396181322213e-02  -6.5048047021536617e-02 2.2511735025834892e-01 -1.0722807857066545e+00  -3.4821375376147295e-01 -8.5924463994169664e-01 -1.1113951625855347e+00  -4.5936570625029738e-01 -6.5493796741928323e-01 -2.0428944198616894e+00  -3.5109031024839227e-01 -6.0916854223514028e-01 -2.1458821944628927e+00  -2.5984421865817814e-01 -5.0210431651887677e-01 -2.1328681906723159e+00  -2.6673534074721472e-01 -6.2360302866425743e-01 -2.1140877262720523e+00  -2.0925686515212455e-01 -9.6562764942052104e-01 -2.1296148722738795e+00  3.4919708339898181e-01 -8.7315237256408319e-03 -8.2542950723555908e-01  -9.6043486780717571e-03 1.2687688172132665e-02 2.6461163503816276e-01  -4.5774292659621030e-01 1.7752143211568439e-01 -1.5029819920028094e+00  2.8070127315207644e-01 1.4600877829187522e-01 -4.2989720318477843e-02  -1.0218313102892491e+00 -4.7164369159739240e-02 -4.0805193914352311e-01  -3.0779680584328051e-02 -5.2111459385704106e-01 2.2931473877977668e-01  2.7343859327707365e-01 1.0039952720049587e-01 2.7006349023001441e-01  2.7302346385259413e-01 1.9716259158459107e-01 7.3572316491200634e-02  6.4014436323390725e-02 -2.2574533103563532e-01 -1.1934178599489373e+00  2.9534534167181931e-01 -5.1636038086141457e-02 -1.0363407968685143e+00  1.4978854835891170e-01 -6.3615183181062318e-01 -2.8976937609936865e-01  1.8532367402004982e-01 -7.1071368188221229e-01 -2.9071033906917815e-01  1.8676639060823277e-01 -4.6304604649625776e-02 -9.1551723593116385e-01  1.0241760463493259e-01 -2.0591973221871759e-01 1.5503299811341001e-01  1.5487945478643728e-01 1.9414357143808375e-01 -1.8403681760212637e-01  1.8321319970071570e-01 -1.4551125932578376e-01 -2.1991197388536601e-01  9.0105437290272497e-02 -8.5923323460800477e-02 1.7577192352157992e-02  3.7601297140919943e-01 -9.0778954971989859e-02 -3.1810318843523211e-01  6.6764815545978007e-01 -1.2815833618690989e-01 -7.8832381356539627e-01  1.8582365642270510e-01 -2.3882597739905584e-01 -8.0594177789930888e-01  2.3477332056148750e-01 -2.3932412681550103e-01 -7.7068825657611983e-01  2.8030374892140258e-01 -2.0481010844406261e-01 -9.5420707781901759e-01  1.9949213125422091e-01 -9.0373007292689833e-01 3.1210016589135109e-01  2.4820837792877068e-01 -8.6044753908915117e-01 2.3090929518592329e-01  1.6237894222452473e-01 -7.9289743025038029e-01 2.6293637640587625e-01  3.4467172794661016e-01 -1.4336244547728054e-02 -1.2193162682785258e-01  -9.0702129770244652e-02 -1.6228163801380771e-02 4.4816691509530709e-01  -1.0892361266504465e-01 -3.4986042091113639e-02 4.3909818241474741e-01  -1.5530897504739996e-01 -8.2032908504224900e-02 -1.1487861300980690e-01  1.4374447251576389e-01 -6.7951612751660884e-01 -1.1724143080758334e-01  4.1239621551556260e-01 9.7748055916292903e-02 -3.0325293828094430e-01  -1.1378798560332193e-01 -2.6108344679019863e-01 -6.7626169865766916e-02  -9.3417598306426750e-02 -3.3308212226967510e-01 -1.1654720111232801e-02  2.7967057141670904e-02 -4.5366453280334446e-01 -1.3972774350868931e-02  -8.8142265763104100e-01 -9.1118908514041341e-01 4.2656241917605375e-01  5.5382132061344541e-02 -4.1172518843804540e-01 -7.0803422625349832e-02  -5.6943221379769926e-01 -4.7904102396354165e-01 -8.8606305810369668e-01  -8.5477165578815151e-01 -7.6444765470140441e-01 3.5803335127840524e-01  -7.0135151460923273e-01 -6.1187591141462061e-01 -1.5137551565969598e+00  -2.0486373345681219e-01 -1.9182167530411845e-01 -1.1434452285364259e-01  -2.6112111456450265e-01 -2.2293804875068329e-01 -1.5132747446943526e+00  -2.1692404881666053e-01 -2.1827809667488801e-01 -4.7468750462789498e-02  -7.7545107524479384e-01 -4.0880170252671322e-01 -1.0441030985208171e+00  -8.0861093254780847e-01 -4.6757546410217532e-01 -1.3358472072179679e+00  -6.6172220105001978e-01 -2.4020852175370189e-01 -9.4547972885858789e-01  -6.3075467775754956e-01 -3.4404605323460524e-01 -6.5800833669059644e-01  -1.7418019980447824e-01 1.9392816359396398e-02 -1.3519805790569659e+00  -2.8671610179904078e-01 -2.2398175925614888e-01 7.1976415189986570e-02  -1.6675097832894367e-01 -2.2296201078597649e-01 1.0871532591517706e-01  -4.9260002557653415e-01 -6.4073088553204172e-01 -2.0436592771622961e+00  -7.3827104396701759e-01 -7.8829486130241444e-01 -2.1313221601481094e+00  -9.0476941656517118e-01 -2.5107172063433575e-01 -1.2963829054365494e+00  -5.5057689380260544e-01 -5.3501399854393228e-01 -1.9698352966773562e+00  -7.6139716386937106e-01 -3.3001675501804528e-01 -1.2719631671924094e+00  -5.3368583424710658e-01 2.0328154857873332e-01 -3.5427380454723190e-01  -2.8787899660704358e-01 -3.3061430086913834e-01 -1.8322726622476648e+00  -5.2984078442357907e-01 -2.4085018110770690e-01 -3.6667459661293833e-01  -7.1330927295212410e-01 -2.1287536129476903e-01 -4.9800503869253537e-01  -5.3643230695592925e-01 -5.2078496958691128e-02 -7.4513074218467579e-01  -8.4877541535711787e-01 -4.7185915414570644e-02 -1.8504197298937859e+00  -2.8368913853966782e-01 1.3708549357884012e-01 -1.6003278043441198e+00  -5.0901939773572036e-01 1.2093380002001337e-01 -1.3315482407694230e+00  -1.2679172254500243e-02 -7.8901023778650145e-02 1.3098789633663785e-01  -6.0658637240571489e-01 1.4135344090119226e-01 -9.8612115179850535e-01  -8.7172842996397315e-01 3.5149953891949892e-01 -1.5614458833436151e+00  -6.9428756843477002e-01 -3.1130415946330651e-02 -9.0393511876568455e-01  -3.7965854073774008e-01 7.0179403032920751e-02 -1.4596337127325251e-01  -2.1615013283236187e-01 5.7239389080524630e-02 -4.4727895513943350e-01  -5.2678038875714250e-01 3.2534475120246303e-01 -1.3201487565096939e+00  -2.3433669992940298e-01 2.7608504044297144e-01 -1.4124144583853471e+00  -9.7538591986152084e-02 -3.3292513112791050e-02 -1.6330513460841585e+00  -2.7009096957658951e-01 1.2101131474495998e-01 -5.2818431622423534e-01  -3.8062049426357852e-01 1.6252058628676691e-01 -1.3155110235441927e+00  6.7838715173842629e-02 -8.1374991012215503e-01 3.3445521634732794e-01  -2.3165030686109169e-02 -6.0603220962899634e-02 1.0699106470854030e-05  1.7259777068078713e-01 -2.3347745712266843e-01 -1.6613832602759977e+00  7.3744891777919510e-03 -3.6846134862927704e-01 6.5755320046171864e-02  -7.6918453594191125e-02 -8.3039726923955592e-01 2.8560949158046994e-01  3.1207522238238125e-02 -2.8392562534816757e-01 1.5843095353488032e-01  2.4870462172748864e-01 7.2130704330997386e-02 1.5170349982231002e-01  -2.4298175686682455e-01 -3.0928224529845699e-01 5.9421286122388217e-01  2.5821594505163520e-01 -4.9875336585415729e-02 -7.9974168927683650e-02  1.8506931352344699e-01 5.6676804030420788e-02 -6.4730115744798519e-02  4.3556927720255684e-01 5.4106131215144876e-02 1.2271759002184462e-01  4.5988041091723114e-01 8.5916033147106122e-02 -3.7976651460398458e-01  -2.9137354207515037e-01 1.9691027063348279e-01 5.3833320379331140e-01  -5.6509239458533633e-01 4.9860511936400807e-02 6.9964975411603658e-01  2.2734740483193422e-01 -2.8405213444058761e-02 1.7967237249391943e-01  1.3054212683125260e-01 -2.2777373204034343e-01 -3.2191311873509953e-01  7.2081263682456417e-02 -1.7840050196180637e-01 7.5462161266827239e-03  -8.8741400827043224e-02 -2.9354555277403516e-01 5.1809931082468541e-01  3.0637346855541647e-01 -1.1166049514381463e-01 -8.4615887651580776e-02  -1.4707049996006968e-01 1.4473714373160471e-01 2.7657676400906445e-01  4.7646947800840445e-01 -2.1363491896871778e-01 1.1530271290936867e-01  -2.2062917726570510e-02 -2.1063038129193015e-01 2.8566623437136129e-01  7.0729415212507563e-01 -8.9737360119739346e-02 -4.2422289860896345e-01  -6.4741198171765116e-02 -2.7978869557151670e-01 3.9255027840437234e-01  -2.4596136150800985e-01 -2.2112416041557359e-01 4.7731997525463044e-01  -1.9518012991692107e-01 9.6309215687832017e-02 4.8358015180059710e-01  2.2072958106035342e-01 -5.2178673916202005e-02 -3.0888188809343958e-01  5.2576439950048293e-01 2.2707991996049678e-01 -5.2246038329505107e-01  3.0752646769079572e-01 -8.9710737520266162e-02 3.4058317077880186e-02  2.5458176546961431e-01 1.3247118432855526e-01 -6.1742629908350710e-01  5.3605725909425583e-01 -6.5021250980389675e-02 -7.6797721978293076e-01  1.4844533393054340e-01 -5.0486512339303347e-03 -1.1845150812444441e-01  4.2716335990883270e-01 -4.3462240894720983e-01 3.4626486588043889e-02  3.0522580665329618e-01 1.7652614212207998e-01 5.2395385024329643e-03  1.8588205910030717e-01 8.4185016092352516e-02 -7.6785090775404397e-01  3.3132291594435775e-01 9.2260554892435995e-02 -4.6706520913876581e-01  1.3889571610243504e-01 1.5782692689869449e-01 -3.7750265937080349e-03  2.3128803438177259e-01 -1.9813068806558278e-02 -9.1911405033752025e-01  2.1950104291362849e-01 1.4043380363401813e-02 -1.0482473432036423e+00  4.0045870950751045e-01 -8.7364380897147015e-02 -2.5383626544293114e-01  3.0596047538041404e-01 -3.0427643199068190e-02 -7.9351323783016248e-01  2.9042507087668551e-01 -3.6794697603270851e-02 -7.4063868416638867e-01  3.6028798699764270e-01 -2.5369497608773628e-01 2.7689377915045575e-02  1.0587105905479212e-01 -3.2175228239825265e-01 1.0076391461300180e-01  4.3707620127444119e-01 -4.3971137091004076e-01 -5.4181973479457235e-01  8.0141744518816102e-02 -1.0445519423877063e+00 2.2124503249099561e-01  2.3035959762721233e-03 -3.7542708143636788e-01 6.4536634670629339e-02  -1.6925904668391026e-01 -4.4073050890795873e-01 2.7432658208478405e-01  -5.3334238173598413e-02 -3.8820334114004984e-01 1.2051052188145484e-01  -8.3886020992668842e-02 -2.8498788048486784e-01 -3.1669137308053284e-02  -6.6725917944833762e-02 -5.7837904833086817e-01 -4.1619044399159583e-01  9.1315564024209595e-02 -4.1914967776819601e-01 -1.0281067590647691e-01  -1.8830493841403714e-01 -2.2982228652286563e-01 -1.3888941964713282e+00  -2.6534132475662842e-01 -1.8603755030103170e-01 -1.6345894437889621e+00  -9.3609535689892776e-01 -1.2391503107841659e-02 -1.7922031074551237e+00  -1.9281066208662759e-01 -9.4148737952099423e-02 6.1218056636716305e-02  -4.7708810937824825e-01 3.1760227715856376e-01 -1.6522251350020545e+00  1.1901950177076877e-01 -1.0327930880218703e+00 4.5970301303970895e-01  -1.1467701015223323e-02 -7.4331479147128912e-02 -2.7287846732651467e-04  4.7588246058728467e-01 -4.3515750642568041e-01 -1.7648475651743509e+00  -3.0510152698469083e-02 -2.6906182756572017e-01 1.4053833661920306e-01  2.5535871473209804e-01 1.6158317989423138e-01 -8.9962955639393072e-01  2.2423781697442305e-01 1.5686298736854652e-02 -9.7721506745459707e-01  1.8410303794201852e-01 2.6976026343768833e-02 -1.0063853218469718e+00  -3.6934404976810370e-01 5.9191048773079300e-03 -7.3729807427876592e-01  -3.4529485189927395e-01 1.0254687419757187e-01 -7.9702522261093844e-01  2.4379934430410433e-01 -1.1267534091628209e-01 -1.1768947684208857e+00  -1.3915406269049402e+00 -6.4542679942625458e-01 -1.3593737426084103e+00  -1.0064890831573547e+00 -3.3733374620730378e-01 -1.5075867890208055e+00  5.7667086091087072e-01 -3.3128322874901506e-01 -7.0348747853264071e-01  -7.0186445058953473e-01 -8.7154567901650060e-01 -1.6355384303915292e+00  -7.0448587308856614e-01 -1.1417598668411798e-01 -8.0410672370987113e-01  -8.7769040076982563e-01 -1.4109456911382160e-02 -9.8819517596096118e-01  6.4960200942626933e-01 -2.8320020072573321e-01 -6.9384255708972260e-03  -4.4903269781391203e-01 -9.7638285320084273e-01 -1.3678696709504155e+00  -7.2329641421691249e-01 -8.6964439069928026e-02 -1.6646202496497395e+00  6.0438724363135410e-01 -5.7067452164632837e-01 -6.8892711929305450e-01  5.5078443342201322e-01 -1.3353963203132511e-02 -8.0384822443578918e-01  -5.4246091247166817e-01 -6.1454882472201677e-01 -2.1085329782897841e+00  3.6346987566157657e-01 -5.6901027351208590e-03 -3.4270137477098389e-01  -6.1298436854228255e-01 -6.0766066834262356e-01 -1.7627182183065457e+00  -1.0482404619201273e+00 -1.2969988606742958e-01 -1.5539854203296994e+00  5.2505758350474985e-01 -1.1169933579956737e-01 8.3220283264895153e-02  -1.1582401317250552e+00 -5.2214615296546119e-01 -1.4834553375992638e+00  -1.1305388268452898e+00 -6.4081537742362038e-01 -1.2838247128906684e+00  -7.6182836519480601e-01 -4.3418652550682674e-01 -1.7012219429773292e+00  -8.6616744375847776e-01 -3.2824743662293338e-01 -6.9243389258437449e-01  5.6893967693602321e-01 -2.2264506707426382e-01 -5.4535960242535964e-01  -8.0133861838909171e-01 1.2358017810242294e-01 -1.7157365738897363e+00  7.8113372546926407e-01 -8.3893477710253406e-01 -1.4776808087307911e-01  -2.4860727046279768e-01 -1.6641757083820860e-01 -1.6721725670594294e+00  -9.9348393826731995e-01 2.6563249653440196e-01 -7.7609951634570984e-01  4.0962725981432857e-01 -6.3039306831142239e-01 -1.0007789324996728e+00  -2.4709955456420141e-01 -1.6201779248793641e-01 -1.5743652658081726e+00  6.8340713640921591e-01 -8.4155263926826915e-02 -3.2217726946593583e-01  4.7970618153519706e-01 -2.0032770139524417e-01 -9.4647909988276147e-01  -5.2869298426197975e-01 -2.2385752982972343e-01 -1.2991877311211537e+00  5.0426516657003440e-01 -2.9320004726118876e-01 1.4343203842762994e-01  -8.7823457980526431e-01 -8.0998613301540823e-01 -6.3150975986200109e-01  -5.6541644982060502e-01 -1.3836547169265317e-01 -1.9003538175644368e+00  5.4499654975630840e-01 -1.1208938716646792e-01 -5.0021833969374319e-01  -1.5205416130117316e-01 -1.9616257585881905e-01 4.3393803417303112e-01  -3.0088345572661446e-01 -8.8824798164960173e-01 -2.8712621649447290e-01  -6.0773065682758265e-01 -7.8395861749898810e-01 -3.2348629104800902e-01  -7.8145800612657679e-01 -8.6398959137283482e-01 -1.8283671821869509e+00  -6.3004762613757670e-01 -7.0023077544682844e-02 -7.5261127308656939e-01  4.9874688641017900e-01 -3.8530587190291848e-01 -5.5671981404712823e-01  -5.4442837675680944e-01 3.8230204448173499e-01 -1.4981849452604092e+00  4.2936098779462589e-01 -2.8819754527205343e-01 -7.5323445990770843e-01  -1.8906248416721919e-01 -2.7260644528553320e-02 4.4038328470320615e-01  -7.4578760990786597e-01 -5.5964581035042549e-01 -3.6285308396732169e-01  -3.9018787078567796e-01 -5.3985322137698188e-01 -1.9747080610427465e+00  -7.8557872686238739e-01 6.5801126431984200e-02 -1.1982098270396866e+00  -6.5523384421919262e-01 -9.6637091698545774e-01 -2.2376617138619017e+00  7.6389433762992720e-01 -4.4811517377633647e-01 1.8149967566449973e-01  -4.9921427617062919e-01 -8.1559276929356828e-01 -1.2154093978367098e+00  -2.9306213441997420e-01 -2.9303938184928802e-01 6.0505527061832198e-01  5.4323953063950303e-01 -5.1189940910917564e-01 1.2732203100790807e-01  -2.2101923558722164e-01 -4.0536355854910461e-01 -1.0434056877657267e+00  8.3222539606443657e-01 -5.1843364660452662e-01 -2.6166092742775482e-01  4.0788715155435473e-01 1.3478627596696180e-01 -8.6143569704887812e-01  -6.2423043233072739e-01 -1.6188639439090435e-01 -1.7482017303501616e+00  -1.1797804056674384e+00 3.1092187439204649e-01 -1.1685965841234698e+00  3.0464838186232690e-02 -7.6150816602566285e-01 -1.7099369987251440e+00  2.6484121355883256e-01 -9.6770546286048018e-02 -2.3470709776143323e-01  -1.0054567637557397e+00 -5.4361110911204269e-01 -1.1027309142071839e+00  5.7751378826754407e-01 -3.2030765666007771e-01 1.0503242155260779e-01  -4.7131329272078198e-01 -1.0737093225410737e+00 -1.1824287259677788e+00  -4.0829680297540533e-01 -6.8164407516909531e-01 -1.3983366302250533e+00  -7.2999721131802608e-01 -3.9187005332575753e-01 -1.3298080435657691e+00  -5.1857178715466312e-01 -3.4348663104986432e-01 -1.2939215792413841e+00  3.6625225371486420e-01 -1.7719855968635351e-01 -8.6372904245424031e-01  -1.1660191218246001e+00 -2.2656736789223458e-01 -6.7419411462642531e-01  4.4940013690175440e-01 -4.2107535454825995e-01 -7.7573572020978721e-01  -7.5958605718045979e-01 -5.6476333169902371e-01 -4.5792821518530938e-02  6.0155829946601036e-01 -1.0927683993129812e-02 9.2289552423499607e-02  3.9826281867703976e-02 -6.8230270534018223e-01 1.8368284496930007e-01  -2.0242159803445306e-01 1.2816425508181270e-01 -8.7765417019018610e-01  4.9410789685406203e-01 2.7734299549508255e-02 -3.4843133369431467e-01  1.1005051470984868e-01 -1.0913897343534424e+00 -1.4629860663940031e+00  -4.5484862119721220e-01 -2.7765404069628985e-01 -1.5974193911383179e+00  -4.9332934613711504e-01 -3.1036953925612643e-01 -1.7356561324497553e+00  -3.0694991525614113e-01 -1.4204503534841259e-01 -1.1770791881628080e+00  -7.0463112426847285e-01 -3.5176055639046383e-01 -7.8003074205050194e-01  5.6379454813180330e-01 -8.3876209370444788e-01 -1.8903124019588224e-01  -9.2838139543440668e-01 -9.2661774566633737e-01 -1.8551422965629862e+00  4.7892406079958383e-01 -1.7988025524706328e-01 -6.3273347150472381e-01  -8.3644068954683748e-01 -2.8831781648443527e-01 -1.0181156870787245e+00  5.3265170050352063e-02 6.9199159609737132e-02 1.1373594267626382e-01  -3.2117122694367806e-01 -7.7156976429022028e-02 5.7098692378465388e-01  -7.3275441290038523e-01 -4.2485701730189868e-01 -6.8406195048345908e-01  7.1509671756936199e-01 -1.0710683741068509e-01 -2.5536253744172732e-01  1.9113140539233184e-01 -1.3446934248405454e-01 9.5874424174656789e-02  -8.9738168000984397e-01 -7.9706105493667034e-01 -1.0839397199912075e+00  5.9283451834477441e-01 -2.8196875192894377e-01 -1.4839446423483532e-01  1.7666529531024036e-01 -1.1111783441065788e-01 -4.1561473289090617e-01  -3.5501464295931645e-01 -7.2619896895821012e-01 -2.0391713426198748e+00  -1.1466438073443248e+00 -4.2454918649062762e-01 -1.7053969954682875e+00  4.9230875494342852e-01 -3.0525951379296562e-01 1.7508098226072197e-01  -6.5666397499862061e-01 2.1266097492398092e-02 -1.4386821330620796e+00  -1.1891918042550129e+00 -7.4513351825547569e-01 -1.6732249735509872e+00  -6.9326219266923195e-01 2.7399412231318421e-01 -1.6538201007121183e+00  -1.4779244886667284e-01 -4.6917477742702947e-02 -1.4531427800934040e+00  1.1912510769352331e+00 -7.5393529087410249e-01 -7.3171285753999049e-01  -3.0407632944989682e-01 2.1967240472711083e-01 -1.2322571244150973e+00  2.3287324331952025e-01 -6.0378081033064107e-02 -9.2420711439825654e-01  3.0539105241123676e-01 -1.4405461588580659e-01 -1.0455433648137533e+00  4.3449601734691062e-01 -5.6901646728633098e-02 9.1520642710285774e-02  -2.3531461070021287e-01 -2.1275820338222654e-01 5.0698243270651955e-01  -6.7614048273631677e-01 -6.3945364428960783e-01 3.0856341857753866e-01  -7.6171782718299352e-01 -8.3578489160706160e-01 -2.2064276586002198e+00  -8.5088983372474702e-01 -1.1334691901224413e-01 -1.5030975039575374e+00  -9.8655223929832281e-01 1.1372033431597721e-02 -2.2313351305401148e+00  -3.9671722017085659e-01 -4.1544487988681877e-01 -1.9870866935498921e-01  6.0015137479699665e-01 -2.5651701017462597e-01 -1.3167039574596562e-01  -2.6126346804528472e-01 -4.3509973389737910e-01 -1.1422417853917173e-01  -5.4897796329281123e-01 -1.3276383897348440e-01 -1.8009863242078430e+00  -3.4138548336299795e-01 -2.0292127459415613e-01 -6.9372959113490151e-01  3.9477618481524979e-01 -1.3561645878469797e-01 -5.5796612288647529e-01  4.4896563564445019e-01 9.3993058843106714e-02 -9.6503608186343896e-03  3.5548130098609076e-01 -1.4694020435682864e-01 -5.9372478957061547e-01  5.1607426108127719e-01 6.0529937905274528e-02 -3.8857531381195803e-01  -6.9105397009417979e-01 -5.3143170157819941e-01 -9.5569534866580874e-01  5.7516263998203443e-01 2.0807155430385939e-02 -6.1128596724446049e-01  5.3157700604903924e-01 -7.2012450628285582e-02 -4.4759869337003710e-01  -1.9707631391032845e-01 1.9811363998089496e-01 -9.0983080062264521e-01  -3.2880316166945811e-01 -3.7172311636204075e-01 6.5991283798432920e-01  3.0134079419899823e-01 4.1726436432707396e-02 -9.9018764661008196e-01  -4.3826933544055230e-01 -5.4099325413819754e-01 -1.3225326907566979e+00  4.6539141963939029e-01 -5.0885246455231048e-01 -1.9612941488075880e-01  5.4263151754104966e-01 -5.6171635270455234e-01 -4.0303034199582882e-01  -9.8129065064706422e-01 -6.8044490319291140e-01 -1.4548696799923786e+00  -2.2781815844546441e-01 5.6986706963480717e-02 -8.2242597282263086e-01  5.0594265161027685e-01 -8.3357963283285019e-01 2.5164183871093867e-02  1.1256914338699138e-02 -7.7072728285805164e-02 1.3411526574938956e-01  4.3040163740508691e-01 -9.3988899588098518e-01 -1.3500730102920605e-02  8.3865024963169288e-01 -3.9558209837423020e-01 -6.1133884890934731e-01  -1.2503769290972768e+00 -7.9118361407180582e-01 -1.0097546267330884e+00  -3.0558626428004393e-01 3.7570532412691482e-02 -8.1111632109700227e-01  -3.1239150708220004e-01 -9.2900635097158513e-01 -2.8983006668232336e-01  -3.9772976396357612e-01 1.4579508156995233e-01 -6.8665907474276400e-01  -5.5856743358446082e-01 -2.1883104444011844e-01 -4.8467603400883530e-01  -1.7314699773199124e-01 -3.5287522151578804e-01 -2.0340272554648409e+00  8.6884153186356039e-01 -7.5494667400720461e-01 -1.0646709834896642e+00  3.5234908520967440e-01 1.2872632821976945e-01 -8.3553297724273412e-01  -8.1988053606849221e-01 -3.2924548483340993e-01 -1.9785279450229076e+00  -3.0003155063054060e-01 -8.7114550686252526e-02 -1.1317359823604187e+00  5.4822291368147325e-01 -2.8497982340299532e-01 3.4234381085733095e-01  4.1569997989964813e-01 2.4189375407312297e-01 -9.3168094369491938e-01  -8.9923763446711569e-01 -3.8309933551060310e-01 -1.4975636505503642e+00  -3.6131897803479124e-01 -2.8846051138720358e-01 -9.3763083032246419e-01  4.6232992089351382e-01 -3.6227707344206339e-01 2.7217988663488967e-02  4.0987417495957879e-01 -3.0813351914827330e-01 -1.0227912188347030e+00  8.4591385421867085e-03 -8.4784062036430508e-01 2.4691649731105425e-01  -1.0406907867820743e+00 -6.1739603377676644e-01 -2.1004783622804357e+00  -4.3848863641942254e-01 -9.2108922095712764e-01 -9.7016037748975326e-01  -7.0944090424565631e-01 -7.4053475536900826e-01 -7.9548275791334666e-01  6.9047129165521271e-03 -6.9666619574566058e-01 -1.8187586666561044e+00  -8.1451440019954002e-01 -6.9619525627475443e-01 -7.4519839696044876e-01  9.9001421058929173e-02 -1.7797026595270907e-01 1.2483955093257551e-01  4.0646515075027162e-01 -7.8169414561463146e-02 -1.9021722078557780e-02  -4.3775206100602276e-01 -2.3727604337671537e-01 -1.5929575905440678e+00  3.4537368525262646e-01 -2.5721943071972304e-02 -7.5682523618424957e-01  -1.4124337603923627e-02 -4.0135832096190693e-01 -1.5403440343116588e+00  8.3473143146273854e-01 -5.9521012863167777e-01 -7.6593350747897415e-02  -3.2219973382838935e-01 -1.4504969686155225e-01 -9.0145738527269995e-02  -8.2065682669855666e-01 -3.8892900501764943e-01 -1.3261566215103930e+00  -3.2550340826849478e-01 2.4537431617609157e-02 -1.5365986281415998e+00  1.8237479747144489e-01 -1.2667683755022535e-01 8.1384533553253396e-02  -9.9230286240213728e-01 -5.2372815959596652e-01 -1.9161672895872304e+00  -3.8570917845767499e-01 8.0128740508751503e-02 -1.1956346983333865e+00  -3.2256199579701961e-01 -4.3312101521924201e-01 -1.6164245702520999e-01  -9.7261366584160369e-01 1.6070065965634103e-01 -1.4553921248100681e+00  6.5267120959668953e-02 -4.7760181694207410e-01 -1.2101312832830138e+00  -4.5242096919780184e-01 -1.1197996048795826e+00 -1.0093496269878066e+00  -7.4834266672159244e-01 -3.9017520260972771e-01 -5.2549743196235532e-01  1.5857160652076904e-01 -1.8040952686597334e-01 -1.9503872092086705e-01  -3.5190036020022947e-01 -2.1008632463042412e-01 -1.2190088461331188e+00  5.5931606015371149e-01 -1.1600649120567980e-01 7.4691694872087835e-02  5.3722249804623323e-01 -2.5642651970663795e-02 -3.8760631385693073e-01  -1.8799601742503694e-01 1.8138733352478863e-02 -1.5068072068606994e-01  -1.0180392569228904e-01 -4.5832635777667763e-01 9.7469473257802433e-02  9.0766399966616285e-02 7.9797938278684241e-02 -1.0741236278046479e-01  -3.7047503464766124e-01 -6.7794794273786751e-01 -9.3264872588349534e-01  4.9860196317309124e-01 -1.9033956605808236e-01 1.6685931504147097e-01  -8.5166992633606955e-02 -1.0185937189136773e-01 4.4995394820756346e-01  3.9744986773598900e-01 -4.2026048603110833e-01 -6.5857214936290731e-01  -1.4812203880961494e-01 1.3192371913848633e-01 3.8594226775703111e-01  3.9697538685770167e-01 -4.0870108709979008e-01 -5.1523243096791760e-01  -8.5868893027328441e-01 5.0921321098101713e-01 -1.1896255306451529e+00  -5.9130513649545613e-01 -5.0522935701993787e-01 -8.2316618906704631e-01  -1.5426083892682754e-02 -5.5600537591836108e-01 -1.8798590210234259e-01  -5.4502018973605237e-01 -4.6549543610454530e-01 -1.7812125867466280e+00  6.2473698823002277e-01 -2.0592381454595662e-01 -5.0173694426143989e-01  -1.7035262791571373e-01 -2.1642559384651863e-01 5.3524083347557405e-01  9.5878288367470110e-01 -3.0339443128131688e-01 -2.9743786201511752e-01  6.8866144127200157e-01 -1.5495879192918746e-01 -1.4909031253944408e-01  7.0389835742992624e-01 -3.6667524351018978e-03 -4.1838954481766394e-01  2.5424855559084719e-01 -1.6723175782395505e-01 -8.3525133510448080e-01  -7.8070489063676318e-01 -8.7571954785984107e-01 -2.0532970612871453e+00  -6.3699631978237792e-01 -8.1712650288658772e-01 -2.1650968683907785e+00  -6.3709615104975570e-01 -9.1294330474272289e-01 -1.8531294894244510e+00  -5.2578803325315671e-01 1.8376805857522305e-01 -1.2393143267256721e+00  4.3530708044034355e-01 -6.8449831609774936e-01 -5.0056085355114988e-01  -8.2952730112093542e-01 -5.9509526540809288e-01 -1.7252384430873084e+00  -7.7344659450657285e-02 -5.1002408823750914e-02 -1.9266643477216339e+00  2.4340474317891234e-01 -7.6066293944127811e-02 -1.1828129872822675e+00  5.2822059363299867e-01 -1.1586591762950565e-01 -1.3115759054323958e-01  -3.1385260022414124e-01 -4.2269426348209455e-01 5.6333028686762654e-01  3.5875980227481941e-01 1.3901696468506719e-01 -6.0850341350436576e-01  5.4929829634864036e-01 -2.8072832497418176e-01 -1.0102743636605040e+00  -4.9415359656958879e-01 -6.4534179189489682e-01 -5.2740602057427843e-01  -8.5869837845070662e-01 3.3481127919437609e-01 -1.2139982439195318e+00  -5.4570592785327013e-02 -1.2541562330187311e-01 3.2464422586235503e-01  2.2420042102495036e-01 8.0984173386698197e-03 -7.2161088031619514e-01  1.1586364371191700e-01 -1.0254142185937980e-01 -8.8196604911982179e-01  -2.3940120647839935e-01 1.3413897289141324e-01 -1.2500365226012773e+00  5.4993150673324842e-01 -5.5158414281877688e-01 3.1788447560826244e-01  -6.7341514214267539e-01 3.5657034642675046e-03 -1.0791561737787598e+00  4.2721797747041201e-01 -8.4888297187674794e-02 2.1634645302630176e-01  -5.8913421690540591e-01 -1.1366607373687193e-02 -5.6731486668644460e-01  7.7861870243278819e-01 -4.2738615235702876e-01 -3.4412275320750491e-01  -8.0323852447549071e-01 -6.1080816744391042e-01 -1.0268662036509282e+00  4.8304475315582468e-01 -4.0973050272315126e-01 -6.1483296051478253e-01  2.9554824932178636e-01 -1.0412227001198825e-02 -1.0478330682387771e+00  3.4842068924496306e-01 1.2854725743270450e-02 2.1343467927940588e-03  6.5180533156475362e-01 -3.3232802752266644e-02 -5.5032136402677201e-01  1.2564587230187263e+00 -8.5274304782256949e-01 -1.0620253432200621e+00  -5.1928536468014719e-01 -5.2550150587017508e-01 -1.8126892521055491e+00  -1.1687923729736727e+00 -7.2942659597324710e-01 -7.0979844526686842e-01  -5.4600239411023754e-01 -7.5662702001859938e-01 -1.6039056277930186e+00  3.5562290107708355e-01 -1.7222740845843201e-01 -3.5706694347036394e-01  4.8904987986694137e-01 1.9095770450809194e-01 -6.6506742345818937e-01  -7.0225642215857831e-01 -5.3939828742816232e-01 -6.2039753757024174e-01  1.1057420325894893e+00 -4.0890421160534973e-01 -1.8380248060684121e-01  3.7692409374073604e-01 -4.7038827067631142e-02 1.0134566361911765e-01  -7.2720754268818488e-01 -6.1541730345608092e-01 -1.8602509024146312e+00  5.3383204876718016e-01 -4.0926436696030749e-01 -8.6801959265183932e-03  -4.7074288512382245e-01 -6.0690736092522113e-01 -7.9024627904643996e-01  2.2525192560010548e-02 1.3491045957298414e-01 -8.2605733460751252e-01  -2.6768740056202439e-01 -1.1513700419855401e-04 -4.0116804729760824e-01  2.8432312076806143e-01 -2.6185556458180248e-01 -7.4810022777031271e-01  -7.7061365512299274e-01 4.8609806498508046e-01 -1.4045390227548482e+00  3.9463338270174075e-01 -1.6115363045682704e-01 1.6850378737714983e-01  -8.2751800719140522e-01 -5.8068804216286318e-01 -1.5879906913488506e-01  2.9798905034155454e-01 -1.2168388153110710e+00 -1.6537582386465430e+00  -3.6979829639132261e-01 -3.3606244172411048e-01 6.6560030439252649e-01  4.1867482081369534e-01 -2.1998702653459410e-02 -4.8830360753387758e-01  -3.4915102923298608e-01 -1.1100682948435063e+00 -2.0328489686969067e+00  -8.0567861537372043e-01 -2.7716527170241995e-01 -1.2068072137455446e+00  3.8503278159299065e-01 -1.0734963615414035e+00 -1.5359318319265245e+00  -3.6334902738908881e-01 -4.1640616462030250e-01 -3.4639288576944738e-01  -4.0488625435577724e-01 5.0261217205970869e-03 -1.6543210821697587e+00  -2.9348674491710763e-01 2.5914932456857198e-01 -9.5005284279220126e-01  5.4415228172388264e-01 -1.9899201970589389e-01 -1.8357103776101055e-01  5.7306643594536544e-01 -7.2854958180615326e-01 5.6606538857218863e-02  1.1535631425350892e+00 -6.4682607749007537e-01 -8.3160353941116816e-01  4.7138182784007293e-01 -1.4202779744541474e-01 -3.9670304428012959e-01  -3.8964062267898353e-01 -8.5985400771027076e-01 -7.9469516669973772e-01  7.7409333322263874e-01 -2.3248231710070164e-01 1.4291178847746902e-02  -4.0217957837336982e-01 -4.7569194008903792e-01 -1.9689959483186574e+00  -1.1110570603629171e+00 -3.5733951689893173e-01 -1.8909995017723120e+00  -7.9254432854301271e-01 -6.9757565019636580e-01 -1.6520963663952737e+00  6.8316318487697658e-01 -4.9338482621675833e-01 -6.4536890340971265e-01  -6.5554470138677198e-02 -1.9599557241243395e-01 -4.9114600657563172e-02  -4.2260179221580763e-01 -6.8516741371709444e-01 -5.0804003546245236e-01  -5.9998065122661404e-01 -3.5910031714811019e-01 -6.3550309493753321e-01  -3.0565611293287087e-01 7.1258875968810781e-02 -1.4495696863135910e+00  4.1961054385804974e-01 -4.4590805668383866e-02 -2.6274870145123846e-01  -4.8421653567660639e-01 -6.5385520367428707e-01 -8.6017779334180366e-01  5.5756058864565150e-01 -5.5660636777874395e-01 1.2866638645298228e-01  4.1863980281627822e-01 -8.4514255743930111e-01 -8.2271379286028720e-02  -6.5360076003952983e-01 -1.5671752081573781e-01 -7.0318818134075556e-01  -8.5688879726919165e-01 -4.8565059991327203e-01 -1.2260785986099525e+00  1.3164850192438324e-01 -1.4464085787368214e-01 5.8269127861522364e-02  -3.8417595739560007e-01 -9.7165428707795609e-01 -1.6741812226331394e+00  -8.6785075252322097e-01 -6.7400223044095797e-01 -2.0917218016006198e+00  -7.6219316215316146e-01 -8.7232663186176895e-01 -2.1654286963727487e+00  5.8499227423733580e-01 -5.2890599676442085e-01 1.5643705383196493e-01  -4.6106833739377567e-01 3.1608662353759026e-01 -1.1170608109931452e+00  4.3375500155553559e-01 -1.1741360425495926e-03 -3.9832715405838753e-01  3.3349541353822260e-01 -6.9752958258811172e-03 -2.2491926934758280e-02  -9.4196977180519725e-01 -1.3342477349830920e-01 -5.5390944863797209e-01  -4.5200385220041384e-01 2.5702013304139493e-01 -1.5656240464919413e+00  -4.2757139975865754e-01 -6.4235449929768884e-01 -9.7863177899743159e-01  9.6693724352754318e-01 -8.4600512964469010e-01 1.7676152965570524e-01  -6.1933779718389181e-01 -9.3670598480537282e-01 -1.3172779795710154e+00  -7.6160520598402415e-01 -2.4677774525473986e-01 -1.1476890320793367e+00  -4.6788109305971970e-01 -4.2114571750014890e-01 -1.1619186655072316e+00  3.2972619088166200e-01 1.3848270587414041e-01 -6.1851607625039516e-02  2.3030053659809441e-01 -7.6733389025758791e-01 -1.1714500657809407e-01  3.4178385669595335e-01 -2.2711710396986376e-01 2.8819196658694057e-01  -2.0397917260126586e-01 -3.7080446453401632e-02 -4.9308597858638947e-02  6.6972229198497213e-01 -4.5626673103466975e-01 -2.0406537894617266e-01  5.1368840587823328e-01 -3.1761266397014243e-01 7.0282187901557061e-02  -7.5427645519167774e-01 -3.6909991128883946e-01 -1.0212183479244521e+00  -4.1508008394303568e-02 9.1352940994583687e-02 2.4893167841207411e-01  3.8628475661329575e-01 -8.9164592832658129e-01 6.8726394329811494e-02  -1.2780473348991424e+00 -6.3297300377510390e-01 -9.6089074418220832e-01  -7.8385534324822176e-02 -9.1865439233835250e-02 2.8490363000178076e-01  9.8857982337400230e-01 -4.0685443363966067e-01 -2.3401779318976115e-01  3.6033287848809992e-01 -5.0500686995024902e-01 -9.5541236639610516e-01  -7.8734584953521936e-01 2.9440718261839288e-01 -1.4754644974030722e+00  -7.6959711530399277e-01 -4.7573095943510246e-01 -2.6242926185530119e-01  -4.0275950347218481e-01 -1.0774591351072837e+00 -2.0159460686203401e+00  2.3027662073590721e-01 -6.3436908722979002e-01 -6.2506028884371803e-02  4.0641931870206843e-01 -1.9305229193183912e-01 7.7078142051902887e-03  3.8736233392427138e-01 -8.0374744530519759e-01 -2.7865694212831799e-01  2.5673172601090999e-01 -2.7651230541128125e-01 -5.0941913191526833e-01  3.8534535088570276e-01 -4.2803023816480040e-01 -5.5787551664112189e-01  -6.0675362526231935e-01 3.0826522507474835e-01 -1.6408649830275839e+00  -6.0604941237662291e-01 3.0923360589900711e-01 -2.3108612382473934e+00  -8.5569607750549637e-01 -5.5241600771833321e-01 -2.1168593106978153e+00  8.0179314547973801e-01 6.8542256848581229e-02 -6.9649643227645575e-01  -7.9956128935150583e-02 -5.9905142633664799e-01 -6.1146404864108483e-01  -1.1938088874566273e-01 -7.5761752528625403e-01 7.8665438947904828e-02  -6.8712294211907360e-02 -1.8716538106961128e-01 4.4159347563001439e-01  4.4777857224889644e-01 7.2476414940762833e-03 -6.0478700711798605e-01  -6.6678967106697318e-01 -9.4389235189125620e-01 -2.0338580321196571e+00  -7.0351004463814792e-01 2.5744216316603968e-01 -1.9289444529299482e+00  -1.0342592093741563e+00 -4.6213474189695275e-01 -1.9857020084423489e+00  1.7332050614554309e-01 -9.3367974785083088e-02 -2.0018443369129550e+00  -7.8074112517504179e-01 2.1840716342785496e-01 -2.0030689623798636e+00  -7.5090137303634286e-01 -2.9913125286861841e-01 -2.0557004731262052e+00  -8.2363673022517669e-01 3.4974047937646419e-01 -2.1074523898504052e+00  -2.0318010512536352e-01 -5.8106307972165394e-01 -1.5635643121934468e+00  -4.4772980984803490e-01 -1.3410243653661560e-01 -2.1838655365832271e+00  1.4837771926932350e-01 -4.9233386591971701e-01 -1.8091948087420213e+00  -6.4900060144814031e-02 -4.0440463670758603e-01 -1.6062109668319615e+00  -9.5212108545194196e-01 1.9530542926682082e-01 -2.1191048445950051e+00  -3.0397583964561864e-01 1.5137488438035995e-01 -1.7422603142959912e+00  -8.4841844957528911e-01 1.1018936181570635e-01 -1.2324177062213737e+00  -9.3004604063004837e-01 -9.5572749582027550e-01 3.5915957787115610e-01  -3.8536692100288750e-01 -5.3721032414401693e-01 -5.6207582168678172e-01  -9.1520676934214384e-01 -6.5035392460277897e-01 -1.9280456126163688e+00  -7.9683556231548103e-01 -7.9231030503126937e-02 -6.8450351509339435e-01  -8.0847799557698075e-01 -5.1238165559396387e-01 -1.3522293428491767e+00  -1.0211102381629725e-01 -4.2060325028832107e-01 3.0656892464205077e-01  3.8850391281866198e-01 -2.5982429166362375e-01 -3.4941455424474649e-01  3.7418708095672375e-02 -1.5473496871953576e-01 -7.6779847362789000e-01  -1.7711339986866398e-01 -3.3321335706416699e-01 3.6225326024657506e-01  -4.5992527613961526e-01 1.0982539963566178e-01 -8.1017180803200539e-01  -1.6714887941410772e-01 -7.7697499563569350e-01 -2.2092775685310078e-02  -5.2189403558994996e-01 -6.8473549427793834e-01 -1.1994009609820733e+00  -9.3876366947018164e-01 -6.2608924282935685e-01 -5.4718618654220696e-01  -2.2426422683408664e-01 -2.1604888604788802e-01 -8.8141367097072446e-02  6.5296455081808635e-01 -2.2724949174534143e-01 1.7851962159574647e-01  -1.5482711151105194e-01 5.2246230875780494e-02 -4.0896020174240183e-01  -1.8987406973864090e-01 1.6735198499494547e-01 -8.6903040714847923e-01  -5.4698610146159332e-01 -6.3900908438779450e-02 -1.5023711234273680e+00  1.9013981819815212e-01 9.0356638457587263e-03 -5.9268608066447115e-01  -5.3907462115513471e-01 -8.1752098305574575e-02 -2.1863817220560955e-01  -8.8898182209247456e-01 -5.9207702896117809e-01 -1.7448277153108056e+00  -1.0461845789525807e-01 -1.3699419999448692e-01 -5.8127875960136055e-01  4.0622041486027116e-01 1.3992779285757992e-01 9.4428750543290793e-02  1.1185208192856785e-01 -1.4806865294574726e-02 -4.0998908753862628e-01  -4.8211621714967956e-01 -3.5798933493713431e-01 -2.8235206987317907e-01  2.0303235696395958e-01 -5.0588342785075013e-01 -4.1375113666127694e-01  -7.4309147783669616e-01 -7.7802606985066103e-01 -1.9814544117886337e+00  3.4252058331220758e-01 1.7305552508017813e-01 -1.1327218515830699e-01  1.0432083026715744e+00 -2.0205957498163030e-01 -8.2986815818420642e-02  -2.5624225905870024e-01 -4.5709821559901076e-01 4.6986765775743350e-01  1.5798900105921392e+00 -9.7458042679373336e-01 -1.1748677971156025e+00  -4.5871222208214441e-01 4.4543038915571070e-01 -1.0808227414353293e+00  5.8003887818301125e-01 -6.5614571578509762e-01 -4.0276511957863198e-01  8.7896911972014169e-01 -8.2662420054721764e-01 -1.5762162689583614e-01  1.4166324933037994e-01 -4.3709137751555760e-01 2.1756072202203489e-01  -8.4050390647541651e-01 -3.0335327564248522e-02 -6.1461251560510910e-01  -6.0392621548769676e-01 -7.1360255250434912e-01 -2.0339837607165649e+00  -9.8862905264001710e-01 -4.8809274083116500e-01 -2.0304840129896324e+00  3.2146789791227859e-01 -1.2605565903008195e-01 -1.1377305351773344e+00  7.6829250014287598e-01 -2.4244185565313012e-01 -5.2815106586796286e-02  -4.7617336685871670e-01 -8.5188030628952427e-01 -4.7553223795224975e-01  -1.9855193593846954e-01 -3.4681475315879584e-01 -3.8502894734456988e-01  -7.0301621127549840e-01 -3.7125189211824172e-01 -1.0794766285709629e+00  -5.9047685528410565e-01 -6.1008625994063190e-02 -1.6607111337365557e+00  4.0343554490638756e-01 -1.3805565514483492e-01 -3.2601027722653542e-01  1.0829173375942729e+00 -6.4947799709035525e-02 -2.9512822806846900e-01  -3.4163407251864336e-01 4.0733420925740643e-02 -4.2931169348101644e-01  2.4057589482963146e-04 1.6732644574141123e-01 -8.8894849271490617e-01  -5.2917857105040017e-02 -2.4230695633786689e-01 4.2017952089296257e-01  -3.2799704854519057e-01 -1.7847097588442562e-01 -1.0370830392803683e+00  4.7787859345812628e-01 -1.5477326678838457e-01 2.8589663612474248e-01  -1.0817402710891184e+00 4.5201124345681448e-01 -9.4774868151646219e-01  -7.1213672129813743e-01 2.9551089075954518e-01 -9.8842353382684722e-01  2.9239972845322115e-01 -7.5419020859464003e-02 -2.1544000277983155e-01  5.3790967961222813e-01 -2.5469293863571563e-01 -3.2361820521881068e-01  2.3486545554229521e-01 -7.2831496805213017e-02 -2.1620483411186694e-01  -1.8730506657868759e-01 -8.2798111502874486e-02 5.5721414188970952e-01  -1.8738140275194379e-01 -2.2117604660735357e-01 5.1899344716016327e-01  6.8340388184884893e-01 -9.1827348128924666e-02 1.2970273884026107e-01  4.2988366581834531e-01 -5.1301284900316835e-01 1.7761590199099064e-02  6.1072381648683938e-01 -2.6393929961693097e-01 9.0864354200972289e-02  3.8991312867054412e-01 1.2399356143770042e-01 -6.5806960371582279e-01  -6.6554395856691406e-01 -8.0847160404598539e-01 -2.0534538965786235e+00  -3.3019902667287498e-01 -4.2059210628083610e-01 5.8444762063128775e-01  1.2815407425247827e-01 -9.0217848217595931e-02 1.2476813502820757e-02  4.6696204932735238e-03 -7.4279380110745641e-02 -8.0454723177474130e-01  -4.2948909749261371e-01 -2.2821869580503579e-01 -4.2259236234264019e-01  5.7244505746159702e-01 -4.9923847326015525e-01 -4.2590770628837588e-01  -3.9051168253387203e-01 -6.2048085615549620e-01 -8.2284148747908659e-01  5.5089398580968874e-01 -1.1446447401682294e-01 -1.4977135170756861e-01  8.6434994030690382e-01 -7.2499692546186678e-01 1.5353749745269021e-01  -1.2433451317733690e+00 -3.7007153955876015e-01 -2.1306994074417895e+00  -6.6802929435139535e-01 -1.4717589073493390e-01 -1.0206376996423168e+00  -2.8304719415852880e-01 -6.6469101423815702e-01 -2.0862930815481366e+00  1.4206864748452124e+00 -5.0383356134096657e-01 -6.6815649684848055e-01  -2.8054706071432878e-01 2.3454917338905729e-01 -6.4592755290063519e-01  -4.4985819473509525e-01 -1.2546506698161411e-01 -2.3601767811008618e+00  -1.6591647122105552e-01 2.1057735228768464e-02 -1.6726369950315603e-01  4.5516072497172148e-02 3.1785592842446024e-02 3.1701866703380627e-02  4.9611458908018097e-01 -1.8636447574418738e-01 7.8334684326917856e-02  -3.9491191853287883e-01 -2.8201252091326090e-01 -1.8570236402281100e+00  -4.0582198092863631e-01 -6.1122837354187121e-01 -1.9397146916680391e-01  2.6253455210836874e-01 3.1882385430150186e-02 -5.8470510115840102e-01  -2.4843284754148251e-01 1.5125502062363880e-01 -1.0178585955052013e+00  4.3238912556323533e-01 -6.2382245767996614e-01 -9.0307327339604471e-01  -7.8239714774983915e-01 9.9514194403598905e-02 -2.1448162268537114e+00  -9.5179487039112509e-01 -2.8380490391648383e-01 -2.1986995001103651e+00  -7.0939844912320249e-01 -1.0307181256825913e-01 -2.0365947558084567e+00  -5.1154876569149588e-01 3.3888777822648958e-01 -2.1564844086650310e+00  -2.0613038971545569e-01 -3.4282673799746233e-01 5.4187029804312792e-01  6.8517694023055165e-01 1.2234096766924321e-01 -3.4608855463866089e-01  8.7931466131422276e-01 -6.3272559053986965e-01 -2.8334930794026647e-01  -5.4525847155180474e-01 -9.7784877064550779e-01 -1.4427350309047144e+00  6.2145898580682535e-01 -1.9798619792032252e-01 -1.5647191131420610e-01  -6.1104186510225547e-02 2.2103341358108308e-01 -9.1666329091568877e-01  -2.6556928605016339e-01 -2.7330241362806479e-01 -8.7591904327960227e-02  -6.8069229047396618e-01 -7.3697363576197639e-01 -1.9529291472322385e+00  -4.2908930074324447e-01 -2.4255490526318130e-01 9.8275233513966651e-02  5.5667325005332602e-01 -1.8567922069663417e-01 -4.4668830859565517e-01  -4.5654625973564145e-01 2.9302195223083971e-01 -1.9151448954322570e+00  -4.7849128096682347e-01 3.9384286678323488e-01 -2.0482124885001625e+00  -2.9730928943950629e-03 6.2284816648235146e-02 -5.6650047009979754e-01  3.4924679142958037e-01 -6.7052731524292891e-02 -1.1798471582954919e+00  7.5049219708208426e-01 -1.7195982824954209e-01 -2.3229002007578492e-01  -4.6293807573944873e-01 -6.5224698052683017e-01 -1.6018077889393514e+00  -9.1204810725973562e-01 -4.1444862405011224e-01 -8.1470446279997843e-01  -1.0549709618872170e+00 -6.4524279500182180e-01 -1.5700924728211767e+00  -5.0591451823853928e-01 -1.0161669539215141e+00 -2.0272890509021306e+00  7.2325888638136493e-01 -4.0253134512495237e-01 -1.0587905106586275e-01  -7.3623769964357766e-02 -7.5884466590125710e-02 -8.7850513099547090e-01  -1.2974431234307380e+00 -7.0671190446682097e-01 -1.4484026912524299e+00  -1.1004527890891687e+00 -4.6787343662245129e-01 -1.3023122737567232e+00  -2.2287133069344528e-04 -1.8338784508010136e-01 1.2093398435484660e-01  -1.2096961945676110e+00 -7.5925422382280761e-01 -7.2569873939774976e-01  -8.5918979187607847e-01 -5.6304780531928911e-01 -1.2511655702354916e+00  1.5658879278721130e-01 -7.1084066984291405e-01 -7.8434992499129030e-01  9.1963437548759963e-01 -8.8034052376209471e-01 -5.0180609702671589e-02  -6.5627589546378184e-01 -1.7609489292059483e-01 -1.1583750446718954e+00  -1.1263328650892899e+00 -5.8788112875679588e-01 -1.1557451756300408e+00  -8.6503628836749602e-01 -2.7566484376755468e-01 -4.4918442453595031e-01  -8.9157033561508470e-01 -8.3600616431400809e-01 -1.3898329916044005e+00  -9.8130382889987444e-01 -7.5804039465463535e-01 -3.5303569342117197e-01  6.9500738992621613e-01 -5.1828706556356285e-01 7.2309705728918192e-02  3.1950700760945477e-01 -2.3064388477263237e-01 1.1320694760447993e-01  6.4071697526455429e-01 -3.3486334478220353e-01 2.2553378605557325e-01  8.6984894715805194e-01 -4.1877081958497686e-01 -2.1967505123152312e-01  8.0130437404634325e-01 -3.3358637679378411e-01 -2.4973405652578898e-01  7.4995015012159161e-01 -2.9160383908739096e-01 -4.7342695050988443e-01  -1.0558857130547612e+00 -9.4497361977680194e-01 -5.0829821329738134e-01  -1.1395228954857748e+00 -7.9577481482499834e-01 -1.0412258741418372e+00  1.4098332485571630e+00 -6.3083793795495269e-01 -4.9781965123304539e-01  9.2771567871016114e-01 -7.0381459514484968e-01 -2.0212547028035183e-01  7.5431363199909585e-01 -6.5783999505728086e-01 -2.2477751096450925e-03  4.7965848887505907e-01 -5.3216408405334259e-01 -1.9626460217963207e-01  9.4635566701877050e-01 -3.5938719594466889e-01 -7.8157947553466878e-01  1.0670942922289712e+00 -6.2415869871869989e-01 -9.1926073649350837e-01  1.5861577859699355e-01 -4.0545643365028244e-01 -3.8442971337267368e-01  -6.1904257232706783e-01 -3.8031223850544726e-01 -1.1987818774455119e+00  -5.3124012476062332e-01 -7.0311213909362694e-02 -5.5295038191110846e-01  -7.7560179343883073e-01 -7.4660048655769384e-01 -1.1272236056814642e+00  8.1947741740978863e-01 -1.0360592809086708e+00 -3.1940760872376547e-03  -5.0795505530194907e-01 -1.0270476943894280e+00 -1.3751260490672979e+00  -6.4983628648543068e-01 -9.7324215013616011e-01 -1.9335474163122415e+00  -9.6342070448204786e-01 -4.3314430034437229e-01 -3.9938776077512894e-01  -5.9374590199742713e-02 -9.1982149196543928e-01 -1.1922322648477035e+00  9.4656052962079129e-01 -9.8108918731335215e-01 -7.3575125089935522e-02  7.9439607177338933e-01 -5.2945323303862968e-01 2.4184257897072131e-01  9.4505534621325005e-01 -3.7758985025474401e-01 2.3596285635026476e-01  -1.1639949641166871e+00 -3.0576565702676733e-01 -1.1977078081804002e+00  8.0089922731582985e-01 -6.8096461639696881e-01 -1.9221341875890649e-01  -2.4917049000918193e-01 -8.8312615760236857e-02 -1.0668218860724423e+00  -5.1597395398709367e-01 -1.1451317703457244e+00 -1.8772742600596113e+00  5.3886035269731902e-01 -6.9809942600139507e-01 -1.2092842566769870e+00  7.4465066137027180e-01 -1.2009545640235177e+00 -1.6457719770813997e+00  -6.3002085500448168e-01 -1.5851306017345027e-01 -5.8914274957893997e-01  1.0437721907416220e+00 -7.4876568811018829e-01 -9.7319364030987554e-01  6.4239206648585268e-01 -1.0888462514967934e+00 -1.3425727196277952e+00  6.7352520980410202e-01 -7.2286153933301411e-01 -4.1391313060718782e-01  7.3097179378521770e-01 -5.7148405255358881e-01 -4.8234288468208886e-01  8.8931578073378903e-01 -5.2364557935864486e-01 -2.1495203281860062e-01  2.6969352041176664e-01 -1.1750533178736608e-01 -1.1525177045327410e+00  4.7218464490917716e-01 -2.9074989448549771e-01 -3.0229839986734724e-01  -2.5594584747067822e-01 -7.1309219791065059e-01 -1.5511006138118575e+00  7.5035775560522142e-02 6.0008283158475666e-02 -8.2051356155779287e-01  3.7973795182482861e-01 -2.0988972920863994e-01 -5.1765682525706636e-01  7.9934518939190502e-01 -6.6948763690981050e-01 -2.8903480269465920e-01  6.7479285487402818e-01 -5.4356609672222622e-01 -2.6830577795688437e-01  4.9415847031750637e-01 -1.4305806066935858e-01 -5.0489175562921418e-01  1.7471138010839107e-01 -2.8411596531017341e-01 -7.5603211094051703e-01  -2.8923199666405025e-01 -6.4048077520801294e-01 -4.5517261021855315e-01  7.2558276780001441e-01 -5.4448833863660329e-01 2.2550942491201664e-01  -1.2314323137917749e+00 -5.4047982319570853e-01 -2.2839186011536072e+00  -4.4029799514974871e-01 -8.6613568193024348e-01 -1.9153467233877948e+00  2.1436597284632763e-01 -7.2360114080662274e-01 -1.0655402427234952e+00  9.8356543323104606e-01 -7.0744145012962034e-01 -3.9265105021450469e-01  9.1993535184277830e-01 -4.3913612045208722e-01 -2.5447954188345157e-01  1.0810541878883553e+00 -3.5275161087441176e-01 -5.4870586687548095e-01  7.6500804091243846e-01 -5.4758085850411953e-01 -3.8647947133939192e-01  -7.5823933074991579e-01 -3.9686178624441376e-01 4.7690937651431876e-02  5.1389255961623126e-01 1.4318760572281656e-02 -3.7024192965387259e-01  7.1043669913028917e-01 -4.3850852780871902e-01 -3.9514442002718708e-01  7.6791941004182362e-01 -1.9089594667316781e-01 -1.8162306719303492e-01  4.3241583374475967e-01 -3.9161214971627428e-01 -6.7381767571539275e-01  7.5893183296179889e-01 -2.3964408240186030e-01 -2.4803861887869058e-01  -8.5804929977384170e-01 -2.6060052322701371e-01 -1.1753884813480231e+00  -1.1986114265608627e+00 -6.2444064503426189e-01 -1.8387323597154461e+00  -1.3555190001618572e-01 -1.0193173368492425e+00 -2.1724168329623263e+00  -2.2630619154337484e-01 -1.1468305837302091e+00 -2.2205674248385661e+00  -8.2288657744101601e-01 -7.5505975949411530e-01 -2.0811615088249935e+00  5.7610329022868523e-01 -2.8007613303384771e-01 -1.6273173265004595e-01  7.8355424369669446e-01 -5.8833373757150764e-01 2.7968229722979882e-01  -9.0223332740009491e-03 -5.1437426869294833e-01 8.7684632378711283e-02  8.3930132467518215e-01 -6.7497404163581265e-01 -9.0198602746384637e-02  -9.9216132985393879e-01 -1.5236667218904731e-01 -1.2911449191220579e+00  -1.2393916887226821e+00 -5.8753085150707218e-01 -1.4228839361162267e+00  -8.9954930321733750e-01 -3.9649110894204709e-01 -1.2013729471769126e+00  -1.0651271417685071e+00 -2.8216792125107037e-01 -1.4535470348149151e+00  -4.2866852049917709e-01 -6.5867575450470828e-01 -9.8046533439793926e-01  -7.9064052252688721e-01 -7.9869455562501646e-01 -1.3879947401324944e+00  -1.1525146197894365e+00 -5.5722527958483326e-01 -1.2374877911218367e+00  -1.2742625208656180e+00 -6.5498341471119714e-01 -1.3663481515253653e+00  8.9945940439798655e-01 -4.5621055862568294e-01 -2.1091412785170605e-01  7.8436899305350816e-01 -1.7997566384895189e-01 -4.0634994871876545e-01  8.2803155943539386e-01 -6.4870210365408498e-01 -2.8586879474310534e-01  7.7055950581454213e-01 -4.9294706002845842e-02 -4.0723076055436963e-01  -1.1722732595828242e+00 -6.8433098723570274e-01 -1.0409109193055479e+00  9.1359920193435795e-01 -6.6067905697998230e-01 -6.0861794288530349e-02  9.4509341488249277e-01 -5.8783606896453933e-01 -3.2383178016233044e-01  8.8561214883426609e-01 -7.1799905317498303e-01 -1.2602228754590200e-01  5.4202826121487435e-01 -6.6519073718157817e-01 -3.1231721585604955e-01  8.6825997171232816e-01 -6.4762738777105000e-01 -5.9488563092450719e-01  -9.5208833418566208e-01 -4.1239455403702457e-01 -9.6472055620576547e-01  -1.2145029177644613e+00 -6.3321372326657599e-01 -1.2056870632191858e+00  -5.3439362293640880e-01 -5.4336600045126260e-01 -1.3425466667889621e+00  -6.0509596661790088e-01 -9.5905582088035524e-01 -1.7286672979523408e+00  -1.0117849523588167e+00 -6.5202882395546202e-01 -5.6624256571786102e-01  -1.0152085213810444e+00 -7.7574420430382651e-01 -1.5289965896836248e+00  -3.0931379113106072e-01 -7.5434204841567754e-01 -1.1076183340996577e+00  -7.5818742887042223e-01 -2.3272999936644020e-01 -7.6819913314089616e-01  6.7867681589874873e-01 -6.6625262261005280e-01 -8.8657955838194336e-01  6.9497457877175084e-01 -2.8336233851682829e-01 -4.5337923615984316e-01  9.1222450412738854e-01 -7.5849596079890491e-01 -8.9194310032718360e-01  1.0936578541688009e+00 -5.6254516996803927e-01 -5.3633976141125639e-01  -6.6487924854879121e-01 -7.4951528556429681e-01 -1.6635547876351831e+00  -1.2090101546331077e-02 -1.0563800852022662e+00 -1.5973946320734516e+00  6.8071511068339419e-01 -5.4942935136288606e-01 -3.5926922984327492e-01  8.6245892167474114e-01 -8.5277202236246474e-01 9.9204298037956926e-02  7.5258991443950796e-01 -5.1685596698659031e-01 9.9471285672559279e-02  7.0514520686914550e-01 -5.8280515909985098e-01 -4.3170850390369331e-01  9.2636453136728891e-01 -5.1078484829901794e-01 -3.0522733565495602e-01  -9.4625958081264905e-01 -3.7868199838022754e-01 -1.2438245051511465e+00  1.1784481741766574e-01 -4.1156892715603716e-01 -1.1239077524631158e+00  -1.0647396505798004e+00 -6.4631703912883420e-01 -1.2582508736868236e+00  </DataArray> 
</PointData> 
</Piece>
</UnstructuredGrid>
</VTKFile>