OFF
3208	6416	0
53.2227999999999994	156.2930000000000064	91.3281999999999954
53.2854999999999990	164.7649999999999864	88.4569000000000045
53.7312000000000012	155.2510000000000048	96.9656999999999982
53.8733999999999966	165.4569999999999936	94.8859999999999957
54.0399000000000029	146.8019999999999925	93.7852000000000032
54.0778000000000034	171.3919999999999959	85.5150000000000006
54.5093000000000032	161.3789999999999907	100.8149999999999977
54.5384999999999991	173.8050000000000068	90.8639000000000010
54.7441000000000031	153.4600000000000080	102.0400000000000063
54.8081999999999994	146.3789999999999907	99.4429999999999978
54.9151000000000025	162.8569999999999993	84.1603999999999957
55.0743000000000009	168.8580000000000041	99.6958000000000055
55.1107000000000014	156.0320000000000107	86.0412000000000035
55.7334999999999994	174.9089999999999918	96.7800000000000011
55.7396999999999991	137.6980000000000075	96.5528000000000048
55.7845999999999975	180.3199999999999932	87.5622000000000043
55.8049000000000035	146.2829999999999870	87.8014000000000010
56.0427999999999997	158.2210000000000036	107.5169999999999959
56.0703000000000031	137.8160000000000025	89.0883999999999929
56.2556999999999974	167.1270000000000095	106.1740000000000066
56.2800999999999974	168.0070000000000050	83.5780000000000030
56.3126999999999995	146.1299999999999955	106.2369999999999948
56.5227999999999966	176.3240000000000123	83.7442999999999955
56.6268999999999991	137.8770000000000095	102.3209999999999980
56.9787000000000035	181.9569999999999936	93.7544000000000040
57.0090000000000003	175.4070000000000107	101.8970000000000056
57.3877999999999986	149.6779999999999973	112.6299999999999955
57.4579999999999984	164.3729999999999905	112.6850000000000023
57.6824999999999974	157.0989999999999895	115.0049999999999955
57.7002999999999986	174.1299999999999955	106.6280000000000001
57.9924000000000035	128.1330000000000098	94.5306999999999960
58.0921000000000021	181.6069999999999993	99.1499000000000024
58.1011999999999986	136.2800000000000011	108.4539999999999935
58.1015999999999977	171.7510000000000048	111.2090000000000032
58.1101000000000028	129.3859999999999957	99.6454999999999984
58.2976999999999990	150.9490000000000123	117.5669999999999931
58.3382999999999967	140.6899999999999977	112.9839999999999947
58.6045000000000016	131.5029999999999859	87.0245000000000033
58.8215999999999966	163.6080000000000041	118.4129999999999967
58.8305999999999969	144.0960000000000036	117.6159999999999997
58.8969000000000023	130.0049999999999955	105.1119999999999948
58.9172999999999973	189.0260000000000105	90.4120999999999952
59.1060000000000016	170.6380000000000052	115.9749999999999943
59.1494000000000000	155.4910000000000139	121.4489999999999981
59.1627000000000010	160.6930000000000121	85.8992999999999967
59.2415000000000020	184.7719999999999914	84.3726000000000056
59.4119000000000028	136.1570000000000107	86.9337000000000018
59.5975999999999999	178.7940000000000111	109.6500000000000057
59.6976999999999975	147.5250000000000057	123.0990000000000038
59.9832999999999998	129.6469999999999914	110.1029999999999944
60.2394000000000034	188.5000000000000000	97.4385999999999939
60.2597999999999985	132.3700000000000045	114.2399999999999949
60.3284999999999982	152.6959999999999980	87.8354999999999961
60.3723999999999990	165.0800000000000125	123.6899999999999977
60.3783000000000030	140.5389999999999873	122.4800000000000040
60.3783999999999992	178.0600000000000023	113.8810000000000002
60.4132000000000033	127.1970000000000027	89.3576999999999941
60.5024999999999977	135.8029999999999973	118.7289999999999992
60.7083000000000013	157.6040000000000134	127.7259999999999991
60.8564000000000007	191.4519999999999982	85.3178999999999945
61.0257999999999967	174.8069999999999879	84.9668999999999954
61.1291999999999973	185.5109999999999957	104.6850000000000023
61.1413999999999973	120.1089999999999947	97.7861999999999938
61.1503999999999976	172.1999999999999886	122.4470000000000027
61.2254000000000005	121.9090000000000060	102.9579999999999984
61.2811000000000021	147.4790000000000134	129.8040000000000020
61.3423000000000016	154.8209999999999980	132.1440000000000055
61.5138000000000034	178.0920000000000130	118.2680000000000007
61.5349999999999966	166.8060000000000116	86.6205999999999960
61.6959000000000017	119.7480000000000047	91.6397000000000048
61.7186999999999983	123.5639999999999930	108.3250000000000028
61.8399000000000001	139.0550000000000068	127.1479999999999961
61.9085999999999999	144.0130000000000052	89.1865999999999985
62.1306999999999974	163.2620000000000005	132.6490000000000009
62.2627999999999986	157.1959999999999980	136.2309999999999945
62.3205999999999989	148.2870000000000061	134.6080000000000041
62.5748000000000033	124.9560000000000031	113.8439999999999941
62.6876000000000033	132.2649999999999864	123.9819999999999993
62.7147999999999968	170.6699999999999875	128.4449999999999932
62.7479000000000013	185.7090000000000032	111.3100000000000023
63.0484999999999971	139.1719999999999970	131.9139999999999873
63.1687999999999974	196.0699999999999932	87.8777999999999935
63.2732000000000028	195.7740000000000009	94.6911999999999949
63.3575999999999979	165.1860000000000070	137.5140000000000100
63.4328999999999965	150.5029999999999859	140.0140000000000100
63.4802999999999997	126.6370000000000005	119.6560000000000059
63.5703999999999994	159.1339999999999861	141.2230000000000132
63.6353999999999971	179.3789999999999907	124.0169999999999959
63.8547000000000011	185.5060000000000002	116.0250000000000057
64.1475999999999971	116.9590000000000032	106.5729999999999933
64.1543000000000063	135.2359999999999900	90.2699000000000069
64.3349999999999937	150.5560000000000116	91.2894000000000005
64.3378000000000014	130.9530000000000030	129.2690000000000055
64.3516999999999939	139.6599999999999966	137.9089999999999918
64.6563000000000017	195.3060000000000116	100.3319999999999936
64.6747000000000014	152.6299999999999955	145.5180000000000007
64.9605999999999995	166.4890000000000043	142.4209999999999923
65.0331000000000046	143.2980000000000018	144.1419999999999959
65.1021999999999963	117.7030000000000030	111.6779999999999973
65.1066000000000003	132.0109999999999957	133.9799999999999898
65.1433999999999997	173.7520000000000095	134.6069999999999993
65.2039000000000044	160.5049999999999955	90.7352999999999952
65.2954000000000008	112.3559999999999945	95.9163999999999959
65.4073000000000064	171.4710000000000036	139.3919999999999959
65.4213000000000022	185.3710000000000093	121.7549999999999955
65.4673999999999978	161.3149999999999977	146.5790000000000077
65.5108000000000033	189.2460000000000093	84.4960999999999984
65.5460000000000065	112.5889999999999986	101.9680000000000035
65.6717000000000013	192.5360000000000014	108.9800000000000040
65.9265999999999934	135.4099999999999966	142.6800000000000068
65.9347000000000065	118.8100000000000023	90.3187000000000069
65.9401000000000010	123.6179999999999950	126.0289999999999964
65.9624000000000024	118.7630000000000052	117.0540000000000020
66.0019999999999953	171.4890000000000043	88.9548999999999950
66.1517000000000053	144.2649999999999864	149.9749999999999943
66.1582999999999970	155.0219999999999914	150.7609999999999957
66.3794000000000040	113.8499999999999943	91.6401000000000039
66.4660999999999973	129.9919999999999902	138.8470000000000084
66.4702000000000055	127.3750000000000000	91.1012000000000057
66.4776999999999987	136.7069999999999936	146.9639999999999986
66.9142999999999972	181.5550000000000068	130.2299999999999898
66.9715999999999951	149.7439999999999998	156.1229999999999905
67.0280999999999949	143.1140000000000043	93.5964000000000027
67.0391000000000048	196.6359999999999957	105.1940000000000026
67.1221000000000032	181.8909999999999911	86.7116999999999933
67.3589999999999947	156.1980000000000075	155.6560000000000059
67.5152999999999963	117.8199999999999932	123.3799999999999955
67.5515999999999934	129.6579999999999870	144.8389999999999986
67.5887000000000029	139.9910000000000139	155.4639999999999986
67.5948999999999955	110.9030000000000058	108.5210000000000008
67.6145999999999958	169.5900000000000034	147.4610000000000127
67.6422000000000025	123.3139999999999930	134.4079999999999870
67.6897000000000020	202.2129999999999939	92.3413000000000039
67.7216999999999985	146.4679999999999893	159.3079999999999927
67.8432999999999993	174.2729999999999961	143.5159999999999911
67.8949000000000069	191.5039999999999907	118.0510000000000019
67.9852000000000061	201.0840000000000032	88.1667999999999950
68.2968000000000046	154.6020000000000039	160.2129999999999939
68.3195000000000050	132.2439999999999998	151.0409999999999968
68.3419999999999987	194.0180000000000007	113.6159999999999997
68.4082999999999970	202.0289999999999964	97.1277000000000044
68.4390999999999963	165.1879999999999882	153.0860000000000127
68.4942999999999955	124.1119999999999948	141.3300000000000125
68.5397999999999996	111.2300000000000040	114.1910000000000025
68.7001000000000062	196.4219999999999970	85.5260999999999996
68.7160999999999973	179.1390000000000100	139.5279999999999916
68.8293000000000035	132.6879999999999882	93.9114000000000004
68.8550000000000040	187.9819999999999993	126.5220000000000056
68.8640000000000043	161.1759999999999877	158.3590000000000089
68.9788000000000068	117.0649999999999977	130.0209999999999866
69.0347000000000008	153.1440000000000055	95.0799999999999983
69.3058000000000050	111.7319999999999993	120.7620000000000005
69.3761999999999972	138.6129999999999995	161.7729999999999961
69.4886999999999944	149.7160000000000082	165.0209999999999866
69.8906000000000063	202.1129999999999995	101.7300000000000040
70.0033999999999992	106.1770000000000067	98.8969000000000023
70.0044999999999931	109.1500000000000057	94.4291999999999945
70.0525999999999982	130.4670000000000130	157.1740000000000066
70.0669000000000040	123.3020000000000067	147.1970000000000027
70.1346999999999952	184.5149999999999864	135.1620000000000061
70.2711000000000041	111.7740000000000009	127.1680000000000064
70.4518000000000058	161.1539999999999964	163.4770000000000039
70.4689999999999941	192.5709999999999980	122.1179999999999950
70.4933000000000050	104.9669999999999987	104.7950000000000017
70.6180999999999983	199.5000000000000000	109.1580000000000013
70.6317999999999984	174.0070000000000050	151.3950000000000102
70.8084000000000060	123.0049999999999955	93.8049000000000035
70.8983999999999952	140.1279999999999859	168.5989999999999895
70.9685999999999950	118.3469999999999942	142.3559999999999945
71.0541999999999945	148.7589999999999861	171.5120000000000005
71.1007000000000033	156.9399999999999977	169.0960000000000036
71.1405000000000030	168.4180000000000064	159.1339999999999861
71.1880000000000024	104.2279999999999944	110.8059999999999974
71.2286000000000001	178.0360000000000014	148.0329999999999870
71.4592999999999989	138.4699999999999989	97.0386000000000024
71.4937000000000040	114.3430000000000035	93.4671000000000021
71.5767000000000024	168.8720000000000141	93.6483999999999952
71.6196999999999946	202.6100000000000136	105.5000000000000000
71.6787999999999954	114.5090000000000003	137.3990000000000009
71.9651000000000067	103.9389999999999930	117.9470000000000027
71.9839999999999947	154.7580000000000098	173.8590000000000089
72.0926000000000045	177.0039999999999907	91.3832000000000022
72.1526999999999958	122.0480000000000018	153.5389999999999873
72.2359000000000009	126.6020000000000039	162.2750000000000057
72.2878999999999934	146.8830000000000098	98.0756999999999977
72.3152000000000044	141.3230000000000075	174.9350000000000023
72.3636999999999944	190.8890000000000100	86.5318999999999932
72.3759000000000015	110.3649999999999949	133.0099999999999909
72.4128000000000043	129.9749999999999943	167.1860000000000070
72.4414000000000016	182.7740000000000009	144.1959999999999980
72.4812000000000012	105.0690000000000026	124.8509999999999991
72.5888000000000062	190.4830000000000041	131.0130000000000052
72.7532000000000068	122.8239999999999981	158.4879999999999995
72.7652999999999963	175.1810000000000116	155.6320000000000050
72.9598000000000013	161.5910000000000082	96.3961000000000041
72.9848999999999961	132.7889999999999873	172.4219999999999970
72.9885000000000019	106.4629999999999939	129.4850000000000136
73.0330000000000013	149.7139999999999986	178.2930000000000064
73.0437000000000012	165.8629999999999995	168.1779999999999973
73.0687999999999960	161.4960000000000093	172.8619999999999948
73.5502999999999929	116.1340000000000003	148.8600000000000136
73.5952999999999946	171.1649999999999920	163.6479999999999961
73.6600999999999999	157.8530000000000086	177.4869999999999948
73.6944000000000017	207.5399999999999920	92.2831999999999937
73.9187000000000012	134.2199999999999989	177.7429999999999950
73.9453000000000031	187.6810000000000116	139.8520000000000039
74.0451999999999941	198.4979999999999905	117.6449999999999960
74.0811000000000064	141.0829999999999984	181.4019999999999868
74.1012000000000057	104.2879999999999967	97.5631000000000057
74.2198000000000064	207.2050000000000125	98.9395999999999987
74.3201999999999998	98.8653000000000048	107.2879999999999967
74.5161999999999978	176.0649999999999977	159.8379999999999939
74.7102000000000004	181.3019999999999925	152.3870000000000005
74.7985999999999933	128.4670000000000130	97.9890000000000043
74.8656000000000006	111.4980000000000047	144.7079999999999984
75.0373000000000019	118.3199999999999932	162.0269999999999868
75.0533999999999963	204.1740000000000066	87.1093999999999937
75.0688999999999993	123.7819999999999965	171.7319999999999993
75.0815000000000055	97.1270999999999987	112.4539999999999935
75.1021999999999963	100.6230000000000047	101.8059999999999974
75.1256000000000057	116.5879999999999939	157.5970000000000084
75.1428999999999974	156.3489999999999895	182.3369999999999891
75.1449999999999960	120.3739999999999952	166.9120000000000061
75.1576000000000022	206.6299999999999955	103.3139999999999930
75.1842000000000041	185.0070000000000050	89.7623999999999995
75.2201000000000022	148.7199999999999989	185.0120000000000005
75.2240000000000038	155.1570000000000107	99.2116999999999933
75.2326999999999941	127.6760000000000019	177.3290000000000077
75.2991999999999990	191.7110000000000127	135.5360000000000014
75.3876000000000062	165.0140000000000100	176.5279999999999916
75.5673000000000030	195.8269999999999982	126.6959999999999980
75.6227999999999980	161.9619999999999891	180.2139999999999986
75.6628999999999934	108.6310000000000002	96.4608999999999952
75.7159999999999940	132.1510000000000105	182.9000000000000057
75.7172000000000054	169.4350000000000023	172.2249999999999943
75.7582000000000022	96.0414999999999992	117.1059999999999945
75.9553999999999974	116.9000000000000057	96.8559000000000054
76.0288999999999930	99.9094000000000051	128.4170000000000016
76.0712999999999937	202.7630000000000052	112.6069999999999993
76.1627000000000010	205.5349999999999966	107.7199999999999989
76.2048000000000059	103.2060000000000031	134.0329999999999870
76.2552000000000021	112.8810000000000002	153.6779999999999973
76.3165999999999940	138.4780000000000086	187.7609999999999957
76.5350999999999999	185.9910000000000139	148.6670000000000016
76.6069999999999993	174.5430000000000064	167.7690000000000055
76.6848999999999990	105.9899999999999949	140.2259999999999991
76.7381000000000029	95.8590999999999980	122.3329999999999984
77.0692999999999984	139.4540000000000077	100.9339999999999975
77.1791000000000054	148.9910000000000139	101.1410000000000053
77.2087999999999965	149.1380000000000052	190.6819999999999879
77.2759999999999962	109.3910000000000053	149.8940000000000055
77.3092000000000041	111.8979999999999961	159.3439999999999941
77.3723999999999990	157.5279999999999916	187.4579999999999984
77.4689000000000050	120.1080000000000041	176.8660000000000139
77.7546999999999997	163.7620000000000005	183.9629999999999939
77.8366999999999933	180.9019999999999868	93.0827000000000027
77.8855999999999966	198.7239999999999895	86.5698000000000008
78.0088999999999970	175.0900000000000034	95.3684999999999974
78.0216999999999956	115.3269999999999982	171.8290000000000077
78.0387999999999948	179.8379999999999939	163.0300000000000011
78.0657000000000068	122.7289999999999992	182.3729999999999905
78.0854999999999961	139.2539999999999907	193.8880000000000052
78.1346000000000060	168.3189999999999884	180.2589999999999861
78.3856999999999999	190.5149999999999864	144.3319999999999936
78.5140999999999991	111.3280000000000030	166.1939999999999884
78.6109000000000009	183.6639999999999873	157.3199999999999932
78.6773000000000025	125.8509999999999991	187.5840000000000032
78.7433000000000050	172.4639999999999986	176.2549999999999955
78.7515999999999963	150.1059999999999945	195.8379999999999939
78.8366999999999933	130.7760000000000105	192.6949999999999932
78.8529999999999944	108.3629999999999995	161.4660000000000082
78.9278999999999940	102.9200000000000017	99.6731000000000051
78.9393000000000029	107.3910000000000053	154.0670000000000073
79.0353000000000065	93.4244000000000057	109.1500000000000057
79.2193999999999932	104.2939999999999969	146.7920000000000016
79.2403999999999940	168.4629999999999939	98.0070000000000050
79.3374000000000024	200.9660000000000082	121.9479999999999933
79.5083000000000055	96.9084000000000003	104.0390000000000015
79.5215000000000032	142.4000000000000057	199.0980000000000132
79.5914999999999964	194.5049999999999955	139.0000000000000000
79.9010999999999996	187.8859999999999957	152.6790000000000020
79.9238000000000000	209.8919999999999959	88.4416999999999973
79.9317000000000064	177.1970000000000027	172.0850000000000080
79.9438999999999993	95.8359999999999985	132.3600000000000136
79.9680000000000035	159.9329999999999927	193.0920000000000130
80.1363000000000056	104.5639999999999930	158.1839999999999975
80.1921999999999997	151.5699999999999932	200.3129999999999882
80.2001000000000062	211.8189999999999884	96.5728000000000009
80.2026000000000039	132.8110000000000070	197.9619999999999891
80.3007999999999953	209.9019999999999868	103.0999999999999943
80.3251999999999953	112.3829999999999956	176.1920000000000073
80.3534999999999968	89.8736999999999995	118.4150000000000063
80.4481999999999999	192.5389999999999873	88.7072000000000003
80.4542000000000002	157.6709999999999923	197.6430000000000007
80.5559999999999974	92.2725999999999971	126.7259999999999991
80.6289000000000016	161.8079999999999927	100.4959999999999951
80.7052000000000049	103.0990000000000038	152.2609999999999957
80.7069000000000045	119.1069999999999993	100.7840000000000060
80.7360999999999933	104.1800000000000068	162.8209999999999980
80.7647000000000048	166.7680000000000007	188.5869999999999891
80.7818000000000040	97.6967999999999961	138.2750000000000057
80.7943999999999960	109.7229999999999990	99.7931999999999988
80.8547999999999973	114.0769999999999982	180.7160000000000082
81.0078000000000031	145.1430000000000007	203.5200000000000102
81.1157999999999930	123.8599999999999994	194.3290000000000077
81.1851000000000056	198.1109999999999900	132.5699999999999932
81.3179999999999978	212.7100000000000080	91.8533999999999935
81.3289000000000044	108.4419999999999931	172.7659999999999911
81.3509999999999991	135.8739999999999952	202.6639999999999873
81.3829000000000065	90.1479999999999961	114.0799999999999983
81.4595999999999947	171.6229999999999905	184.4259999999999877
81.5189000000000021	115.6979999999999933	185.6649999999999920
81.5666999999999973	128.4619999999999891	102.6310000000000002
81.6667999999999950	154.5219999999999914	102.4899999999999949
81.9013000000000062	98.0097999999999985	143.8689999999999998
81.9424000000000063	182.4710000000000036	167.5649999999999977
82.0433000000000021	153.8029999999999973	204.3689999999999998
82.2637000000000000	100.0990000000000038	161.1090000000000089
82.2903000000000020	175.5709999999999980	180.3460000000000036
82.3430000000000035	186.9840000000000089	92.1092000000000013
82.3567000000000036	160.0560000000000116	201.2750000000000057
82.5336000000000070	145.8950000000000102	103.7500000000000000
82.5381000000000000	115.9410000000000025	190.1100000000000136
82.5912000000000006	148.1090000000000089	207.1479999999999961
82.6397999999999939	126.4509999999999934	201.3309999999999889
82.6889999999999930	103.9779999999999944	169.2700000000000102
82.7061000000000064	139.7789999999999964	207.1810000000000116
82.8850000000000051	97.8731999999999971	153.7280000000000086
83.1020999999999930	96.7574000000000041	148.4900000000000091
83.1693000000000069	94.0116000000000014	106.5600000000000023
83.1786000000000030	107.5769999999999982	178.2299999999999898
83.3148999999999944	87.8456999999999937	121.7650000000000006
83.4429999999999978	165.6560000000000059	197.7350000000000136
83.4903000000000048	89.7840999999999951	130.0790000000000077
83.5762000000000000	129.9259999999999877	206.3600000000000136
83.5802999999999940	179.5740000000000123	176.3689999999999998
83.5815999999999946	116.1800000000000068	194.4739999999999895
83.8890999999999991	193.1579999999999870	149.1129999999999995
84.0734000000000066	181.5070000000000050	95.4448000000000008
84.1611999999999938	206.5680000000000121	116.3199999999999932
84.2086999999999932	107.9530000000000030	183.4420000000000073
84.2374999999999972	202.4790000000000134	126.5699999999999932
84.2588999999999970	155.6570000000000107	208.4360000000000070
84.2913999999999959	102.9980000000000047	102.6419999999999959
84.3292000000000002	117.9929999999999950	199.3089999999999975
84.3371000000000066	209.3859999999999957	109.4560000000000031
84.3537000000000035	95.9926999999999992	160.4219999999999970
84.5294999999999987	170.6829999999999927	193.4459999999999980
84.6047999999999973	196.6279999999999859	143.1270000000000095
84.6390999999999991	134.1690000000000111	210.8899999999999864
84.7232999999999947	206.5699999999999932	86.8999000000000024
84.7683999999999997	102.9449999999999932	174.9019999999999868
84.7814000000000050	91.5361000000000047	141.2079999999999984
84.7877000000000010	89.7657999999999987	135.3050000000000068
84.9425999999999988	146.5080000000000098	212.0089999999999861
84.9796000000000049	98.1731000000000051	166.2110000000000127
85.0528000000000048	108.1179999999999950	188.1289999999999907
85.0571000000000055	199.1560000000000059	137.9339999999999975
85.0816999999999979	136.4459999999999980	104.9729999999999990
85.1769000000000034	91.5716000000000037	147.6299999999999955
85.3905000000000030	175.1769999999999925	188.9410000000000025
85.4462999999999937	91.5361000000000047	154.4950000000000045
85.5280999999999949	162.5949999999999989	207.0819999999999936
85.5931000000000068	119.8340000000000032	205.1980000000000075
85.5991000000000071	188.4979999999999905	162.1479999999999961
85.6697000000000060	119.9509999999999934	104.2069999999999936
85.7690000000000055	111.3709999999999951	103.4809999999999945
85.8114000000000061	108.5960000000000036	192.5639999999999930
85.8187000000000069	184.1759999999999877	172.3089999999999975
85.8459000000000003	90.6082999999999998	110.5559999999999974
85.9667000000000030	125.0100000000000051	210.4120000000000061
86.0123999999999995	97.8315000000000055	105.1380000000000052
86.1222000000000065	168.0260000000000105	202.3859999999999957
86.2129000000000048	136.3729999999999905	215.2270000000000039
86.2664000000000044	92.0507999999999953	159.2599999999999909
86.2736000000000018	110.5360000000000014	197.3019999999999925
86.3538000000000068	102.1039999999999992	180.5089999999999861
86.4354000000000013	215.1899999999999977	94.8855999999999966
86.5476000000000028	178.9110000000000014	184.5980000000000132
86.5614999999999952	113.1710000000000065	201.7239999999999895
86.5768999999999949	199.2959999999999923	87.7637000000000000
86.6243000000000052	192.3739999999999952	155.3340000000000032
86.6654999999999944	85.9433999999999969	117.6110000000000042
86.7061999999999955	98.1064999999999969	171.6860000000000070
86.7322000000000060	212.3549999999999898	103.8119999999999976
86.8782000000000068	214.0879999999999939	98.8877999999999986
87.0173000000000059	144.2599999999999909	217.2709999999999866
87.0327000000000055	129.2849999999999966	215.3350000000000080
87.2068000000000012	159.2170000000000130	212.4859999999999900
87.2128000000000014	86.6718000000000046	143.6430000000000007
87.3175999999999988	85.3772000000000020	125.8460000000000036
87.3199000000000041	213.2549999999999955	88.5327999999999946
87.3657999999999930	175.2669999999999959	98.8649000000000058
87.4116000000000071	101.4320000000000022	185.7030000000000030
87.5413999999999959	167.9449999999999932	206.4929999999999950
87.6350000000000051	167.3899999999999864	101.5780000000000030
87.7301999999999964	182.1589999999999918	180.4410000000000025
87.7725999999999971	85.3169000000000040	148.6620000000000061
87.9838000000000022	159.9950000000000045	103.6170000000000044
88.0426999999999964	85.2225999999999999	139.4650000000000034
88.0614999999999952	153.7899999999999920	217.1579999999999870
88.1106999999999942	193.4859999999999900	90.5413999999999959
88.1234000000000037	101.6050000000000040	190.5449999999999875
88.1996000000000038	97.3378000000000014	177.2079999999999984
88.2501000000000033	84.4604999999999961	130.8810000000000002
88.3191999999999950	123.1490000000000009	215.0449999999999875
88.3837999999999937	85.3071999999999946	153.6889999999999930
88.4037000000000006	151.6899999999999977	105.2459999999999951
88.5186000000000064	103.5169999999999959	195.6020000000000039
88.5912000000000006	111.4749999999999943	206.0010000000000048
88.6419000000000068	106.9890000000000043	200.9370000000000118
88.6606000000000023	135.9699999999999989	220.2980000000000018
88.9445999999999941	116.4030000000000058	211.4650000000000034
88.9719999999999942	189.0020000000000095	168.0380000000000109
89.1343999999999994	90.9843999999999937	164.0629999999999882
89.1979000000000042	147.0790000000000077	221.6040000000000134
89.3840000000000003	82.4070999999999998	144.0459999999999923
89.5070000000000050	86.5246000000000066	158.1630000000000109
89.5153999999999996	104.1400000000000006	106.2590000000000003
89.5632999999999981	174.9579999999999984	198.8600000000000136
89.5660000000000025	95.7351000000000028	182.7829999999999870
89.6479000000000070	188.2609999999999957	93.9454000000000065
89.7206999999999937	185.6999999999999886	176.6320000000000050
89.7730999999999995	87.3383000000000038	114.1860000000000070
89.8006000000000029	207.4219999999999970	121.7530000000000001
89.9385000000000048	143.1680000000000064	106.6839999999999975
90.0478999999999985	91.7810000000000059	168.8629999999999995
90.1610000000000014	178.8060000000000116	193.4780000000000086
90.3276000000000039	82.1672999999999973	135.2369999999999948
90.3402999999999992	126.0370000000000061	106.9899999999999949
90.3841000000000037	96.0759000000000043	108.9140000000000015
90.4026000000000067	202.7299999999999898	135.0269999999999868
90.4284999999999997	169.0329999999999870	210.7050000000000125
90.4531000000000063	95.1873999999999967	188.2359999999999900
90.5490000000000066	125.2560000000000002	220.6310000000000002
90.6038000000000068	198.8679999999999950	146.4350000000000023
90.6149999999999949	204.2069999999999936	130.1779999999999973
90.6372000000000071	216.4569999999999936	91.7211999999999961
90.6927000000000021	83.7950000000000017	120.9350000000000023
90.7750000000000057	139.3290000000000077	225.5420000000000016
90.8315999999999946	96.9621999999999957	193.7259999999999991
90.8662000000000063	91.7623999999999995	173.9699999999999989
90.8870000000000005	173.7259999999999991	205.0039999999999907
91.0271000000000043	100.3859999999999957	199.6020000000000039
91.1156000000000006	131.2170000000000130	224.5240000000000009
91.1189999999999998	181.9410000000000025	189.0329999999999870
91.1521000000000043	114.2669999999999959	107.0969999999999942
91.1796999999999969	104.6269999999999953	205.6349999999999909
91.3536000000000001	157.5229999999999961	222.2860000000000014
91.3868999999999971	117.3799999999999955	217.7350000000000136
91.4791000000000025	164.7470000000000141	217.3350000000000080
91.5292000000000030	108.8269999999999982	211.1769999999999925
91.6063999999999936	201.6080000000000041	140.6690000000000111
91.7616000000000014	90.6127999999999929	179.3149999999999977
91.8171999999999997	197.4230000000000018	151.3329999999999984
91.8281000000000063	149.3189999999999884	226.5900000000000034
92.0373000000000019	206.5389999999999873	126.2079999999999984
92.1346999999999952	183.2930000000000064	97.0661000000000058
92.1915000000000049	112.0270000000000010	215.5730000000000075
92.1948000000000008	79.6975000000000051	152.3979999999999961
92.2964999999999947	78.3867999999999938	146.0000000000000000
92.3153999999999968	90.8020999999999958	112.0060000000000002
92.7078000000000060	212.0449999999999875	112.4500000000000028
92.7267999999999972	141.5759999999999934	229.7299999999999898
92.9358000000000004	211.1649999999999920	86.9796999999999940
92.9645000000000010	78.6466000000000065	139.6659999999999968
92.9802999999999997	133.0229999999999961	229.0480000000000018
93.0674999999999955	210.9170000000000016	116.9729999999999990
93.1178000000000026	198.4230000000000018	89.0120000000000005
93.1534999999999940	186.9209999999999923	180.1510000000000105
93.2751999999999981	216.7750000000000057	96.0391000000000048
93.3468000000000018	124.8479999999999990	226.5279999999999916
93.3713000000000051	90.4945000000000022	191.8089999999999975
93.4497999999999962	93.9475000000000051	197.8470000000000084
93.4711999999999961	85.7587000000000046	164.2980000000000018
93.6526999999999958	97.9985000000000070	204.4850000000000136
93.6570999999999998	87.5257000000000005	185.5490000000000066
93.7557999999999936	80.1113000000000000	130.1630000000000109
93.7570999999999941	135.4250000000000114	108.3610000000000042
93.7634999999999934	117.9659999999999940	223.3689999999999998
93.8332000000000050	185.5250000000000057	184.4780000000000086
93.9724999999999966	195.2069999999999936	159.3069999999999879
93.9849999999999994	102.3769999999999953	211.0579999999999927
94.0225999999999971	190.3720000000000141	172.6490000000000009
94.0263000000000062	81.4451999999999998	157.8700000000000045
94.2754999999999939	197.2379999999999995	155.0869999999999891
94.3032999999999930	111.8979999999999961	220.3720000000000141
94.3447000000000031	106.9150000000000063	216.5089999999999861
94.3949000000000069	215.2539999999999907	101.0769999999999982
94.7917999999999950	150.4859999999999900	231.3870000000000005
94.8277999999999963	204.6380000000000052	87.2249000000000052
94.9454000000000065	193.3799999999999955	166.5269999999999868
94.9609999999999985	164.8870000000000005	104.3080000000000069
94.9818999999999960	157.0279999999999916	106.1670000000000016
95.0066999999999950	213.7009999999999934	106.8089999999999975
95.1170000000000044	84.4671000000000021	175.7609999999999957
95.1721000000000004	160.0250000000000057	227.4250000000000114
95.2164999999999964	138.5010000000000048	233.9840000000000089
95.3631000000000029	184.1009999999999991	192.7930000000000064
95.3824000000000041	173.2299999999999898	214.9530000000000030
95.3876999999999953	85.1131000000000029	117.4909999999999997
95.4427000000000021	172.2040000000000077	102.1400000000000006
95.4792000000000058	84.0431999999999988	170.3269999999999982
95.5836999999999932	166.7990000000000066	223.0879999999999939
95.7727000000000004	125.6440000000000055	232.2160000000000082
95.7961999999999989	83.0293999999999954	180.5310000000000059
95.8166999999999973	148.8060000000000116	107.8329999999999984
95.9997999999999934	215.7030000000000030	88.6696000000000026
96.0965999999999951	188.9000000000000057	95.0238999999999976
96.1564000000000050	90.9590000000000032	202.3820000000000050
96.2857999999999947	87.1026999999999987	196.1090000000000089
96.2901999999999987	194.1419999999999959	91.7353999999999985
96.4311000000000007	171.3619999999999948	219.6239999999999952
96.4377999999999957	76.2373000000000047	154.0920000000000130
96.4384000000000015	111.2289999999999992	225.3650000000000091
96.4821000000000026	202.2199999999999989	144.4079999999999870
96.4852999999999952	82.0206000000000017	122.2330000000000041
96.4925000000000068	105.8649999999999949	110.4830000000000041
96.5798999999999950	180.3720000000000141	202.9190000000000111
96.6290000000000049	177.7050000000000125	209.0809999999999889
96.6303999999999945	99.9389999999999930	216.4259999999999877
96.6830000000000069	105.3769999999999953	221.4749999999999943
96.7296999999999940	76.7420999999999935	135.3919999999999959
96.8002999999999929	117.3080000000000069	230.5060000000000002
96.8025999999999982	83.3100000000000023	190.8029999999999973
96.8105999999999938	89.3692000000000064	114.5969999999999942
96.8243999999999971	94.0133000000000010	209.9230000000000018
96.8965000000000032	81.3207000000000022	163.0649999999999977
96.9090000000000060	74.4364000000000061	144.2179999999999893
96.9492999999999938	204.6829999999999927	137.0960000000000036
96.9763999999999982	141.8660000000000139	109.0229999999999961
96.9989000000000061	190.1920000000000073	177.3979999999999961
97.0831000000000017	74.5159000000000020	149.7500000000000000
97.1965000000000003	179.3249999999999886	99.7156999999999982
97.4273000000000025	183.1589999999999918	197.4370000000000118
97.4605999999999995	80.3653999999999940	185.7050000000000125
97.5461999999999989	150.6349999999999909	236.1790000000000020
97.6294999999999931	129.5000000000000000	237.5860000000000127
97.7185999999999950	201.0010000000000048	148.5169999999999959
97.8507000000000033	95.8712000000000018	112.8239999999999981
97.8772000000000020	140.0970000000000084	239.3789999999999907
98.0961999999999961	209.6529999999999916	123.7120000000000033
98.2105999999999995	211.7719999999999914	119.2840000000000060
98.2750999999999948	118.1400000000000006	110.5130000000000052
98.3388000000000062	186.9070000000000107	189.4780000000000086
98.5324999999999989	119.8580000000000041	235.9720000000000084
98.8007000000000062	109.4699999999999989	230.4639999999999986
98.8098999999999990	103.4120000000000061	226.0099999999999909
98.8615000000000066	84.1321999999999974	200.1740000000000066
98.9257000000000062	207.6299999999999955	127.9260000000000019
98.9257999999999953	199.7139999999999986	88.9441000000000059
99.0888999999999953	213.5020000000000095	114.5649999999999977
99.1008999999999958	76.6251000000000033	158.6409999999999911
99.1691000000000003	200.0020000000000095	152.7050000000000125
99.3285999999999945	91.3961999999999932	215.9569999999999936
99.3387000000000029	214.2100000000000080	110.4659999999999940
99.3936999999999955	96.3365000000000009	221.4350000000000023
99.6033000000000044	85.2365000000000066	205.9670000000000130
99.6970000000000027	205.9470000000000027	132.7920000000000016
99.7048000000000059	218.0389999999999873	92.4886999999999944
99.7814999999999941	73.7728000000000037	139.2560000000000002
99.8062999999999931	131.1020000000000039	242.3429999999999893
99.8508999999999958	128.5010000000000048	110.6650000000000063
99.8722999999999956	189.9070000000000107	181.4509999999999934
99.8953000000000060	178.7369999999999948	213.4569999999999936
99.9317000000000064	150.0169999999999959	241.0399999999999920
100.0999999999999943	76.8736999999999995	177.2439999999999998
100.1299999999999955	162.9240000000000066	232.6910000000000025
100.2309999999999945	185.7860000000000014	97.0430000000000064
100.2450000000000045	76.6985999999999990	131.2899999999999920
100.2570000000000050	204.4629999999999939	140.5949999999999989
100.2630000000000052	77.0434000000000054	172.8420000000000130
100.3239999999999981	121.7199999999999989	240.3509999999999991
100.3460000000000036	140.6229999999999905	244.0920000000000130
100.3559999999999945	73.1132000000000062	153.5339999999999918
100.4590000000000032	112.7710000000000008	236.3429999999999893
100.7309999999999945	198.9739999999999895	156.7400000000000091
100.8409999999999940	217.2170000000000130	97.6974000000000018
100.8460000000000036	85.1594999999999942	212.0029999999999859
100.9210000000000065	96.3431999999999960	226.0399999999999920
101.0139999999999958	78.3983000000000061	195.2800000000000011
101.0840000000000032	75.4514000000000067	181.5900000000000034
101.1640000000000015	170.2369999999999948	227.4490000000000123
101.3010000000000019	195.1910000000000025	168.5089999999999861
101.3520000000000039	174.3660000000000139	222.9209999999999923
101.3859999999999957	100.0280000000000058	230.0709999999999980
101.6410000000000053	75.2111000000000018	187.9130000000000109
101.7349999999999994	75.7424000000000035	168.0759999999999934
101.8259999999999934	177.5920000000000130	218.0960000000000036
101.9039999999999964	160.1289999999999907	238.2139999999999986
101.9279999999999973	162.0000000000000000	106.7750000000000057
102.1179999999999950	90.7690999999999946	115.9849999999999994
102.1560000000000059	137.1289999999999907	110.8900000000000006
102.2129999999999939	187.4559999999999889	193.8280000000000030
102.2180000000000035	169.4290000000000020	104.5550000000000068
102.2759999999999962	131.9290000000000020	246.8640000000000043
102.2870000000000061	211.3530000000000086	87.2302999999999997
102.3059999999999974	104.4509999999999934	235.0970000000000084
102.4680000000000035	83.7052999999999940	216.2350000000000136
102.4779999999999944	149.4670000000000130	245.7129999999999939
102.4879999999999995	71.7640999999999991	143.0569999999999879
102.4890000000000043	86.5780000000000030	219.8779999999999859
102.5460000000000065	122.7690000000000055	244.8449999999999989
102.7289999999999992	78.5057000000000045	126.6500000000000057
102.7429999999999950	185.0089999999999861	201.4370000000000118
102.7620000000000005	74.5353999999999957	162.9099999999999966
102.7800000000000011	193.4770000000000039	174.5310000000000059
102.7939999999999969	89.5174999999999983	224.2170000000000130
102.8130000000000024	191.3909999999999911	93.8139999999999930
102.8689999999999998	153.8679999999999950	108.9039999999999964
102.8889999999999958	182.0449999999999875	210.4660000000000082
102.9719999999999942	84.2642000000000024	119.1569999999999965
103.0739999999999981	141.2350000000000136	248.6189999999999998
103.3160000000000025	216.6659999999999968	89.0789999999999935
103.4030000000000058	113.9980000000000047	242.6250000000000000
103.4309999999999974	205.8959999999999866	136.6899999999999977
103.4689999999999941	189.7119999999999891	185.7330000000000041
103.5060000000000002	176.2119999999999891	102.0750000000000028
103.5090000000000003	215.2330000000000041	102.7390000000000043
103.5210000000000008	97.0189000000000021	115.1490000000000009
103.5370000000000061	81.0756999999999977	122.3370000000000033
103.5810000000000031	211.9799999999999898	121.1119999999999948
103.5909999999999940	91.8372999999999990	228.6370000000000005
103.6230000000000047	145.3489999999999895	110.4710000000000036
103.7849999999999966	76.2852000000000032	201.8839999999999861
103.9230000000000018	158.0620000000000118	243.0109999999999957
103.9959999999999951	111.2210000000000036	113.3509999999999991
104.0889999999999986	214.3480000000000132	107.5499999999999972
104.1509999999999962	184.0349999999999966	205.9360000000000070
104.2369999999999948	72.2895999999999930	158.1899999999999977
104.2409999999999997	197.5589999999999975	161.9579999999999984
104.3379999999999939	101.6550000000000011	114.7570000000000050
104.5589999999999975	105.5019999999999953	240.2659999999999911
104.5750000000000028	197.0660000000000025	90.3624999999999972
104.6149999999999949	203.5929999999999893	87.7878999999999934
104.6700000000000017	76.9193000000000069	208.8849999999999909
104.6740000000000066	213.4670000000000130	116.9000000000000057
104.7219999999999942	73.5014000000000038	135.3029999999999973
104.8169999999999931	203.6390000000000100	145.0190000000000055
104.8190000000000026	94.3448999999999955	233.3379999999999939
104.9519999999999982	123.4189999999999969	249.2920000000000016
104.9710000000000036	149.2969999999999970	249.7439999999999998
105.0150000000000006	132.7539999999999907	251.3499999999999943
105.0319999999999965	192.7150000000000034	178.4039999999999964
105.1080000000000041	214.1939999999999884	111.9449999999999932
105.3389999999999986	70.5875999999999948	148.2179999999999893
105.5840000000000032	114.6580000000000013	247.1289999999999907
105.6269999999999953	85.4945000000000022	226.9350000000000023
105.6410000000000053	201.8449999999999989	150.3470000000000084
105.6850000000000023	210.0130000000000052	124.7099999999999937
105.7409999999999997	182.3309999999999889	99.1595999999999975
105.7900000000000063	77.1436999999999955	214.4370000000000118
106.0580000000000069	70.9076000000000022	172.9480000000000075
106.1470000000000056	70.2235000000000014	153.7880000000000109
106.1770000000000067	96.7848999999999933	238.0869999999999891
106.3559999999999945	78.6774000000000058	218.8839999999999861
106.3870000000000005	71.4505000000000052	139.2880000000000109
106.4219999999999970	182.2630000000000052	214.0829999999999984
106.4440000000000026	156.8269999999999982	247.6349999999999909
106.5340000000000060	106.3490000000000038	244.8669999999999902
106.5370000000000061	143.2009999999999934	253.4290000000000020
106.5979999999999990	71.4120999999999952	197.0149999999999864
106.6670000000000016	92.8212999999999937	116.8940000000000055
106.6770000000000067	200.2210000000000036	155.6999999999999886
106.7480000000000047	218.0130000000000052	93.2845999999999975
106.9230000000000018	179.4950000000000045	221.6030000000000086
106.9339999999999975	81.2151999999999958	223.4859999999999900
107.0610000000000070	69.7998999999999938	178.7259999999999991
107.0990000000000038	189.8470000000000084	190.2199999999999989
107.1590000000000060	70.2955000000000041	192.8249999999999886
107.1869999999999976	169.4029999999999916	236.5869999999999891
107.2860000000000014	123.9849999999999994	253.7210000000000036
107.3190000000000026	131.8249999999999886	112.7720000000000056
107.4579999999999984	105.6620000000000061	115.3349999999999937
107.6689999999999969	115.1730000000000018	251.6380000000000052
107.6749999999999972	207.5300000000000011	129.0279999999999916
107.7039999999999935	133.1169999999999902	255.8959999999999866
107.7169999999999987	187.5939999999999941	198.0670000000000073
107.7249999999999943	98.2197000000000031	242.6299999999999955
107.7579999999999956	84.9642000000000053	231.1320000000000050
107.7750000000000057	122.1269999999999953	113.6200000000000045
107.8289999999999935	166.1129999999999995	241.1620000000000061
108.1059999999999945	68.9625000000000057	188.3940000000000055
108.3700000000000045	68.7258000000000067	183.6519999999999868
108.4989999999999952	187.7980000000000018	95.7473999999999990
108.5130000000000052	106.6869999999999976	249.5989999999999895
108.5180000000000007	216.5540000000000020	98.5073000000000008
108.5619999999999976	87.6247000000000043	236.1910000000000025
108.6250000000000000	163.3739999999999952	245.0949999999999989
108.8529999999999944	87.4382999999999981	118.2060000000000031
108.8679999999999950	69.5884999999999962	166.3389999999999986
108.8910000000000053	174.3779999999999859	231.6560000000000059
108.9090000000000060	80.5836000000000041	227.5600000000000023
108.9509999999999934	186.8530000000000086	202.3979999999999961
109.0060000000000002	166.9490000000000123	107.0799999999999983
109.0280000000000058	191.8899999999999864	181.9439999999999884
109.2349999999999994	154.8389999999999986	252.7059999999999889
109.2870000000000061	205.3149999999999977	139.3369999999999891
109.2999999999999972	178.2040000000000077	225.7959999999999923
109.3649999999999949	141.4830000000000041	258.3410000000000082
109.3679999999999950	124.5679999999999978	258.2180000000000177
109.4030000000000058	89.8141999999999996	240.6330000000000098
109.4320000000000022	98.6888000000000005	247.2839999999999918
109.5079999999999956	115.9350000000000023	256.1370000000000005
109.6650000000000063	196.5029999999999859	167.4399999999999977
109.6809999999999974	149.2129999999999939	256.7389999999999759
109.7379999999999995	189.5999999999999943	193.9790000000000134
109.7860000000000014	173.4240000000000066	104.4479999999999933
109.7860000000000014	213.6049999999999898	105.2079999999999984
109.8419999999999987	82.9740000000000038	120.3599999999999994
109.9869999999999948	159.5310000000000059	109.7450000000000045
109.9969999999999999	69.1600999999999999	205.9459999999999980
110.0289999999999964	195.2410000000000139	172.1719999999999970
110.0520000000000067	185.0660000000000025	209.8660000000000139
110.0529999999999973	133.1630000000000109	260.5090000000000146
110.1989999999999981	205.8309999999999889	133.8329999999999984
110.2879999999999967	107.4989999999999952	254.4019999999999868
110.3149999999999977	98.3862000000000023	117.0240000000000009
110.3569999999999993	214.5769999999999982	88.7857000000000056
110.3970000000000056	68.8054999999999950	161.5889999999999986
110.5030000000000001	91.0374999999999943	244.9269999999999925
110.6230000000000047	182.1910000000000025	218.2860000000000014
110.7319999999999993	69.8863000000000056	142.3180000000000121
110.7830000000000013	211.7369999999999948	120.2870000000000061
110.7999999999999972	139.7309999999999945	113.0340000000000060
110.8659999999999997	72.7489999999999952	217.1990000000000123
110.9609999999999985	193.2199999999999989	92.0206000000000017
110.9879999999999995	67.8739000000000061	200.4559999999999889
111.0000000000000000	74.7661999999999978	130.3789999999999907
111.0139999999999958	112.6170000000000044	115.5090000000000003
111.2210000000000036	116.8419999999999987	260.6650000000000205
111.3149999999999977	125.2079999999999984	262.9080000000000155
111.3840000000000003	193.8249999999999886	177.3290000000000077
111.4150000000000063	212.9120000000000061	114.5669999999999931
111.5469999999999970	140.7249999999999943	262.3890000000000100
111.7660000000000053	108.9479999999999933	258.8809999999999718
111.8469999999999942	179.1150000000000091	101.4399999999999977
111.9350000000000023	105.6179999999999950	116.5220000000000056
111.9509999999999934	98.0711000000000013	253.1109999999999900
112.0840000000000032	68.9693999999999932	211.9550000000000125
112.1440000000000055	163.4859999999999900	248.9089999999999918
112.2540000000000049	80.8382000000000005	239.0140000000000100
112.2690000000000055	90.8709000000000060	249.5279999999999916
112.2980000000000018	66.3594999999999970	175.2249999999999943
112.3020000000000067	212.4840000000000089	109.1979999999999933
112.3419999999999987	83.1329000000000065	243.0900000000000034
112.3430000000000035	78.3940999999999946	234.5970000000000084
112.5060000000000002	199.5809999999999889	88.7818999999999932
112.5310000000000059	134.2129999999999939	265.7710000000000150
112.6989999999999981	213.9019999999999868	101.8769999999999953
112.7039999999999935	76.8838999999999970	222.0200000000000102
112.8599999999999994	149.5250000000000057	261.1340000000000146
113.0310000000000059	150.2959999999999923	112.5010000000000048
113.0840000000000032	156.5620000000000118	257.3380000000000223
113.0999999999999943	117.5109999999999957	265.2379999999999995
113.1179999999999950	65.9496000000000038	195.7299999999999898
113.1329999999999956	203.9879999999999995	143.2949999999999875
113.1800000000000068	101.3970000000000056	258.1610000000000014
113.1869999999999976	202.3040000000000020	147.7549999999999955
113.1889999999999930	181.7560000000000002	222.0159999999999911
113.2249999999999943	216.7249999999999943	93.1195000000000022
113.2560000000000002	125.2439999999999998	267.5190000000000055
113.4650000000000034	207.4809999999999945	87.5071999999999974
113.4749999999999943	109.8960000000000008	263.1929999999999836
113.5390000000000015	186.7230000000000132	205.5219999999999914
113.6039999999999992	91.4441000000000059	117.7870000000000061
113.6929999999999978	208.5939999999999941	125.1370000000000005
113.7399999999999949	197.3530000000000086	163.7280000000000086
113.8139999999999930	78.8079000000000036	124.0390000000000015
114.0130000000000052	168.8940000000000055	244.6939999999999884
114.0330000000000013	103.9290000000000020	261.6039999999999850
114.1039999999999992	67.6923000000000030	151.2980000000000018
114.1159999999999997	84.1778000000000048	248.9960000000000093
114.1719999999999970	172.2210000000000036	240.3379999999999939
114.1749999999999972	198.2290000000000134	159.6160000000000139
114.1779999999999973	71.1688999999999936	136.3549999999999898
114.1919999999999931	67.3448000000000064	156.7880000000000109
114.2789999999999964	199.8379999999999939	153.7199999999999989
114.3900000000000006	204.8899999999999864	136.4950000000000045
114.5019999999999953	184.0800000000000125	97.8204000000000065
114.5649999999999977	76.7775000000000034	228.4519999999999982
114.6099999999999994	190.9879999999999995	186.2439999999999998
114.6389999999999958	145.2129999999999939	266.4440000000000168
114.7060000000000031	74.1119999999999948	218.5099999999999909
114.7830000000000013	175.3040000000000020	236.2599999999999909
114.9210000000000065	131.5339999999999918	271.3969999999999914
115.0360000000000014	90.8726999999999947	219.8959999999999866
115.0510000000000019	85.2159000000000049	223.4000000000000057
115.0949999999999989	93.6182000000000016	224.4290000000000020
115.1520000000000010	64.6697999999999951	191.3660000000000139
115.2870000000000061	86.7027999999999963	118.4189999999999969
115.2939999999999969	88.2399999999999949	215.1250000000000000
115.3070000000000022	117.9809999999999945	269.7069999999999936
115.3780000000000001	138.7620000000000005	270.9569999999999936
115.3859999999999957	125.4449999999999932	271.7160000000000082
115.3940000000000055	81.7562999999999960	218.6059999999999945
115.4360000000000070	184.5769999999999982	214.1289999999999907
115.4410000000000025	131.3060000000000116	115.0240000000000009
115.4879999999999995	76.3208000000000055	243.6049999999999898
115.5180000000000007	163.0769999999999982	253.4339999999999975
115.5630000000000024	102.7740000000000009	117.3739999999999952
115.5630000000000024	171.1659999999999968	106.9060000000000059
115.6590000000000060	68.1311000000000035	146.2740000000000009
115.6959999999999980	110.2950000000000017	267.6159999999999854
115.7229999999999990	92.7724999999999937	210.3689999999999998
115.7240000000000038	80.9303000000000026	227.0130000000000052
115.7500000000000000	96.3714999999999975	215.7309999999999945
115.7819999999999965	87.3841000000000037	209.9190000000000111
115.8589999999999947	190.3509999999999991	191.3069999999999879
115.9609999999999985	93.5978999999999957	259.1419999999999959
115.9689999999999941	82.3971999999999980	120.4090000000000060
115.9950000000000045	87.5797000000000025	255.0759999999999934
116.0220000000000056	100.8359999999999985	226.2789999999999964
116.1539999999999964	96.2599000000000018	229.4459999999999980
116.1839999999999975	103.3709999999999951	265.4030000000000200
116.2729999999999961	98.0682000000000045	262.6990000000000123
116.2770000000000010	100.7750000000000057	220.6610000000000014
116.4389999999999930	87.5058999999999969	229.2239999999999895
116.4470000000000027	64.2129999999999939	209.2290000000000134
116.4819999999999993	205.1930000000000121	129.2719999999999914
116.5049999999999955	81.7721999999999980	212.5840000000000032
116.5810000000000031	214.7119999999999891	98.0345999999999975
116.6509999999999962	193.7820000000000107	175.6179999999999950
116.6730000000000018	64.0249000000000024	186.6529999999999916
116.7249999999999943	89.2699000000000069	205.0769999999999982
116.7439999999999998	189.0190000000000055	195.6649999999999920
116.8229999999999933	110.0220000000000056	117.1650000000000063
116.8359999999999985	64.4111999999999938	204.0490000000000066
116.8569999999999993	165.8060000000000116	109.8880000000000052
116.9050000000000011	71.4861999999999966	233.2160000000000082
116.9260000000000019	99.0720000000000027	210.8760000000000048
116.9959999999999951	64.8884999999999934	170.9610000000000127
117.0759999999999934	178.7129999999999939	231.1399999999999864
117.0889999999999986	146.6529999999999916	270.7669999999999959
117.0969999999999942	77.8709999999999951	249.5509999999999877
117.1500000000000057	76.0361999999999938	215.0039999999999907
117.1680000000000064	210.8899999999999864	105.1039999999999992
117.1850000000000023	64.0434000000000054	180.8400000000000034
117.2639999999999958	188.8580000000000041	93.8161999999999949
117.4039999999999964	81.9009999999999962	206.5159999999999911
117.4440000000000026	187.4610000000000127	200.6889999999999930
117.5040000000000049	158.4420000000000073	261.1449999999999818
117.5460000000000065	65.4682999999999993	163.2090000000000032
117.5709999999999980	92.3706999999999994	232.8770000000000095
117.7729999999999961	154.0279999999999916	265.3129999999999882
117.7740000000000009	102.9629999999999939	231.1150000000000091
117.7770000000000010	118.8370000000000033	273.8949999999999818
117.8719999999999999	69.0668000000000006	213.4240000000000066
117.9060000000000059	73.2828999999999979	230.9650000000000034
117.9249999999999972	136.8220000000000027	275.5980000000000132
117.9440000000000026	209.1949999999999932	121.6140000000000043
117.9569999999999936	106.5780000000000030	226.2119999999999891
117.9719999999999942	162.6730000000000018	257.3910000000000196
117.9980000000000047	210.4310000000000116	117.3359999999999985
118.0699999999999932	195.9250000000000114	166.4219999999999970
118.1189999999999998	83.8766999999999996	201.0850000000000080
118.1629999999999967	70.7490999999999985	238.0989999999999895
118.2030000000000030	151.2959999999999923	268.8849999999999909
118.2229999999999990	176.0840000000000032	104.2339999999999947
118.2409999999999997	127.5819999999999936	276.1279999999999859
118.3319999999999936	64.1803000000000026	198.8269999999999982
118.4150000000000063	120.4500000000000028	116.7810000000000059
118.4369999999999976	98.7146999999999935	205.4079999999999870
118.4410000000000025	92.8389999999999986	200.4939999999999998
118.4519999999999982	203.0360000000000014	139.3559999999999945
118.5900000000000034	210.1560000000000059	112.6730000000000018
118.6050000000000040	79.4279999999999973	253.6930000000000121
118.6719999999999970	158.9540000000000077	113.0330000000000013
118.7660000000000053	99.3491000000000071	234.8300000000000125
118.7950000000000017	144.8110000000000070	274.4239999999999782
118.8220000000000027	103.2650000000000006	269.8299999999999841
118.8329999999999984	79.8204000000000065	231.9089999999999918
118.8379999999999939	96.8469999999999942	117.9210000000000065
118.9020000000000010	181.3340000000000032	224.6100000000000136
118.9729999999999990	186.0020000000000095	209.5099999999999909
119.0000000000000000	87.3606999999999942	196.3079999999999927
119.1269999999999953	97.0468000000000046	267.2029999999999745
119.1370000000000005	74.9438999999999993	209.4219999999999970
119.2409999999999997	111.5810000000000031	273.8620000000000232
119.2770000000000010	106.5120000000000005	214.5879999999999939
119.2870000000000061	194.2259999999999991	170.5579999999999927
119.3070000000000022	191.4449999999999932	180.7709999999999866
119.3910000000000053	85.1731999999999942	118.9599999999999937
119.4369999999999976	194.3810000000000002	90.0414999999999992
119.4579999999999984	214.6100000000000136	93.9356999999999971
119.5060000000000002	202.6100000000000136	133.9399999999999977
119.5300000000000011	91.5109000000000066	264.5249999999999773
119.5529999999999973	66.7483000000000004	149.0699999999999932
119.5750000000000028	69.9354000000000013	243.3360000000000127
119.7600000000000051	211.8499999999999943	89.7147999999999968
119.7669999999999959	68.6671000000000049	140.9139999999999873
119.8080000000000069	87.2330000000000041	235.6709999999999923
119.9689999999999941	75.0879000000000048	127.6050000000000040
120.2489999999999952	91.0288000000000039	192.5569999999999879
120.2570000000000050	85.6916999999999973	261.4220000000000255
120.2759999999999962	74.6992000000000047	202.6409999999999911
120.2920000000000016	110.2549999999999955	219.7839999999999918
120.3379999999999939	169.4480000000000075	248.6740000000000066
120.4389999999999930	201.1790000000000020	144.4139999999999873
120.4920000000000044	182.9389999999999930	219.2560000000000002
120.5259999999999962	95.9423000000000030	195.8530000000000086
120.5460000000000065	62.8166999999999973	176.3249999999999886
120.5639999999999930	89.9124999999999943	118.1779999999999973
120.5720000000000027	119.0780000000000030	277.9900000000000091
120.5999999999999943	78.4855000000000018	197.0140000000000100
120.7420000000000044	151.5370000000000061	272.5389999999999873
120.7789999999999964	63.8288000000000011	207.0409999999999968
120.8409999999999940	180.6579999999999870	100.3319999999999936
120.8520000000000039	107.0570000000000022	208.6959999999999980
120.8569999999999993	109.7240000000000038	231.4029999999999916
120.9380000000000024	134.5000000000000000	279.7819999999999823
120.9549999999999983	200.8700000000000045	87.6667000000000058
120.9860000000000042	70.6667999999999950	247.8309999999999889
121.0699999999999932	104.9800000000000040	118.2009999999999934
121.1080000000000041	68.2711000000000041	233.4379999999999882
121.1740000000000066	208.1970000000000027	108.6959999999999980
121.2019999999999982	68.2216999999999985	208.1560000000000059
121.2129999999999939	82.6800000000000068	191.8350000000000080
121.2150000000000034	106.7830000000000013	235.4370000000000118
121.2169999999999987	210.8520000000000039	101.2099999999999937
121.2270000000000039	94.2570000000000050	239.1879999999999882
121.2319999999999993	112.3040000000000020	225.4389999999999930
121.2510000000000048	172.9639999999999986	243.6069999999999993
121.4110000000000014	72.3764000000000038	131.5769999999999982
121.4159999999999968	97.1954000000000065	271.0790000000000077
121.4560000000000031	66.3438000000000017	201.6819999999999879
121.4740000000000038	142.7980000000000018	278.4759999999999991
121.5949999999999989	205.2909999999999968	124.6269999999999953
121.6230000000000047	79.4100999999999999	258.3709999999999809
121.7819999999999965	198.6779999999999973	149.2520000000000095
121.8040000000000020	175.2359999999999900	239.4910000000000139
122.0090000000000003	81.3911999999999978	121.0589999999999975
122.0120000000000005	126.2879999999999967	281.2649999999999864
122.0319999999999965	142.0490000000000066	115.7650000000000006
122.0919999999999987	195.2419999999999902	163.0360000000000014
122.1940000000000026	90.7887999999999948	188.0109999999999957
122.2620000000000005	103.0360000000000014	200.0759999999999934
122.2900000000000063	102.8460000000000036	239.4749999999999943
122.2990000000000066	102.9939999999999998	275.2149999999999750
122.3329999999999984	91.3700000000000045	269.2219999999999800
122.4539999999999935	72.1919000000000040	252.2350000000000136
122.4830000000000041	107.1490000000000009	204.4240000000000066
122.4989999999999952	195.9240000000000066	157.7909999999999968
122.5330000000000013	63.7762000000000029	195.5080000000000098
122.5450000000000017	186.1069999999999993	205.1800000000000068
122.5879999999999939	206.2500000000000000	87.6263000000000005
122.6129999999999995	82.6513000000000062	187.4579999999999984
122.7489999999999952	156.2779999999999916	269.3949999999999818
122.7570000000000050	97.6222000000000065	191.2800000000000011
122.9210000000000065	111.0780000000000030	279.3090000000000259
123.0330000000000013	189.7680000000000007	186.7280000000000086
123.1239999999999952	74.0437000000000012	234.7369999999999948
123.2819999999999965	80.7579999999999956	237.6409999999999911
123.3110000000000070	70.1915999999999940	197.6339999999999861
123.3930000000000007	150.1750000000000114	276.6080000000000041
123.5430000000000064	73.9478000000000009	255.9689999999999941
123.5660000000000025	62.1858000000000004	189.9240000000000066
123.5819999999999936	153.0740000000000123	115.5909999999999940
123.6149999999999949	86.3174000000000063	183.9749999999999943
123.6189999999999998	178.0029999999999859	233.6750000000000114
123.6260000000000048	160.1779999999999973	265.1270000000000095
123.6710000000000065	66.6822999999999979	145.9130000000000109
123.7399999999999949	118.4669999999999987	282.6009999999999991
123.7579999999999956	84.8787999999999982	266.8029999999999973
123.8040000000000020	196.2500000000000000	153.4670000000000130
123.8239999999999981	167.6069999999999993	254.0430000000000064
123.9260000000000019	113.0919999999999987	118.7150000000000034
123.9290000000000020	184.6639999999999873	96.0130999999999943
124.0100000000000051	64.2425000000000068	158.5600000000000023
124.0430000000000064	86.4120999999999952	241.1829999999999927
124.0969999999999942	188.4039999999999964	192.2170000000000130
124.2159999999999940	65.2177999999999969	241.3629999999999995
124.2259999999999991	206.3369999999999891	119.7120000000000033
124.2379999999999995	73.1491000000000042	193.3919999999999959
124.3010000000000019	193.5749999999999886	167.2589999999999861
124.3550000000000040	164.5780000000000030	259.9519999999999982
124.4429999999999978	69.7523000000000053	135.8909999999999911
124.4729999999999990	93.1445999999999970	273.7139999999999986
124.5349999999999966	65.2005000000000052	152.3189999999999884
124.5819999999999936	211.4710000000000036	97.0701999999999998
124.6069999999999993	206.6109999999999900	113.4140000000000015
124.6539999999999964	165.4350000000000023	113.0759999999999934
124.6629999999999967	184.0370000000000061	213.7379999999999995
124.6740000000000066	98.7232000000000056	243.6059999999999945
124.6929999999999978	103.8859999999999957	194.7129999999999939
124.7240000000000038	190.9319999999999879	175.6980000000000075
124.7710000000000008	100.1719999999999970	118.7439999999999998
124.7990000000000066	115.6970000000000027	215.7750000000000057
124.8689999999999998	132.5660000000000025	284.9100000000000250
124.8739999999999952	114.5639999999999930	211.0149999999999864
124.8940000000000055	77.4911000000000030	124.2129999999999939
124.9279999999999973	199.5099999999999909	136.9720000000000084
124.9389999999999930	140.2419999999999902	282.6879999999999882
124.9479999999999933	75.0366999999999962	189.0980000000000132
125.1029999999999944	93.3542999999999950	182.9730000000000132
125.2699999999999960	62.1396000000000015	185.0610000000000070
125.3059999999999974	200.0889999999999986	128.6519999999999868
125.3599999999999994	114.3310000000000031	234.8180000000000121
125.3739999999999952	77.6158999999999963	184.9449999999999932
125.3919999999999959	172.1570000000000107	108.3100000000000023
125.4270000000000067	63.5508999999999986	163.5519999999999925
125.4809999999999945	116.5439999999999969	230.2909999999999968
125.4819999999999993	117.5030000000000001	225.7690000000000055
125.4950000000000045	160.0800000000000125	115.5420000000000016
125.5319999999999965	98.2352000000000061	186.3069999999999879
125.5430000000000064	186.4799999999999898	196.7040000000000077
125.5540000000000020	110.7780000000000058	239.3329999999999984
125.5840000000000032	88.9326999999999970	180.3629999999999995
125.5939999999999941	86.3127999999999957	119.3370000000000033
125.6020000000000039	130.9170000000000016	117.6320000000000050
125.7890000000000015	179.7750000000000057	227.5310000000000059
125.8089999999999975	111.4200000000000017	284.0520000000000209
125.8239999999999981	93.4008999999999929	118.7600000000000051
125.8460000000000036	106.0420000000000016	242.8309999999999889
125.9800000000000040	90.9427000000000021	244.6839999999999975
125.9860000000000042	117.9620000000000033	220.7669999999999959
126.0040000000000049	111.1310000000000002	201.7969999999999970
126.0499999999999972	103.4800000000000040	281.3799999999999955
126.0849999999999937	81.7078000000000060	180.7520000000000095
126.2530000000000001	85.7865000000000038	271.6030000000000086
126.3130000000000024	64.8259999999999934	245.4579999999999984
126.3700000000000045	184.6970000000000027	209.1740000000000066
126.4170000000000016	189.2410000000000139	91.7009999999999934
126.4789999999999992	124.8610000000000042	287.5350000000000250
126.4879999999999995	66.8926000000000016	236.6479999999999961
126.5819999999999936	117.6710000000000065	286.9610000000000127
126.6059999999999945	62.7167000000000030	169.3739999999999952
126.6250000000000000	114.8160000000000025	205.7470000000000141
126.6260000000000048	155.6539999999999964	273.9359999999999786
126.6979999999999933	205.5049999999999955	104.5990000000000038
126.7000000000000028	61.8825000000000003	179.8410000000000082
126.7309999999999945	61.7569000000000017	174.6740000000000066
126.7349999999999994	77.0858000000000061	263.8949999999999818
126.7939999999999969	147.8300000000000125	280.2579999999999814
126.9309999999999974	210.3660000000000139	92.8007000000000062
126.9959999999999951	65.4159999999999968	192.5600000000000023
127.0540000000000020	95.0902999999999992	278.8229999999999791
127.1320000000000050	198.0519999999999925	140.8429999999999893
127.2229999999999990	103.9389999999999930	189.6630000000000109
127.2900000000000063	177.6210000000000093	103.3089999999999975
127.3529999999999944	80.1221000000000032	241.8180000000000121
127.4650000000000034	197.1659999999999968	133.4379999999999882
127.6770000000000067	106.2999999999999972	119.6230000000000047
127.7060000000000031	184.7429999999999950	201.2609999999999957
127.7960000000000065	111.3089999999999975	197.6670000000000016
127.8649999999999949	194.9339999999999975	88.5109000000000066
127.8709999999999951	180.4170000000000016	223.0070000000000050
127.9429999999999978	74.1102999999999952	127.9710000000000036
128.0949999999999989	65.6093000000000046	250.2160000000000082
128.1260000000000048	95.5131999999999977	247.3509999999999991
128.1399999999999864	71.7793999999999954	259.5729999999999791
128.1870000000000118	97.8363999999999976	181.7210000000000036
128.2580000000000098	171.4050000000000011	247.7249999999999943
128.3870000000000005	67.4698000000000064	140.5999999999999943
128.4000000000000057	86.7100999999999971	176.8340000000000032
128.4509999999999934	206.5970000000000084	89.2180000000000035
128.5159999999999911	93.7186999999999983	178.5920000000000130
128.5699999999999932	105.5010000000000048	286.1449999999999818
128.6450000000000102	87.1444999999999936	276.2520000000000095
128.6490000000000009	69.1197999999999979	186.5219999999999914
128.7050000000000125	103.2060000000000031	246.7239999999999895
128.7350000000000136	202.9019999999999868	108.9950000000000045
128.7640000000000100	153.3870000000000005	277.6039999999999850
128.7940000000000111	201.0490000000000066	87.5872999999999990
128.8139999999999930	173.7630000000000052	241.9950000000000045
128.8280000000000030	72.5232000000000028	181.8839999999999861
128.8329999999999984	121.6970000000000027	119.4509999999999934
128.8619999999999948	63.5499999999999972	188.2609999999999957
128.9180000000000064	73.3038999999999987	239.3650000000000091
128.9759999999999991	112.1340000000000003	289.1290000000000191
128.9819999999999993	195.7110000000000127	145.4629999999999939
129.0109999999999957	78.5199000000000069	269.3269999999999982
129.1090000000000089	137.0360000000000014	287.5260000000000105
129.2470000000000141	187.3149999999999977	187.6020000000000039
129.3640000000000043	206.7450000000000045	99.9339999999999975
129.4219999999999970	77.3807000000000045	177.0749999999999886
129.5579999999999927	120.3299999999999983	208.5169999999999959
129.6279999999999859	122.2969999999999970	223.9610000000000127
129.6500000000000057	130.8849999999999909	290.6109999999999900
129.7259999999999991	119.3739999999999952	291.8000000000000114
129.8089999999999975	110.9230000000000018	192.8499999999999943
129.8640000000000043	81.7955999999999932	121.4809999999999945
129.8830000000000098	167.5190000000000055	256.6859999999999786
129.9879999999999995	122.0540000000000020	214.3209999999999980
130.0339999999999918	71.2322000000000060	132.0660000000000025
130.0620000000000118	174.9170000000000016	238.0780000000000030
130.0749999999999886	200.1999999999999886	122.3370000000000033
130.0900000000000034	191.6049999999999898	160.9449999999999932
130.1560000000000059	191.0610000000000070	165.6320000000000050
130.1639999999999873	102.4639999999999986	183.9970000000000141
130.2199999999999989	67.0862999999999943	255.3189999999999884
130.2529999999999859	189.7390000000000043	170.6160000000000139
130.2589999999999861	118.9879999999999995	238.4540000000000077
130.3280000000000030	191.9070000000000107	156.0399999999999920
130.3609999999999900	118.1350000000000051	200.6800000000000068
130.3849999999999909	64.6101000000000028	182.8319999999999936
130.4099999999999966	181.1009999999999991	98.8872000000000071
130.5660000000000025	82.5773999999999972	245.6220000000000141
130.5800000000000125	121.7219999999999942	233.5360000000000014
130.5819999999999936	98.6975000000000051	119.8820000000000050
130.6390000000000100	180.8470000000000084	217.8029999999999973
130.6409999999999911	194.6970000000000027	130.2700000000000102
130.6440000000000055	202.0130000000000052	114.8569999999999993
130.6800000000000068	157.8880000000000052	117.1640000000000015
130.7750000000000057	164.1109999999999900	115.9819999999999993
130.7769999999999868	63.2165999999999997	161.6490000000000009
130.8009999999999877	113.9639999999999986	244.3679999999999950
130.8810000000000002	192.6040000000000134	150.6380000000000052
130.9850000000000136	183.0269999999999868	206.1080000000000041
131.0829999999999984	159.3019999999999925	269.9150000000000205
131.1330000000000098	79.7386000000000053	273.8299999999999841
131.1469999999999914	123.6490000000000009	228.4559999999999889
131.1670000000000016	143.9619999999999891	284.2060000000000173
131.1740000000000066	186.8849999999999909	181.5080000000000098
131.3489999999999895	162.8460000000000036	264.2309999999999945
131.3590000000000089	96.0097999999999985	285.5079999999999814
131.4530000000000030	65.4411000000000058	239.1810000000000116
131.4809999999999945	149.4519999999999982	117.2650000000000006
131.5149999999999864	88.1346999999999952	281.1209999999999809
131.5360000000000014	89.2082000000000050	249.0869999999999891
131.5860000000000127	68.9252999999999929	136.0699999999999932
131.6169999999999902	124.9759999999999991	220.3460000000000036
131.8520000000000039	194.3029999999999973	137.1289999999999907
131.8569999999999993	83.0408999999999935	172.0289999999999964
131.9139999999999873	165.7210000000000036	260.0840000000000032
131.9389999999999930	68.4604000000000070	177.9149999999999920
131.9730000000000132	64.5434999999999945	166.4060000000000059
131.9900000000000091	123.2620000000000005	204.2740000000000009
131.9989999999999952	206.9300000000000068	95.8528000000000020
132.1320000000000050	113.6080000000000041	120.8529999999999944
132.1349999999999909	176.5279999999999916	231.9499999999999886
132.2539999999999907	62.2391999999999967	242.4319999999999879
132.3209999999999980	168.9190000000000111	112.7620000000000005
132.3530000000000086	75.7179000000000002	243.3199999999999932
132.4089999999999918	72.6838000000000051	173.1539999999999964
132.4490000000000123	181.5749999999999886	211.8540000000000134
132.5099999999999909	103.7920000000000016	290.7679999999999723
132.5180000000000007	99.3191000000000059	178.6399999999999864
132.6500000000000057	89.4758999999999958	120.3160000000000025
132.7150000000000034	127.0420000000000016	294.1270000000000095
132.7160000000000082	64.9943999999999988	146.7179999999999893
132.7230000000000132	195.0140000000000100	126.2579999999999956
132.7620000000000005	120.0030000000000001	195.3410000000000082
132.9219999999999970	109.4290000000000020	187.3029999999999973
133.0279999999999916	63.1794000000000011	175.0879999999999939
133.0589999999999975	63.3646000000000029	156.3660000000000139
133.1040000000000134	111.7699999999999960	294.3589999999999804
133.1059999999999945	108.4120000000000061	249.8899999999999864
133.1100000000000136	97.8632000000000062	251.3139999999999930
133.1459999999999866	126.5070000000000050	208.1059999999999945
133.1730000000000018	76.0100999999999942	168.6210000000000093
133.1779999999999973	139.3360000000000127	118.1380000000000052
133.2210000000000036	77.4763999999999982	124.7189999999999941
133.2439999999999998	175.4499999999999886	105.5430000000000064
133.2510000000000048	69.5909000000000049	263.2699999999999818
133.3089999999999975	184.0399999999999920	192.1229999999999905
133.5469999999999970	156.2290000000000134	275.2139999999999986
133.5800000000000125	145.2740000000000009	190.2839999999999918
133.6649999999999920	128.2239999999999895	212.2290000000000134
133.6939999999999884	149.5109999999999957	188.0829999999999984
133.7589999999999861	80.6886999999999972	278.2379999999999995
133.7860000000000014	93.7959000000000032	174.0130000000000052
133.8400000000000034	68.1153000000000048	169.6100000000000136
133.8969999999999914	126.7840000000000060	199.1889999999999930
133.9170000000000016	82.9741000000000071	167.5689999999999884
133.9170000000000016	138.2700000000000102	288.3820000000000050
133.9670000000000130	132.8009999999999877	291.7830000000000155
134.0140000000000100	129.2769999999999868	224.4660000000000082
134.0689999999999884	150.8089999999999975	279.4950000000000045
134.0980000000000132	182.1359999999999957	197.5939999999999941
134.1649999999999920	71.4830000000000041	267.5269999999999868
134.2079999999999984	119.0439999999999969	296.5260000000000105
134.2179999999999893	191.6069999999999993	133.2090000000000032
134.2189999999999941	130.4300000000000068	218.2479999999999905
134.2309999999999945	204.6380000000000052	91.8629999999999995
134.2330000000000041	73.8152000000000044	271.6030000000000086
134.2330000000000041	117.0819999999999936	190.7299999999999898
134.3309999999999889	140.5999999999999943	194.1690000000000111
134.3309999999999889	177.1690000000000111	225.9070000000000107
134.3429999999999893	63.3727000000000018	152.0260000000000105
134.3710000000000093	168.0060000000000002	252.3029999999999973
134.3810000000000002	124.6949999999999932	241.9910000000000139
134.4439999999999884	184.7669999999999959	94.0874000000000024
134.5620000000000118	116.2120000000000033	248.9209999999999923
134.6049999999999898	127.2289999999999992	237.0960000000000036
134.7210000000000036	131.3509999999999991	203.1570000000000107
134.7390000000000043	189.7849999999999966	89.8933999999999997
134.8439999999999941	198.3410000000000082	105.7429999999999950
134.8619999999999948	135.7609999999999957	198.3799999999999955
134.8619999999999948	153.4240000000000066	182.1030000000000086
134.8870000000000005	170.5399999999999920	245.6339999999999861
134.9050000000000011	61.4793000000000021	247.4269999999999925
134.9470000000000027	143.1959999999999980	197.9209999999999923
134.9720000000000084	105.4030000000000058	121.4699999999999989
134.9919999999999902	71.1076999999999941	164.9180000000000064
135.0320000000000107	64.9757000000000033	161.4410000000000025
135.0569999999999879	131.0169999999999959	193.9739999999999895
135.1229999999999905	195.1529999999999916	88.0541999999999945
135.1339999999999861	162.0519999999999925	117.3289999999999935
135.2129999999999939	200.4190000000000111	88.8503999999999934
135.3499999999999943	201.6270000000000095	99.9509999999999934
135.3629999999999995	134.0289999999999964	207.4240000000000066
135.3820000000000050	122.8940000000000055	246.7870000000000061
135.4399999999999977	136.7810000000000059	217.2729999999999961
135.5200000000000102	149.2510000000000048	194.2450000000000045
135.5480000000000018	129.8379999999999939	230.7160000000000082
135.5560000000000116	129.5519999999999925	120.0000000000000000
135.5769999999999982	138.2669999999999959	189.9180000000000064
135.5920000000000130	141.6579999999999870	285.6979999999999791
135.5960000000000036	124.3280000000000030	191.6289999999999907
135.6620000000000061	73.8141999999999996	128.9029999999999916
135.7199999999999989	124.0729999999999933	296.6779999999999973
135.7599999999999909	88.6744000000000057	286.7370000000000232
135.8000000000000114	197.0169999999999959	109.8629999999999995
135.8069999999999879	136.7460000000000093	212.0850000000000080
135.8470000000000084	140.5190000000000055	202.6100000000000136
135.8559999999999945	143.3789999999999907	186.9130000000000109
136.0809999999999889	78.3218999999999994	163.7090000000000032
136.1579999999999870	190.4660000000000082	129.1759999999999877
136.1610000000000014	178.1419999999999959	101.9849999999999994
136.1810000000000116	180.3789999999999907	202.3849999999999909
136.2040000000000077	105.9369999999999976	181.1850000000000023
136.2280000000000086	172.2150000000000034	108.6599999999999966
136.2299999999999898	153.9269999999999925	188.9089999999999918
136.3360000000000127	187.2959999999999923	166.0840000000000032
136.4399999999999977	139.0790000000000077	222.4619999999999891
136.4809999999999945	114.4369999999999976	252.7170000000000130
136.4850000000000136	190.3489999999999895	141.4459999999999980
136.4979999999999905	177.0380000000000109	221.4670000000000130
136.5389999999999873	141.0689999999999884	207.2690000000000055
136.5900000000000034	81.7741999999999933	282.6220000000000141
136.6409999999999911	143.2779999999999916	216.6819999999999879
136.6690000000000111	89.8241000000000014	252.8839999999999861
136.6980000000000075	131.3429999999999893	245.1659999999999968
136.7210000000000036	133.3340000000000032	240.5889999999999986
136.7309999999999945	189.0500000000000114	146.4970000000000141
136.7359999999999900	115.9000000000000057	187.1260000000000048
136.7429999999999950	195.1839999999999975	120.2960000000000065
136.7659999999999911	171.2460000000000093	240.4730000000000132
136.7980000000000018	196.6800000000000068	114.0130000000000052
136.8040000000000020	165.8930000000000007	115.4890000000000043
136.8050000000000068	65.7252000000000010	259.9030000000000200
136.8220000000000027	62.0142999999999986	252.1630000000000109
136.9430000000000121	105.9899999999999949	254.5879999999999939
136.9509999999999934	121.8119999999999976	250.9790000000000134
136.9559999999999889	82.9831999999999965	122.5789999999999935
136.9650000000000034	70.4710000000000036	133.7100000000000080
136.9979999999999905	145.1399999999999864	282.3960000000000150
137.0389999999999873	73.9842000000000013	275.3389999999999986
137.0490000000000066	67.2516999999999996	139.8170000000000073
137.0749999999999886	84.8799999999999955	164.3890000000000100
137.1779999999999973	94.7154000000000025	291.6759999999999877
137.2100000000000080	165.3259999999999934	256.9950000000000045
137.2980000000000018	156.4089999999999918	117.3280000000000030
137.3029999999999973	184.2199999999999989	175.6730000000000018
137.3120000000000118	130.6080000000000041	188.9939999999999998
137.3499999999999943	90.7610999999999990	168.2589999999999861
137.3569999999999993	96.5855999999999995	121.6290000000000049
137.3689999999999998	148.6649999999999920	200.1759999999999877
137.4259999999999877	186.6399999999999864	159.4019999999999868
137.4610000000000127	68.3530999999999977	242.6430000000000007
137.4610000000000127	182.8499999999999943	186.1030000000000086
137.4770000000000039	186.5560000000000116	154.3110000000000070
137.4890000000000043	129.5420000000000016	249.6810000000000116
137.5060000000000002	135.0910000000000082	236.1229999999999905
137.5360000000000014	157.5720000000000027	177.0550000000000068
137.5809999999999889	122.7439999999999998	188.1220000000000141
137.5920000000000130	139.2909999999999968	243.7909999999999968
137.7909999999999968	136.5130000000000052	229.6839999999999975
137.9929999999999950	137.6430000000000007	248.2350000000000136
138.0060000000000002	110.8149999999999977	298.7300000000000182
138.1560000000000059	145.8350000000000080	210.0850000000000080
138.1670000000000016	120.7289999999999992	121.8310000000000031
138.1810000000000116	186.6059999999999945	150.1829999999999927
138.2520000000000095	74.5310999999999950	246.2820000000000107
138.2649999999999864	132.4610000000000127	290.0840000000000032
138.2829999999999870	112.1710000000000065	183.8319999999999936
138.3269999999999982	141.0380000000000109	239.6030000000000086
138.3420000000000130	62.8832999999999984	242.2199999999999989
138.3449999999999989	157.1450000000000102	271.9830000000000041
138.3470000000000084	81.8161999999999949	250.4970000000000141
138.3700000000000045	184.9219999999999970	171.0989999999999895
138.3839999999999861	121.0859999999999985	254.8979999999999961
138.3890000000000100	101.7039999999999935	296.3210000000000264
138.3899999999999864	147.7500000000000000	205.1459999999999866
138.3969999999999914	138.2549999999999955	285.6309999999999718
138.5509999999999877	200.8640000000000043	94.8431000000000068
138.5519999999999925	162.3439999999999941	261.5980000000000132
138.6289999999999907	69.8352000000000004	159.8760000000000048
138.6539999999999964	127.6659999999999968	254.9110000000000014
138.6730000000000018	171.8710000000000093	236.1339999999999861
139.0149999999999864	190.0860000000000127	124.8209999999999980
139.0660000000000025	147.0200000000000102	222.7230000000000132
139.1260000000000048	89.2022999999999939	122.0930000000000035
139.1390000000000100	63.3218999999999994	149.6829999999999927
139.1539999999999964	113.9159999999999968	256.9780000000000086
139.3350000000000080	144.8799999999999955	244.3820000000000050
139.3470000000000084	148.9430000000000121	217.7980000000000018
139.3559999999999945	158.0089999999999861	184.8880000000000052
139.3640000000000043	181.3770000000000095	97.9994999999999976
139.4010000000000105	177.9029999999999916	208.3180000000000121
139.4290000000000020	136.2199999999999989	253.6690000000000111
139.4480000000000075	102.8050000000000068	175.7709999999999866
139.4559999999999889	176.5569999999999879	215.6589999999999918
139.5010000000000048	187.5740000000000123	136.4389999999999930
139.5740000000000123	62.7314000000000007	256.2359999999999900
139.6250000000000000	152.9950000000000045	275.3009999999999877
139.6510000000000105	142.5120000000000005	235.3540000000000134
139.6740000000000066	143.4350000000000023	228.9230000000000018
139.6970000000000027	158.5229999999999961	266.7230000000000132
139.7429999999999950	83.5026000000000010	286.8260000000000218
139.8470000000000084	133.8389999999999986	258.3330000000000268
139.9029999999999916	124.9819999999999993	294.6019999999999754
139.9459999999999980	173.3559999999999945	229.9530000000000030
139.9610000000000127	196.4459999999999980	90.0520000000000067
140.0060000000000002	75.2639999999999958	279.6460000000000150
140.0579999999999927	121.6889999999999930	259.0509999999999877
140.0749999999999886	137.2450000000000045	184.7439999999999998
140.0819999999999936	128.8129999999999882	184.7290000000000134
140.1140000000000043	128.5430000000000064	260.1510000000000105
140.1260000000000048	96.3512999999999948	256.4340000000000259
140.1709999999999923	143.3619999999999948	250.2050000000000125
140.1790000000000020	147.2529999999999859	278.4139999999999873
140.1800000000000068	78.2601999999999975	126.1800000000000068
140.1860000000000070	116.8370000000000033	298.9619999999999891
140.1920000000000073	64.2335000000000065	154.7669999999999959
140.2330000000000041	145.0519999999999925	183.1519999999999868
140.2350000000000136	168.2030000000000030	111.7650000000000006
140.6430000000000007	112.0490000000000066	123.0229999999999961
140.6819999999999879	174.6250000000000000	104.8520000000000039
140.7249999999999943	141.7450000000000045	280.6720000000000255
140.7719999999999914	163.0109999999999957	115.3409999999999940
140.8609999999999900	186.0850000000000080	131.7620000000000005
140.9120000000000061	178.3060000000000116	194.1189999999999998
140.9540000000000077	187.2949999999999875	91.6066000000000003
140.9979999999999905	132.5240000000000009	285.9139999999999873
141.0519999999999925	179.7460000000000093	189.6500000000000057
141.1399999999999864	151.0730000000000075	213.4569999999999936
141.1759999999999877	193.3149999999999977	102.3460000000000036
141.2539999999999907	147.5780000000000030	239.0399999999999920
141.2649999999999864	84.8842000000000070	160.4110000000000014
141.2899999999999920	120.2650000000000006	183.7139999999999986
141.2949999999999875	154.8400000000000034	198.1200000000000045
141.3269999999999982	196.0080000000000098	98.1903999999999968
141.3580000000000041	106.1959999999999980	259.1089999999999804
141.3789999999999907	64.6274999999999977	145.3669999999999902
141.3799999999999955	68.7633000000000010	271.4569999999999936
141.3839999999999861	191.3290000000000077	90.0507999999999953
141.4379999999999882	147.0860000000000127	117.4749999999999943
141.5320000000000107	156.5430000000000064	193.6560000000000059
141.5389999999999873	134.6719999999999970	262.0369999999999777
141.5720000000000027	186.2690000000000055	127.6400000000000006
141.5780000000000030	191.3170000000000073	106.5499999999999972
141.6490000000000009	190.1260000000000048	119.9399999999999977
141.6630000000000109	191.5540000000000020	115.6989999999999981
141.7220000000000084	183.1529999999999916	167.9639999999999986
141.7239999999999895	176.6160000000000139	198.8969999999999914
141.7719999999999914	77.7921999999999940	157.7829999999999870
141.8870000000000005	180.0250000000000057	181.0730000000000075
141.9919999999999902	184.2920000000000016	94.7762000000000029
142.0190000000000055	99.3765999999999963	170.8480000000000132
142.0960000000000036	190.8830000000000098	111.4479999999999933
142.1030000000000086	166.6150000000000091	243.7470000000000141
142.1059999999999945	141.1119999999999948	258.4200000000000159
142.1570000000000107	114.5829999999999984	261.5199999999999818
142.2319999999999993	154.4180000000000064	202.8509999999999991
142.2829999999999870	124.5360000000000014	264.1800000000000068
142.3120000000000118	93.1522999999999968	295.5230000000000246
142.3340000000000032	65.7956999999999965	265.2090000000000032
142.3530000000000086	86.6256000000000057	255.0240000000000009
142.3629999999999995	73.8023000000000025	130.7899999999999920
142.3789999999999907	164.9149999999999920	248.6750000000000114
142.4540000000000077	183.0610000000000070	146.2470000000000141
142.5320000000000107	152.0889999999999986	221.6769999999999925
142.5569999999999879	133.7589999999999861	280.7660000000000196
142.6150000000000091	149.2860000000000014	178.9509999999999934
142.6620000000000061	102.8010000000000019	123.4980000000000047
142.7050000000000125	140.3609999999999900	277.1510000000000105
142.7249999999999943	160.2539999999999907	181.3420000000000130
142.7899999999999920	162.7810000000000059	253.1579999999999870
142.7909999999999968	172.9240000000000066	222.4029999999999916
142.7930000000000064	62.1437999999999988	244.5800000000000125
142.8810000000000002	136.1359999999999957	119.6979999999999933
142.9329999999999927	152.9159999999999968	270.4200000000000159
142.9559999999999889	77.3863000000000056	283.8489999999999895
142.9759999999999991	91.5922999999999945	163.3739999999999952
142.9759999999999991	149.1659999999999968	234.4590000000000032
142.9970000000000141	125.9929999999999950	288.9289999999999736
142.9970000000000141	153.9360000000000070	208.2860000000000014
143.0949999999999989	146.8789999999999907	273.9669999999999845
143.1910000000000025	84.7317000000000036	124.5030000000000001
143.1920000000000073	148.9739999999999895	248.4019999999999868
143.2280000000000086	134.9929999999999950	267.3349999999999795
143.3199999999999932	150.1450000000000102	243.5190000000000055
143.3300000000000125	70.5511000000000053	276.3740000000000236
143.3319999999999936	126.7300000000000040	268.4490000000000123
143.3710000000000093	134.7319999999999993	180.3069999999999879
143.4060000000000059	193.9219999999999970	94.0627999999999957
143.4430000000000121	150.3410000000000082	229.3460000000000036
143.5289999999999964	175.1630000000000109	203.4869999999999948
143.6320000000000050	159.1080000000000041	189.4840000000000089
143.6490000000000009	180.1250000000000000	157.7479999999999905
143.6610000000000014	69.8776000000000010	135.8629999999999995
143.6850000000000023	138.4840000000000089	272.5699999999999932
143.6889999999999930	129.8360000000000127	271.5989999999999895
143.6959999999999980	60.2276000000000025	249.4910000000000139
143.7319999999999993	131.7479999999999905	275.8220000000000027
143.7899999999999920	179.7460000000000093	152.1189999999999998
143.8499999999999943	147.8810000000000002	253.7659999999999911
143.9250000000000114	93.2236000000000047	123.7840000000000060
143.9910000000000139	109.9800000000000040	301.1890000000000214
143.9939999999999998	180.6719999999999970	163.3729999999999905
143.9960000000000093	143.2920000000000016	263.2950000000000159
144.0759999999999934	157.5060000000000002	262.1999999999999886
144.1419999999999959	159.1680000000000064	257.7810000000000059
144.1440000000000055	86.9205000000000041	291.7710000000000150
144.1860000000000070	129.0910000000000082	180.3309999999999889
144.2150000000000034	121.0340000000000060	268.2019999999999982
144.3760000000000048	178.2789999999999964	101.6550000000000011
144.4329999999999927	170.0080000000000098	107.4590000000000032
144.4439999999999884	145.2839999999999918	268.7160000000000082
144.5149999999999864	125.5580000000000069	283.4189999999999827
144.5329999999999870	166.4370000000000118	238.5320000000000107
144.5960000000000036	70.8466999999999985	154.6450000000000102
144.6419999999999959	104.6730000000000018	301.4429999999999836
144.6850000000000023	181.7640000000000100	139.8489999999999895
144.7059999999999889	187.8820000000000050	93.9693000000000040
144.7319999999999993	123.4270000000000067	272.3450000000000273
144.7410000000000139	184.8160000000000025	123.0480000000000018
144.7659999999999911	173.0879999999999939	211.9929999999999950
144.7659999999999911	178.7179999999999893	172.3470000000000084
144.8079999999999927	67.4068999999999932	245.9470000000000027
144.8499999999999943	97.1453000000000060	166.5709999999999980
144.9900000000000091	153.5140000000000100	225.7139999999999986
144.9910000000000139	189.8009999999999877	97.9996000000000009
144.9979999999999905	184.5720000000000027	97.9091999999999985
145.0140000000000100	157.1980000000000075	114.8130000000000024
145.0749999999999886	127.0060000000000002	121.9579999999999984
145.1009999999999991	151.8810000000000002	264.3430000000000177
145.1279999999999859	113.0220000000000056	178.9360000000000070
145.1860000000000070	96.7659000000000020	299.1659999999999968
145.2899999999999920	176.8600000000000136	185.7119999999999891
145.3069999999999879	84.0416000000000025	156.6009999999999991
145.3089999999999975	124.2870000000000061	278.3849999999999909
145.3460000000000036	148.7980000000000018	259.2769999999999868
145.3750000000000000	73.2493000000000052	249.5579999999999927
145.4209999999999923	106.9680000000000035	263.3659999999999854
145.4250000000000114	64.6473000000000013	151.2640000000000100
145.4830000000000041	160.9590000000000032	177.1769999999999925
145.5149999999999864	177.1049999999999898	177.1879999999999882
145.6160000000000139	114.0810000000000031	266.6539999999999964
145.6339999999999861	66.7259999999999991	140.7529999999999859
145.6719999999999970	99.2419000000000011	261.0009999999999764
145.8600000000000136	156.5829999999999984	212.4079999999999870
145.8789999999999907	177.9879999999999995	147.7620000000000005
145.9149999999999920	154.7560000000000002	173.1069999999999993
146.0060000000000002	61.0272999999999968	253.9890000000000043
146.1239999999999952	159.7359999999999900	198.7110000000000127
146.1779999999999973	156.1970000000000027	253.4869999999999948
146.2500000000000000	79.2913999999999959	253.4010000000000105
146.2659999999999911	117.3379999999999939	271.0960000000000036
146.2729999999999961	153.7119999999999891	258.3700000000000045
146.2810000000000059	167.3810000000000002	233.6339999999999861
146.2920000000000016	156.6009999999999991	217.5989999999999895
146.4279999999999973	171.9629999999999939	207.5879999999999939
146.4770000000000039	118.9009999999999962	291.7740000000000009
146.5060000000000002	153.7400000000000091	238.4490000000000123
146.5240000000000009	161.4590000000000032	185.6390000000000100
146.5430000000000064	177.7079999999999984	167.9250000000000114
146.6349999999999909	183.8979999999999961	102.9659999999999940
146.6560000000000059	180.0480000000000018	134.5529999999999973
146.6730000000000018	78.7849999999999966	153.5889999999999986
146.6839999999999975	80.0784000000000020	287.6379999999999768
146.6980000000000075	170.2170000000000130	216.5879999999999939
146.7059999999999889	174.3720000000000141	190.3660000000000139
146.7529999999999859	90.6139000000000010	258.7110000000000127
146.7800000000000011	184.4410000000000025	115.7300000000000040
146.8019999999999925	78.8620999999999981	128.2079999999999984
146.9720000000000084	154.5850000000000080	233.4869999999999948
146.9749999999999943	168.7460000000000093	228.3389999999999986
147.1250000000000000	170.8629999999999995	195.2899999999999920
147.1570000000000107	113.5709999999999980	297.4019999999999868
147.1829999999999927	154.0169999999999959	248.2369999999999948
147.1990000000000123	184.3449999999999989	108.6700000000000017
147.2199999999999989	159.7659999999999911	247.6390000000000100
147.2270000000000039	180.2920000000000016	127.9470000000000027
147.2319999999999993	160.0430000000000064	204.9089999999999918
147.3199999999999932	119.1400000000000006	286.2389999999999759
147.3899999999999864	132.9710000000000036	179.8830000000000098
147.3990000000000009	118.2180000000000035	123.7109999999999985
147.6009999999999991	162.8849999999999909	193.4840000000000089
147.6169999999999902	174.4000000000000057	160.8379999999999939
147.6810000000000116	170.4770000000000039	202.2119999999999891
147.8089999999999975	61.9874000000000009	246.9319999999999879
147.8940000000000055	124.7019999999999982	180.4310000000000116
147.9399999999999977	90.3735000000000070	158.7340000000000089
147.9699999999999989	83.8546000000000049	256.5299999999999727
147.9830000000000041	107.2510000000000048	173.1370000000000005
148.0029999999999859	138.1279999999999859	182.1260000000000048
148.0070000000000050	90.8781000000000034	296.8340000000000032
148.0929999999999893	162.3449999999999989	172.3520000000000039
148.1610000000000014	163.8019999999999925	110.1869999999999976
148.3480000000000132	72.2850999999999999	280.1829999999999927
148.4859999999999900	157.6380000000000052	223.7249999999999943
148.4869999999999948	172.6730000000000018	165.1260000000000048
148.4950000000000045	160.6579999999999870	211.5209999999999866
148.5109999999999957	116.9959999999999951	280.9809999999999945
148.5529999999999973	171.2640000000000100	170.0399999999999920
148.5629999999999882	163.9329999999999927	181.8520000000000039
148.5680000000000121	157.4269999999999925	241.7589999999999861
148.6570000000000107	167.5310000000000059	222.2030000000000030
148.6819999999999879	170.9000000000000057	175.2199999999999989
148.7299999999999898	171.2549999999999955	156.1500000000000057
148.7330000000000041	65.4024000000000001	269.2850000000000250
148.7700000000000102	165.0629999999999882	200.3100000000000023
148.7729999999999961	164.7969999999999970	177.5389999999999873
148.8640000000000043	166.6949999999999932	211.7680000000000007
148.8940000000000055	173.4619999999999891	104.1539999999999964
148.9490000000000123	171.2839999999999918	181.3909999999999911
148.9710000000000036	114.5630000000000024	275.6159999999999854
149.0200000000000102	171.9190000000000111	150.2969999999999970
149.0229999999999961	63.2229999999999990	259.7010000000000218
149.0250000000000057	102.3460000000000036	301.0799999999999841
149.0289999999999964	163.1040000000000134	189.1970000000000027
149.1160000000000139	157.7990000000000066	229.3880000000000052
149.1500000000000057	101.0930000000000035	264.2980000000000018
149.1550000000000011	160.2230000000000132	235.6959999999999980
149.1709999999999923	75.7980000000000018	284.5029999999999859
149.2450000000000045	165.9350000000000023	206.5639999999999930
149.2889999999999873	64.4116999999999962	144.7760000000000105
149.3209999999999980	175.6069999999999993	138.4710000000000036
149.3230000000000075	108.8119999999999976	124.6650000000000063
149.6040000000000134	73.1118000000000023	132.6299999999999955
149.6169999999999902	164.2419999999999902	166.7659999999999911
149.6879999999999882	163.7839999999999918	217.1519999999999868
149.8410000000000082	105.2469999999999999	267.1139999999999759
149.9159999999999968	171.2719999999999914	186.7620000000000005
149.9350000000000023	143.4850000000000136	181.2390000000000043
149.9519999999999982	172.6109999999999900	143.8009999999999877
150.0219999999999914	114.2930000000000064	288.6530000000000200
150.0709999999999980	167.9029999999999916	190.3499999999999943
150.1930000000000121	109.1730000000000018	271.0000000000000000
150.2439999999999998	178.2980000000000018	121.1200000000000045
150.3660000000000139	76.9207999999999998	150.7940000000000111
150.4000000000000057	65.8396999999999935	249.2290000000000134
150.4039999999999964	98.3735000000000070	125.1050000000000040
150.4350000000000023	163.4979999999999905	230.8439999999999941
150.4679999999999893	161.6490000000000009	221.4410000000000025
150.4819999999999993	166.1440000000000055	161.5540000000000020
150.5229999999999961	140.8590000000000089	118.3080000000000069
150.5250000000000057	103.4719999999999942	168.2460000000000093
150.5380000000000109	96.1633999999999958	299.8279999999999745
150.5569999999999879	166.1519999999999868	185.9900000000000091
150.7170000000000130	86.7759999999999962	126.1809999999999974
150.7210000000000036	61.9590000000000032	251.3489999999999895
150.7439999999999998	148.9970000000000141	115.3940000000000055
150.7769999999999868	67.8472000000000008	274.1990000000000123
150.9830000000000041	162.8880000000000052	226.2079999999999984
151.0349999999999966	178.9180000000000064	111.5679999999999978
151.3520000000000039	168.1589999999999918	105.9150000000000063
151.3679999999999950	68.9943999999999988	137.1610000000000014
151.3720000000000141	111.2219999999999942	292.6030000000000086
151.3940000000000055	159.5300000000000011	165.9250000000000114
151.3979999999999961	173.3019999999999925	135.3619999999999948
151.3990000000000009	68.1855999999999938	151.2599999999999909
151.8410000000000082	72.5497000000000014	252.7930000000000064
151.9679999999999893	177.0289999999999964	115.8430000000000035
152.2340000000000089	93.5241999999999933	262.8849999999999909
152.2390000000000043	173.5140000000000100	130.9559999999999889
152.3240000000000123	132.1730000000000018	121.0079999999999956
152.5349999999999966	86.1346999999999952	153.8590000000000089
152.6299999999999955	78.7232999999999947	256.1659999999999968
152.7529999999999859	87.1748999999999938	294.3829999999999814
152.8700000000000045	82.4766999999999939	290.4809999999999945
152.9120000000000061	85.2026000000000039	259.4159999999999968
152.9399999999999977	147.3739999999999952	177.6959999999999980
153.0010000000000048	64.5562000000000040	265.6829999999999927
153.0269999999999868	110.5120000000000005	284.2889999999999873
153.0620000000000118	166.5339999999999918	148.3540000000000134
153.0689999999999884	151.2940000000000111	173.6910000000000025
153.0769999999999982	169.4099999999999966	138.5399999999999920
153.1100000000000136	165.0219999999999914	152.7040000000000077
153.1440000000000055	175.8600000000000136	107.2180000000000035
153.2290000000000134	91.6406999999999954	297.4529999999999745
153.2290000000000134	98.8247000000000071	266.3700000000000045
153.2659999999999911	66.1084000000000032	141.0140000000000100
153.3499999999999943	98.3872999999999962	162.4339999999999975
153.4689999999999941	162.6310000000000002	157.2150000000000034
153.5809999999999889	63.5915999999999997	147.9739999999999895
153.6390000000000100	108.9330000000000069	288.5600000000000023
154.0430000000000064	104.7579999999999956	296.2570000000000050
154.0600000000000023	78.0454000000000008	286.7130000000000223
154.3300000000000125	123.7249999999999943	123.2000000000000028
154.3420000000000130	172.7009999999999934	125.0169999999999959
154.3720000000000141	107.9729999999999990	278.8999999999999773
154.4519999999999982	159.8959999999999866	160.7330000000000041
154.4710000000000036	80.6621999999999986	151.0260000000000105
154.5500000000000114	64.9852999999999952	254.5080000000000098
154.5629999999999882	77.4432000000000045	129.2980000000000018
154.5649999999999977	154.0589999999999975	170.3839999999999861
154.7450000000000045	114.6760000000000019	174.9679999999999893
154.8189999999999884	121.0919999999999987	178.4170000000000016
155.0649999999999977	104.8239999999999981	274.4259999999999877
155.0699999999999932	65.6948000000000008	269.9669999999999845
155.1250000000000000	97.1833000000000027	297.9769999999999754
155.3799999999999955	93.6478000000000037	157.2669999999999959
155.7889999999999873	173.0440000000000111	112.8059999999999974
155.8040000000000020	164.8849999999999909	143.2150000000000034
155.8580000000000041	74.3050000000000068	282.8620000000000232
155.8590000000000089	163.0660000000000025	107.4470000000000027
156.0010000000000048	143.8880000000000052	116.5709999999999980
156.0190000000000055	100.3139999999999930	270.1050000000000182
156.0500000000000114	171.9989999999999952	118.8209999999999980
156.1100000000000136	138.0900000000000034	181.9809999999999945
156.3189999999999884	130.6440000000000055	180.7230000000000132
156.4180000000000064	167.4430000000000121	134.0730000000000075
156.4319999999999879	155.8509999999999991	111.3509999999999991
156.4730000000000132	110.2570000000000050	170.6589999999999918
156.6819999999999879	114.7039999999999935	124.4879999999999995
156.7969999999999970	63.7411999999999992	144.2870000000000061
156.7969999999999970	155.9360000000000070	166.9569999999999936
156.8779999999999859	104.3269999999999982	291.3360000000000127
157.2740000000000009	75.8566000000000003	152.3739999999999952
157.3009999999999877	72.6475999999999971	256.4159999999999968
157.3779999999999859	148.4890000000000043	114.3780000000000001
158.0459999999999923	66.5494999999999948	257.9479999999999791
158.0999999999999943	104.1590000000000060	124.9629999999999939
158.2129999999999939	164.1270000000000095	138.2150000000000034
158.2189999999999941	70.7069000000000045	278.1170000000000186
158.2439999999999998	92.6546000000000021	125.2409999999999997
158.2789999999999964	168.2810000000000059	106.1129999999999995
158.3930000000000007	66.3673000000000002	139.6359999999999957
158.4749999999999943	79.0161999999999978	259.8530000000000086
158.5010000000000048	159.9209999999999923	154.2170000000000130
158.5360000000000014	104.1129999999999995	286.6419999999999959
158.5420000000000016	91.1443000000000012	295.4289999999999736
158.5610000000000070	93.0272999999999968	266.8360000000000127
158.7620000000000005	62.8821000000000012	149.4819999999999993
158.7820000000000107	66.6036000000000001	263.0009999999999764
158.8230000000000075	167.7750000000000057	128.6949999999999932
158.9910000000000139	86.0510000000000019	263.3559999999999945
159.0449999999999875	141.8700000000000045	180.6610000000000014
159.1049999999999898	82.3306000000000040	126.2890000000000015
159.2500000000000000	161.7330000000000041	149.5389999999999873
159.2860000000000014	158.2599999999999909	158.2940000000000111
159.5730000000000075	106.2330000000000041	166.3669999999999902
159.6699999999999875	67.3819000000000017	154.1550000000000011
159.8300000000000125	70.4535999999999945	133.7340000000000089
160.0829999999999984	157.0250000000000057	162.9120000000000061
160.1059999999999945	128.2350000000000136	121.9000000000000057
160.2220000000000084	92.2532999999999959	155.2659999999999911
160.2529999999999859	68.0887000000000029	272.9010000000000105
160.2849999999999966	85.5841000000000065	292.4329999999999927
160.4259999999999877	149.1709999999999923	175.4590000000000032
160.5300000000000011	67.1490000000000009	267.9340000000000259
160.6299999999999955	162.1819999999999879	141.6980000000000075
160.7280000000000086	98.1079000000000008	294.1619999999999777
160.7340000000000089	153.3019999999999925	171.1589999999999918
160.7880000000000109	80.7176999999999936	288.6560000000000059
160.7990000000000066	85.8978000000000037	153.6250000000000000
160.8379999999999939	99.9317999999999955	274.9830000000000041
160.8799999999999955	77.0938000000000017	285.2250000000000227
160.9379999999999882	120.2409999999999997	176.1589999999999918
161.1709999999999923	136.6220000000000141	119.0190000000000055
161.2009999999999934	71.6157999999999930	260.6759999999999877
161.2560000000000002	169.8720000000000141	109.7450000000000045
161.3149999999999977	144.0749999999999886	116.0120000000000005
161.6659999999999968	74.2034000000000020	155.6399999999999864
161.7299999999999898	103.0070000000000050	281.5860000000000127
161.8839999999999861	125.0630000000000024	178.4339999999999975
161.9350000000000023	145.4139999999999873	178.2510000000000048
162.1390000000000100	164.2990000000000066	133.5889999999999986
162.1879999999999882	168.7220000000000084	115.7980000000000018
162.2119999999999891	97.3808999999999969	158.3930000000000007
162.6589999999999918	167.8100000000000023	122.7039999999999935
162.7230000000000132	116.2909999999999968	172.9530000000000030
162.7439999999999998	62.1961000000000013	152.4600000000000080
162.9480000000000075	80.7022000000000048	154.9879999999999995
163.1939999999999884	74.9084000000000003	128.2059999999999889
163.3170000000000073	101.3719999999999999	287.7409999999999854
163.4699999999999989	135.8340000000000032	181.2529999999999859
163.5010000000000048	93.6248999999999967	270.5070000000000050
163.6119999999999948	120.7439999999999998	123.1479999999999961
163.6630000000000109	66.1672999999999973	138.5759999999999934
163.7299999999999898	111.6850000000000023	169.3460000000000036
163.9329999999999927	161.6119999999999948	145.2659999999999911
163.9519999999999982	148.9749999999999943	113.6119999999999948
163.9730000000000132	161.8170000000000073	107.5019999999999953
164.0240000000000009	63.1617000000000033	143.8899999999999864
164.1519999999999868	155.8619999999999948	166.9159999999999968
164.2340000000000089	78.8436999999999983	264.3100000000000023
164.5120000000000005	102.5769999999999982	162.3540000000000134
164.7110000000000127	70.0718999999999994	158.5149999999999864
164.7379999999999995	159.1160000000000139	153.9070000000000107
164.8779999999999859	71.7873000000000019	265.8709999999999809
165.1939999999999884	86.2117999999999967	267.4580000000000268
165.2599999999999909	61.3509999999999991	149.0840000000000032
165.2909999999999968	86.3568000000000069	123.9090000000000060
165.3480000000000132	129.7769999999999868	179.7959999999999923
165.5920000000000130	151.4190000000000111	174.2340000000000089
165.6409999999999911	78.8188999999999993	124.9579999999999984
166.0540000000000020	74.4557999999999964	281.6139999999999759
166.2009999999999934	162.7090000000000032	140.1479999999999961
166.2680000000000007	110.6880000000000024	123.7240000000000038
166.3710000000000093	100.3559999999999945	277.6309999999999718
166.4679999999999893	93.5735999999999990	156.4170000000000016
166.5380000000000109	154.8839999999999861	170.9859999999999900
166.5550000000000068	166.0459999999999923	128.3009999999999877
167.0109999999999957	141.3899999999999864	180.0209999999999866
167.0109999999999957	158.2319999999999993	159.7680000000000007
167.0980000000000132	79.1758999999999986	158.7580000000000098
167.1990000000000123	70.4907999999999930	270.6349999999999909
167.2129999999999939	63.8736999999999995	157.1370000000000005
167.2529999999999859	96.8325999999999993	273.8029999999999973
167.5579999999999927	103.1520000000000010	288.1940000000000168
167.6440000000000055	98.0717999999999961	123.4620000000000033
167.6599999999999966	87.5516999999999967	156.6469999999999914
167.8209999999999980	92.2580999999999989	293.9370000000000118
168.0459999999999923	100.8930000000000007	292.7470000000000141
168.0980000000000132	103.5000000000000000	281.8059999999999832
168.1599999999999966	127.6569999999999965	121.1340000000000003
168.1889999999999930	155.0020000000000095	110.3130000000000024
168.2280000000000086	142.0209999999999866	116.4590000000000032
168.2379999999999995	79.2228000000000065	286.2069999999999936
168.5060000000000002	84.3151000000000010	290.3770000000000095
168.6599999999999966	169.7350000000000136	112.8370000000000033
168.7470000000000141	73.0969999999999942	161.9149999999999920
168.7839999999999918	70.9826999999999941	275.8550000000000182
168.8660000000000139	157.8810000000000002	164.2119999999999891
168.9240000000000066	165.3859999999999957	133.7769999999999868
169.0080000000000098	61.4821999999999989	152.4749999999999943
169.0279999999999916	123.4309999999999974	176.6440000000000055
169.2570000000000050	108.1269999999999953	166.8189999999999884
169.2570000000000050	168.7589999999999861	118.6820000000000022
169.2969999999999970	161.2340000000000089	151.0159999999999911
169.2980000000000018	148.0529999999999973	176.4499999999999886
169.4050000000000011	98.6975000000000051	159.6730000000000018
169.8470000000000084	66.9920999999999935	161.8640000000000043
169.9339999999999975	67.2072000000000003	135.3919999999999959
170.0310000000000059	169.4699999999999989	106.8499999999999943
170.1020000000000039	89.2022999999999939	270.3419999999999845
170.3559999999999945	115.2639999999999958	171.7189999999999941
170.3600000000000136	70.4385000000000048	130.4970000000000141
170.6229999999999905	107.2680000000000007	290.8929999999999723
170.6850000000000023	62.3021999999999991	146.5579999999999927
170.8400000000000034	64.5200999999999993	140.4579999999999984
170.9950000000000045	157.6260000000000048	170.1020000000000039
171.1529999999999916	110.3870000000000005	286.6650000000000205
171.2659999999999911	80.6179999999999950	122.8280000000000030
171.2680000000000007	168.6779999999999973	124.0990000000000038
171.3309999999999889	93.8613000000000000	158.5999999999999943
171.4209999999999923	102.7439999999999998	163.1140000000000043
171.8009999999999877	103.3259999999999934	275.8149999999999977
171.8160000000000025	164.2750000000000057	144.6419999999999959
171.9559999999999889	133.5629999999999882	180.8019999999999925
171.9600000000000080	109.8940000000000055	280.6499999999999773
172.0029999999999859	77.9150000000000063	268.3129999999999882
172.0509999999999877	134.3549999999999898	118.8580000000000041
172.3209999999999980	74.8205999999999989	125.4740000000000038
172.4399999999999977	88.5502999999999929	160.4499999999999886
172.8590000000000089	151.6740000000000066	175.4180000000000064
172.9219999999999970	70.9027999999999992	165.4530000000000030
173.0190000000000055	147.9730000000000132	113.4579999999999984
173.1040000000000134	100.4929999999999950	295.9599999999999795
173.1100000000000136	88.8182999999999936	121.9740000000000038
173.3360000000000127	162.1899999999999977	156.4120000000000061
173.3940000000000055	80.7215999999999951	163.9919999999999902
173.4209999999999923	118.6080000000000041	285.8890000000000100
173.4230000000000018	114.8520000000000039	291.1530000000000200
173.5320000000000107	144.3750000000000000	180.7789999999999964
173.7259999999999991	109.1089999999999947	294.7540000000000191
173.9290000000000020	169.4259999999999877	129.3240000000000123
173.9890000000000043	167.6550000000000011	139.5140000000000100
174.2280000000000086	120.3359999999999985	279.0849999999999795
174.3199999999999932	96.7023999999999972	270.8890000000000100
174.3209999999999980	118.6250000000000000	121.6410000000000053
174.3209999999999980	161.7110000000000127	161.5519999999999925
174.4989999999999952	173.6769999999999925	116.2210000000000036
174.6990000000000123	74.1139000000000010	279.2900000000000205
174.7050000000000125	113.7199999999999989	275.4769999999999754
174.7659999999999911	175.1910000000000025	110.9609999999999985
174.7690000000000055	97.0883000000000038	162.4869999999999948
174.7709999999999866	87.5242999999999967	268.8940000000000055
174.7849999999999966	172.2709999999999866	120.8529999999999944
174.8689999999999998	127.0699999999999932	282.1419999999999959
174.9000000000000057	71.4612999999999943	271.8700000000000045
174.9180000000000064	128.2729999999999961	278.0559999999999832
174.9430000000000121	62.3736999999999995	155.7400000000000091
175.1440000000000055	161.5949999999999989	166.1670000000000016
175.2479999999999905	63.5641000000000034	160.6560000000000059
175.2829999999999870	125.6850000000000023	286.5790000000000077
175.3460000000000036	123.8449999999999989	274.6899999999999977
175.3520000000000039	159.8129999999999882	175.2419999999999902
175.3540000000000134	133.8839999999999861	274.6089999999999804
175.3580000000000041	165.7090000000000032	149.8689999999999998
175.5500000000000114	78.2126999999999981	283.3140000000000214
175.5550000000000068	156.4919999999999902	178.7549999999999955
175.6049999999999898	161.6519999999999868	106.4009999999999962
175.6519999999999868	136.5049999999999955	269.2130000000000223
175.6970000000000027	169.1939999999999884	103.1700000000000017
175.8350000000000080	77.8262000000000000	122.7980000000000018
175.8629999999999995	127.3790000000000049	120.1080000000000041
175.8839999999999861	88.9568000000000012	291.9940000000000282
175.9250000000000114	65.1796999999999969	165.0269999999999868
175.9399999999999977	106.8400000000000034	122.0040000000000049
175.9689999999999941	144.2750000000000057	267.9119999999999777
175.9919999999999902	170.3710000000000093	134.0780000000000030
176.0519999999999925	134.5250000000000057	280.1120000000000232
176.0639999999999930	162.4900000000000091	171.1009999999999991
176.1450000000000102	83.2590000000000003	287.8509999999999991
176.2249999999999943	151.9099999999999966	183.2350000000000136
176.2369999999999948	143.8609999999999900	272.5330000000000155
176.2750000000000057	107.6710000000000065	271.4569999999999936
176.2990000000000066	123.4189999999999969	290.6000000000000227
176.3050000000000068	127.5079999999999956	270.4150000000000205
176.3060000000000116	95.6012999999999948	295.3509999999999991
176.3540000000000134	103.8449999999999989	166.7599999999999909
176.4550000000000125	62.6308000000000007	149.9110000000000014
176.5480000000000018	125.9039999999999964	179.1949999999999932
176.5790000000000077	90.4698999999999955	164.2800000000000011
176.7529999999999859	176.3489999999999895	101.9000000000000057
176.8369999999999891	117.9590000000000032	271.1150000000000091
176.8559999999999945	66.0370999999999952	137.2980000000000018
176.9180000000000064	178.6519999999999868	106.5259999999999962
177.0339999999999918	153.6550000000000011	110.3119999999999976
177.0389999999999873	110.6310000000000002	171.0149999999999864
177.0540000000000020	144.8439999999999941	185.6709999999999923
177.0629999999999882	141.6500000000000057	277.6659999999999968
177.1200000000000045	139.8930000000000007	264.1800000000000068
177.1990000000000123	174.0759999999999934	125.4080000000000013
177.2179999999999893	140.3880000000000052	116.1440000000000055
177.2580000000000098	66.7784999999999940	169.4660000000000082
177.3360000000000127	133.3189999999999884	284.8629999999999995
177.5380000000000109	76.1235000000000070	169.5130000000000052
177.5629999999999882	83.7310999999999979	266.2069999999999936
177.5639999999999930	137.5819999999999936	184.7189999999999941
177.5869999999999891	119.0610000000000070	294.1320000000000050
177.6740000000000066	130.3629999999999995	266.0350000000000250
177.7549999999999955	160.9939999999999998	180.5600000000000023
177.7609999999999957	97.1578999999999979	121.4689999999999941
177.9240000000000066	150.3930000000000007	264.6610000000000014
178.0029999999999859	170.5949999999999989	144.9149999999999920
178.1109999999999900	118.1640000000000015	175.9050000000000011
178.2319999999999993	69.4933000000000050	173.5720000000000027
178.2439999999999998	92.9917999999999978	266.8029999999999973
178.3309999999999889	68.3293000000000035	133.0560000000000116
178.3470000000000084	106.6020000000000039	297.4649999999999750
178.3569999999999993	71.9039999999999964	268.8620000000000232
178.3830000000000098	82.9001999999999981	121.7139999999999986
178.4130000000000109	147.7800000000000011	259.8109999999999786
178.4619999999999891	155.9739999999999895	256.9809999999999945
178.5240000000000009	121.7639999999999958	267.1720000000000255
178.5329999999999870	172.3720000000000141	100.1219999999999999
178.6129999999999995	147.6839999999999975	275.9259999999999877
178.6370000000000005	168.4490000000000123	154.6339999999999861
178.6529999999999916	157.7050000000000125	186.9149999999999920
178.7129999999999939	158.2340000000000089	252.5800000000000125
178.7390000000000043	63.9298000000000002	174.6189999999999998
178.8180000000000121	166.1719999999999970	175.9629999999999939
178.8309999999999889	168.1100000000000136	159.0060000000000002
178.8379999999999939	166.8470000000000084	166.0060000000000002
178.9279999999999973	180.8280000000000030	114.3739999999999952
178.9559999999999889	102.8289999999999935	267.2699999999999818
179.0440000000000111	131.0289999999999964	289.0509999999999877
179.0449999999999875	179.0660000000000025	120.6820000000000022
179.0540000000000020	113.2840000000000060	296.7130000000000223
179.1140000000000043	181.8530000000000086	110.0540000000000020
179.1430000000000007	112.7030000000000030	267.4769999999999754
179.1649999999999920	175.3420000000000130	131.1440000000000055
179.1860000000000070	101.0780000000000030	296.7440000000000282
179.2040000000000077	150.2820000000000107	188.4739999999999895
179.3139999999999930	75.0986000000000047	265.4590000000000032
179.4480000000000075	129.6579999999999870	183.0420000000000016
179.4559999999999889	64.6963999999999970	142.4720000000000084
179.4559999999999889	86.9759999999999991	168.1899999999999977
179.4569999999999936	150.9530000000000030	271.2309999999999945
179.5389999999999873	164.3100000000000023	250.6020000000000039
179.6399999999999864	138.5219999999999914	260.0160000000000196
179.6409999999999911	149.0540000000000020	254.8859999999999957
179.7539999999999907	158.2549999999999955	247.5949999999999989
179.7750000000000057	96.5327999999999946	167.5039999999999907
179.7909999999999968	175.2740000000000009	136.9350000000000023
179.8489999999999895	71.7680000000000007	128.4149999999999920
179.8640000000000043	73.1338999999999970	275.2629999999999768
179.8880000000000052	166.9269999999999925	180.5440000000000111
179.9679999999999893	174.7249999999999943	141.6680000000000064
179.9910000000000139	131.9629999999999939	261.8260000000000218
180.0089999999999861	165.2179999999999893	185.0629999999999882
180.0099999999999909	184.4399999999999977	103.0919999999999987
180.0140000000000100	140.9319999999999879	282.7029999999999745
180.0809999999999889	184.3439999999999941	98.6363999999999947
180.1239999999999952	164.9970000000000141	245.7460000000000093
180.1519999999999868	172.8120000000000118	150.4449999999999932
180.2379999999999995	170.3379999999999939	171.9639999999999986
180.4350000000000023	132.3089999999999975	118.0679999999999978
180.4840000000000089	81.8705000000000069	263.1349999999999909
180.5459999999999923	167.2390000000000043	101.9560000000000031
180.5689999999999884	124.2150000000000034	263.3770000000000095
180.6250000000000000	90.1043999999999983	120.9959999999999951
180.6829999999999927	163.4660000000000082	189.7390000000000043
180.7129999999999939	156.4329999999999927	190.8050000000000068
180.8810000000000002	178.2889999999999873	96.5657999999999959
180.8940000000000055	117.1050000000000040	264.4610000000000127
181.0039999999999907	63.5942000000000007	182.9000000000000057
181.0490000000000066	180.2709999999999866	127.4890000000000043
181.0519999999999925	163.2669999999999959	255.5869999999999891
181.0680000000000121	89.8109000000000037	263.2420000000000186
181.0769999999999982	160.2849999999999966	242.7019999999999982
181.2429999999999950	158.7949999999999875	260.6519999999999868
181.2470000000000141	127.1989999999999981	292.5590000000000259
181.2709999999999866	147.1659999999999968	279.3220000000000027
181.3009999999999877	173.4339999999999975	167.2189999999999941
181.3160000000000025	70.5416000000000025	178.7090000000000032
181.3590000000000089	150.4670000000000130	249.9050000000000011
181.3880000000000052	186.3079999999999927	107.1580000000000013
181.4290000000000020	140.5180000000000007	256.3960000000000150
181.5529999999999973	63.4504999999999981	153.1939999999999884
181.5589999999999975	88.1728999999999985	289.2660000000000196
181.6910000000000025	171.2820000000000107	187.5449999999999875
181.7500000000000000	172.8849999999999909	182.9929999999999950
181.7640000000000100	137.4430000000000121	287.0860000000000127
181.8329999999999984	142.0250000000000057	189.1800000000000068
181.8540000000000134	175.5840000000000032	156.0600000000000023
181.8779999999999859	77.6677999999999997	279.7470000000000141
181.8830000000000098	163.3950000000000102	237.2100000000000080
181.9250000000000114	186.7889999999999873	93.8928999999999974
181.9470000000000027	169.7429999999999950	233.5420000000000016
181.9819999999999993	98.7438999999999965	263.4100000000000250
182.0790000000000077	176.3470000000000084	161.7379999999999995
182.1610000000000014	63.7301000000000002	165.5279999999999916
182.1610000000000014	103.6779999999999973	171.6349999999999909
182.1939999999999884	76.8620999999999981	175.0099999999999909
182.2230000000000132	169.7479999999999905	192.8549999999999898
182.2659999999999911	178.6129999999999995	146.0039999999999907
182.2860000000000014	122.3760000000000048	180.8429999999999893
182.3100000000000023	61.0713999999999970	177.7470000000000141
182.3379999999999939	83.3639000000000010	172.0680000000000121
182.3400000000000034	186.4559999999999889	118.0349999999999966
182.3580000000000041	163.1620000000000061	231.5399999999999920
182.4099999999999966	76.2018999999999949	261.1139999999999759
182.4699999999999989	168.2030000000000030	248.4970000000000141
182.5289999999999964	175.9420000000000073	177.5920000000000130
182.5440000000000111	77.3933999999999997	124.1340000000000003
182.5680000000000121	94.8352000000000004	292.3369999999999891
182.5769999999999982	108.9009999999999962	263.1370000000000005
182.5860000000000127	123.6490000000000009	119.2999999999999972
182.6179999999999950	185.1930000000000121	124.1700000000000017
182.7419999999999902	110.6820000000000022	174.8919999999999959
182.7429999999999950	132.9130000000000109	257.7719999999999914
182.7969999999999970	63.6248999999999967	158.2239999999999895
182.8019999999999925	171.3990000000000009	229.4509999999999934
182.8319999999999936	160.2309999999999945	194.6779999999999973
182.8350000000000080	152.4120000000000061	244.7350000000000136
182.8449999999999989	71.1717000000000013	268.6829999999999927
182.9370000000000118	166.0219999999999914	197.7620000000000005
182.9519999999999982	168.9170000000000016	243.1109999999999900
182.9780000000000086	191.0759999999999934	98.7935999999999979
182.9919999999999902	180.9540000000000077	140.6769999999999925
183.0620000000000118	182.0840000000000032	134.1490000000000009
183.0980000000000132	121.0660000000000025	295.0120000000000005
183.0989999999999895	132.8139999999999930	187.5800000000000125
183.2319999999999993	146.9120000000000061	112.4219999999999970
183.2709999999999866	188.7179999999999893	112.0019999999999953
183.3149999999999977	157.7290000000000134	266.0049999999999955
183.3350000000000080	125.5939999999999941	259.4479999999999791
183.3400000000000034	69.3782999999999959	184.2849999999999966
183.3650000000000091	172.6109999999999900	197.3340000000000032
183.4120000000000061	84.1233000000000004	284.4089999999999918
183.4339999999999975	103.3979999999999961	120.6449999999999960
183.4979999999999905	177.1169999999999902	191.6779999999999973
183.5120000000000005	190.7290000000000134	104.3149999999999977
183.5310000000000059	117.6760000000000019	261.0400000000000205
183.5519999999999925	179.8429999999999893	171.4099999999999966
183.5550000000000068	151.6719999999999970	276.2029999999999745
183.5589999999999975	142.0240000000000009	251.6469999999999914
183.5939999999999941	179.2450000000000045	183.7880000000000109
183.6090000000000089	171.6870000000000118	98.4238000000000000
183.6550000000000011	65.8790999999999940	189.5159999999999911
183.6719999999999970	61.2419999999999973	189.2860000000000014
183.7810000000000059	153.8770000000000095	239.7299999999999898
183.8160000000000025	71.1631000000000000	262.7189999999999941
183.8209999999999980	185.2680000000000007	129.5720000000000027
183.8369999999999891	168.0080000000000098	201.9699999999999989
183.8820000000000050	62.6788999999999987	172.1930000000000121
183.8870000000000005	163.9830000000000041	225.5020000000000095
184.0010000000000048	113.3539999999999992	296.0500000000000114
184.0070000000000050	106.5289999999999964	295.9080000000000155
184.1059999999999945	171.8420000000000130	237.1870000000000118
184.1860000000000070	86.0318000000000040	259.4800000000000182
184.2079999999999984	173.7259999999999991	225.6349999999999909
184.2400000000000091	133.6529999999999916	290.3750000000000000
184.2729999999999961	191.6210000000000093	88.7266999999999939
184.3040000000000020	94.8006000000000029	260.5489999999999782
184.3220000000000027	182.7969999999999970	166.0910000000000082
184.3350000000000080	154.0929999999999893	234.6250000000000000
184.3849999999999909	182.9190000000000111	158.1899999999999977
184.4569999999999936	150.5600000000000023	192.6430000000000007
184.5970000000000084	155.1450000000000102	108.2289999999999992
184.6419999999999959	189.9180000000000064	122.0600000000000023
184.6800000000000068	159.9230000000000018	200.8249999999999886
184.6889999999999930	93.0413000000000068	172.9250000000000114
184.7259999999999991	141.9060000000000059	285.3009999999999877
184.8170000000000073	171.5550000000000068	206.4499999999999886
184.8389999999999986	171.5949999999999989	219.9269999999999925
184.8739999999999952	113.0070000000000050	119.8840000000000003
184.8959999999999866	163.3660000000000139	206.1299999999999955
185.0519999999999925	153.8540000000000134	229.4190000000000111
185.1179999999999950	164.6179999999999950	220.1310000000000002
185.1260000000000048	67.5323999999999955	136.3899999999999864
185.1899999999999977	125.3629999999999995	185.5000000000000000
185.2179999999999893	144.4209999999999923	246.3969999999999914
185.2880000000000109	185.3480000000000132	161.8379999999999939
185.2969999999999970	184.6570000000000107	152.3540000000000134
185.3480000000000132	134.2199999999999989	253.2680000000000007
185.3569999999999993	173.0540000000000020	214.6179999999999950
185.3799999999999955	166.5060000000000002	211.0209999999999866
185.4279999999999973	176.9010000000000105	201.4699999999999989
185.4519999999999982	114.2150000000000034	179.0829999999999984
185.5370000000000061	145.9120000000000061	282.3500000000000227
185.5380000000000109	183.1109999999999900	90.2275000000000063
185.5720000000000027	186.2889999999999873	145.2500000000000000
185.5809999999999889	195.5939999999999941	93.7698000000000036
185.6119999999999948	180.1250000000000000	196.3580000000000041
185.6299999999999955	189.6730000000000018	127.4500000000000028
185.6699999999999875	164.9950000000000045	215.8650000000000091
185.6829999999999927	161.7059999999999889	104.1670000000000016
185.7309999999999945	137.7030000000000030	115.2399999999999949
185.7800000000000011	175.3559999999999945	232.8799999999999955
185.7839999999999918	102.2819999999999965	259.8170000000000073
185.7870000000000061	147.1229999999999905	242.0010000000000048
185.8629999999999995	193.5860000000000127	107.5280000000000058
185.9370000000000118	176.0180000000000007	210.4869999999999948
186.0039999999999907	84.4628000000000014	175.8830000000000098
186.0420000000000016	60.3008000000000024	180.8449999999999989
186.0709999999999980	103.0540000000000020	293.1080000000000041
186.0790000000000077	65.2206000000000046	147.5180000000000007
186.1260000000000048	182.9679999999999893	192.2560000000000002
186.1879999999999882	76.8840000000000003	256.7669999999999959
186.2170000000000130	96.0411000000000001	120.4180000000000064
186.2249999999999943	186.9590000000000032	85.1287999999999982
186.2560000000000002	71.3903999999999996	258.9669999999999845
186.3259999999999934	126.8700000000000045	255.1690000000000111
186.3319999999999936	153.8729999999999905	196.8189999999999884
186.4010000000000105	156.0190000000000055	205.6670000000000016
186.4399999999999977	149.9569999999999936	279.3690000000000282
186.4490000000000123	77.6496000000000066	275.9929999999999950
186.5120000000000005	152.4010000000000105	224.5769999999999982
186.5169999999999959	184.9089999999999918	181.9399999999999977
186.5790000000000077	157.7669999999999959	219.7640000000000100
186.5869999999999891	158.8280000000000030	211.2829999999999870
186.6009999999999991	91.9428999999999945	287.2850000000000250
186.6260000000000048	187.8679999999999950	139.1289999999999907
186.6310000000000002	184.6899999999999977	188.1680000000000064
186.6490000000000009	60.1886000000000010	186.0229999999999961
186.7079999999999984	110.7300000000000040	258.6399999999999864
186.7529999999999859	127.9500000000000028	292.5459999999999923
186.7860000000000014	166.6930000000000121	100.7540000000000049
186.8259999999999934	119.0570000000000022	257.0079999999999814
186.8679999999999950	193.6759999999999877	117.3940000000000055
186.9110000000000014	192.6409999999999911	82.8335000000000008
186.9250000000000114	168.9070000000000107	252.3600000000000136
187.0250000000000057	136.5349999999999966	191.9519999999999982
187.1589999999999918	138.1390000000000100	287.7710000000000150
187.1620000000000061	197.8870000000000005	98.4544000000000068
187.3139999999999930	179.8129999999999882	206.1939999999999884
187.3400000000000034	144.7009999999999934	232.0130000000000052
187.3429999999999893	155.2429999999999950	271.2909999999999968
187.3590000000000089	144.2510000000000048	237.3650000000000091
187.3710000000000093	177.6550000000000011	228.4809999999999945
187.3890000000000100	197.9540000000000077	85.3528000000000020
187.4350000000000023	178.3509999999999991	218.1140000000000043
187.5130000000000052	136.0529999999999973	247.8050000000000068
187.5349999999999966	75.3821999999999974	272.1229999999999905
187.5730000000000075	70.5093999999999994	131.4950000000000045
187.5749999999999886	190.1550000000000011	133.2549999999999955
187.5920000000000130	95.4142999999999972	257.3580000000000041
187.6359999999999957	179.8319999999999936	213.7620000000000005
187.6630000000000109	152.9559999999999889	210.2170000000000130
187.7139999999999986	151.2760000000000105	201.1560000000000059
187.7259999999999991	188.9730000000000132	169.7659999999999911
187.7340000000000089	79.2754000000000048	181.3580000000000041
187.7940000000000111	144.3530000000000086	227.2150000000000034
187.8089999999999975	103.2540000000000049	177.4120000000000061
187.8750000000000000	175.9420000000000073	94.7163999999999930
187.8890000000000100	194.1419999999999959	124.2210000000000036
187.9259999999999877	128.9439999999999884	116.8719999999999999
187.9410000000000025	150.9110000000000014	220.0509999999999877
188.0010000000000048	111.3599999999999994	293.2450000000000045
188.0049999999999955	118.1460000000000008	183.6529999999999916
188.0780000000000030	143.2179999999999893	193.4550000000000125
188.0980000000000132	197.8470000000000084	103.4140000000000015
188.1030000000000086	82.7569000000000017	278.9350000000000023
188.1030000000000086	173.1129999999999995	241.1579999999999870
188.1560000000000059	187.4360000000000070	175.4780000000000086
188.2290000000000134	120.1170000000000044	293.2959999999999923
188.2599999999999909	148.5999999999999943	206.3810000000000002
188.3480000000000132	74.0290999999999997	127.4969999999999999
188.3520000000000039	139.2489999999999952	242.2849999999999966
188.3559999999999945	151.1589999999999918	215.2139999999999986
188.3779999999999859	86.5670999999999964	121.5229999999999961
188.3909999999999911	73.7480999999999938	187.7990000000000066
188.5250000000000057	73.4501000000000062	267.9950000000000045
188.5759999999999934	87.1731999999999942	254.7700000000000102
188.5939999999999941	69.2917000000000058	194.4240000000000066
188.6459999999999866	99.7199999999999989	288.8170000000000073
188.6519999999999868	62.9468999999999994	195.0929999999999893
188.7019999999999982	148.2100000000000080	194.9130000000000109
188.7700000000000102	143.6829999999999927	222.4679999999999893
188.7899999999999920	72.1145999999999958	263.7259999999999991
188.9240000000000066	133.1090000000000089	290.0099999999999909
188.9290000000000020	65.2746999999999957	154.1730000000000018
188.9559999999999889	162.7160000000000082	262.7160000000000082
188.9710000000000036	165.9010000000000105	257.6659999999999968
188.9950000000000045	128.2990000000000066	250.0560000000000116
189.0000000000000000	192.1870000000000118	148.6579999999999870
189.0010000000000048	126.9719999999999942	190.7400000000000091
189.0430000000000064	193.9840000000000089	129.5339999999999918
189.1510000000000105	179.3849999999999909	223.4960000000000093
189.2870000000000061	183.9019999999999868	200.9290000000000020
189.3029999999999973	191.1980000000000075	158.5769999999999982
189.3160000000000025	120.7570000000000050	117.9230000000000018
189.4079999999999870	144.7949999999999875	200.9209999999999923
189.4250000000000114	192.5929999999999893	143.2100000000000080
189.4950000000000045	144.4269999999999925	211.8750000000000000
189.5569999999999879	143.6059999999999945	217.6080000000000041
189.5660000000000025	103.9279999999999973	256.0869999999999891
189.5920000000000130	64.0889999999999986	167.1980000000000075
189.5999999999999943	89.3613000000000000	281.9689999999999941
189.6370000000000005	138.9559999999999889	197.4859999999999900
189.7040000000000077	91.0143999999999949	178.7920000000000016
189.7609999999999957	191.7789999999999964	164.5660000000000025
189.8170000000000073	142.2009999999999934	284.4870000000000232
189.8509999999999991	121.0570000000000022	187.5279999999999916
189.8959999999999866	120.6410000000000053	252.4569999999999936
189.9000000000000057	136.1779999999999973	228.8909999999999911
189.9970000000000141	140.8149999999999977	207.1140000000000043
190.0469999999999970	197.5289999999999964	111.5729999999999933
190.0579999999999927	186.9159999999999968	195.0960000000000036
190.2019999999999982	136.1430000000000007	224.5300000000000011
190.2410000000000139	135.5169999999999959	233.3110000000000070
190.2849999999999966	130.9610000000000127	195.5850000000000080
190.2909999999999968	112.3229999999999933	254.4439999999999884
190.3209999999999980	134.3089999999999975	198.8139999999999930
190.3779999999999859	61.6512000000000029	177.3509999999999991
190.3930000000000007	67.2904999999999944	140.5989999999999895
190.4350000000000023	183.1500000000000057	210.2239999999999895
190.4960000000000093	79.0315999999999974	251.4099999999999966
190.5759999999999934	160.0279999999999916	266.6179999999999950
190.6129999999999995	199.6380000000000052	107.3100000000000023
190.7050000000000125	72.9291999999999945	255.2410000000000139
190.7860000000000014	151.4679999999999893	276.5350000000000250
190.8940000000000055	199.3160000000000025	81.4772999999999996
190.9190000000000111	202.1649999999999920	89.6760000000000019
190.9470000000000027	135.5949999999999989	203.0800000000000125
190.9519999999999982	108.5220000000000056	289.1220000000000141
190.9960000000000093	133.2379999999999995	237.9389999999999930
191.0550000000000068	104.1989999999999981	119.1590000000000060
191.1510000000000105	96.8478999999999957	253.3849999999999909
191.1670000000000016	108.9590000000000032	182.6169999999999902
191.1750000000000114	189.1100000000000136	191.1310000000000002
191.1889999999999930	135.4869999999999948	220.1589999999999918
191.2570000000000050	96.6187000000000040	283.9019999999999868
191.2729999999999961	169.4480000000000075	98.1315000000000026
191.2740000000000009	129.1080000000000041	243.7249999999999943
191.3540000000000134	146.9300000000000068	280.6560000000000059
191.4110000000000014	126.8940000000000055	290.0659999999999741
191.8300000000000125	89.5506000000000029	249.8909999999999911
191.8340000000000032	194.5289999999999964	153.5000000000000000
191.8460000000000036	141.2930000000000064	112.1760000000000019
191.8480000000000132	176.2450000000000045	236.5120000000000005
191.8559999999999945	135.5920000000000130	215.4350000000000023
191.9159999999999968	134.9019999999999868	209.0699999999999932
191.9590000000000032	122.5250000000000057	247.7729999999999961
191.9650000000000034	148.7330000000000041	109.2990000000000066
192.0670000000000073	196.1140000000000043	145.8979999999999961
192.0759999999999934	82.3417000000000030	273.1999999999999886
192.1430000000000007	199.1140000000000043	121.0409999999999968
192.1959999999999980	198.2980000000000018	127.3370000000000033
192.2009999999999934	117.9330000000000069	289.5110000000000241
192.2110000000000127	61.3494000000000028	189.4629999999999939
192.3420000000000130	189.5680000000000121	83.0131999999999977
192.3470000000000084	171.5240000000000009	246.2429999999999950
192.3530000000000086	199.3530000000000086	115.8679999999999950
192.3580000000000041	65.5036000000000058	161.0109999999999957
192.3890000000000100	190.5070000000000050	186.6730000000000018
192.3979999999999961	87.7710000000000008	276.9449999999999932
192.4710000000000036	82.9401000000000010	245.7030000000000030
192.5120000000000005	78.4783999999999935	269.1539999999999964
192.5349999999999966	129.1730000000000018	224.1899999999999977
192.5649999999999977	204.0389999999999873	95.6876000000000033
192.6179999999999950	194.0989999999999895	170.4530000000000030
192.6719999999999970	127.9419999999999931	229.9420000000000073
192.6970000000000027	155.7630000000000052	105.7609999999999957
192.7479999999999905	134.4269999999999925	286.4590000000000032
192.8000000000000114	128.5000000000000000	200.2829999999999870
192.8300000000000125	105.4479999999999933	251.8669999999999902
192.8569999999999993	191.1229999999999905	181.0860000000000127
192.9960000000000093	73.2941000000000003	195.5809999999999889
193.0349999999999966	61.4628999999999976	183.6229999999999905
193.0440000000000111	113.8259999999999934	186.9420000000000073
193.0720000000000027	162.6020000000000039	101.8810000000000002
193.1129999999999995	184.4499999999999886	87.2360999999999933
193.1179999999999950	133.0629999999999882	114.0660000000000025
193.1879999999999882	104.7480000000000047	284.5240000000000009
193.2079999999999984	195.8300000000000125	138.0380000000000109
193.2100000000000080	88.2763000000000062	183.2510000000000048
193.2609999999999957	185.8619999999999948	205.9110000000000014
193.3439999999999941	97.9543000000000035	182.5300000000000011
193.3609999999999900	75.0909000000000049	246.6210000000000093
193.4149999999999920	114.1620000000000061	249.0440000000000111
193.4339999999999975	126.1779999999999973	234.1459999999999866
193.4679999999999893	197.4459999999999980	132.6119999999999948
193.4759999999999991	183.1469999999999914	219.7889999999999873
193.4780000000000086	204.9219999999999970	84.1847999999999956
193.5029999999999859	77.1981999999999999	191.3100000000000023
193.5120000000000005	77.1838000000000051	241.2680000000000007
193.6150000000000091	82.1469000000000023	186.8040000000000020
193.7249999999999943	67.6200000000000045	199.5709999999999980
193.7379999999999995	118.6099999999999994	190.9530000000000030
193.8880000000000052	98.8063999999999965	248.7160000000000082
193.9139999999999873	204.7899999999999920	100.6949999999999932
193.9379999999999882	113.7409999999999997	117.3610000000000042
193.9430000000000121	94.2891999999999939	278.4399999999999977
194.0399999999999920	86.8657999999999930	240.3919999999999959
194.0480000000000018	179.5980000000000132	91.4099999999999966
194.0660000000000025	178.7760000000000105	231.9629999999999939
194.0790000000000077	77.9214000000000055	265.0790000000000077
194.1390000000000100	197.4319999999999879	142.4379999999999882
194.1469999999999914	92.8751000000000033	244.1220000000000141
194.1560000000000059	123.4449999999999932	238.7580000000000098
194.1670000000000016	67.5528999999999940	144.3439999999999941
194.1800000000000068	128.2470000000000141	205.2690000000000055
194.2210000000000036	168.6049999999999898	254.1250000000000000
194.2319999999999993	74.0003999999999991	251.1330000000000098
194.2400000000000091	197.7239999999999895	149.4170000000000016
194.3009999999999877	184.4310000000000116	215.0339999999999918
194.3449999999999989	119.4710000000000036	243.7249999999999943
194.3969999999999914	67.1641999999999939	149.6490000000000009
194.4110000000000014	122.4699999999999989	196.0649999999999977
194.5500000000000114	128.6980000000000075	210.9679999999999893
194.5509999999999877	123.6880000000000024	115.5480000000000018
194.7040000000000077	74.4240999999999957	236.1899999999999977
194.7460000000000093	100.7890000000000015	280.4080000000000155
194.8000000000000114	196.5039999999999907	80.1437999999999988
194.9159999999999968	76.4848999999999961	259.7379999999999995
194.9339999999999975	187.7750000000000057	201.7940000000000111
194.9550000000000125	196.5260000000000105	161.4180000000000064
194.9720000000000084	84.3201999999999998	235.6279999999999859
195.0649999999999977	121.9749999999999943	225.3029999999999973
195.2299999999999898	79.1754999999999995	124.9020000000000010
195.2599999999999909	106.3799999999999955	246.8890000000000100
195.2669999999999959	125.0499999999999972	285.7660000000000196
195.2690000000000055	95.1736999999999966	119.5079999999999956
195.3220000000000027	163.8789999999999907	260.3439999999999941
195.3410000000000082	124.9479999999999933	218.3600000000000136
195.3569999999999993	140.0709999999999980	281.9519999999999982
195.4430000000000121	169.9650000000000034	250.7860000000000014
195.4960000000000093	119.1449999999999960	231.1150000000000091
195.5360000000000014	190.4089999999999918	195.8499999999999943
195.6409999999999911	201.8100000000000023	124.9240000000000066
195.6589999999999918	203.9979999999999905	107.0669999999999931
195.6670000000000016	73.1115000000000066	231.9199999999999875
195.6930000000000121	115.0559999999999974	283.9289999999999736
195.7090000000000032	100.7109999999999985	243.6059999999999945
195.7609999999999957	80.5408999999999935	231.1690000000000111
195.7920000000000016	112.2159999999999940	244.2669999999999959
195.9000000000000057	180.7820000000000107	227.4180000000000064
195.9579999999999984	103.6830000000000069	186.7390000000000043
196.0759999999999934	116.9860000000000042	235.3420000000000130
196.2930000000000064	114.6129999999999995	239.8389999999999986
196.3019999999999925	64.6415999999999968	172.6930000000000121
196.3269999999999982	73.7530000000000001	129.5699999999999932
196.5260000000000105	70.2806999999999960	135.0089999999999861
196.5699999999999932	160.4850000000000136	263.8589999999999804
196.5900000000000034	194.5380000000000109	175.9199999999999875
196.5949999999999989	74.4175999999999931	199.2359999999999900
196.6440000000000055	98.1084000000000032	235.8919999999999959
196.6450000000000102	173.3820000000000050	95.1217000000000041
196.6790000000000020	106.7650000000000006	241.2510000000000048
196.7340000000000089	84.7510000000000048	267.6589999999999918
196.7510000000000048	71.3378000000000014	241.4699999999999989
196.8319999999999936	156.2369999999999948	267.9820000000000277
196.9579999999999984	77.2784999999999940	226.5970000000000084
196.9819999999999993	92.0369000000000028	271.9990000000000236
196.9850000000000136	121.5999999999999943	202.3180000000000121
196.9919999999999902	151.4770000000000039	272.4139999999999873
197.0389999999999873	91.9030000000000058	187.4749999999999943
197.1670000000000016	109.4500000000000028	234.7390000000000043
197.1719999999999970	89.4167000000000058	229.8499999999999943
197.2160000000000082	122.9389999999999930	208.1119999999999948
197.2560000000000002	112.8160000000000025	228.3180000000000121
197.2599999999999909	67.3687999999999931	155.7800000000000011
197.2690000000000055	84.0481999999999942	190.5209999999999866
197.2930000000000064	109.7259999999999991	190.7620000000000005
197.3230000000000075	108.2120000000000033	279.1530000000000200
197.4699999999999989	84.4574999999999960	226.7359999999999900
197.5010000000000048	114.9030000000000058	194.2050000000000125
197.5200000000000102	115.7129999999999939	223.3540000000000134
197.5409999999999968	136.0029999999999859	111.4830000000000041
197.6129999999999995	131.6610000000000014	282.1129999999999995
197.6150000000000091	200.0039999999999907	145.4000000000000057
197.6649999999999920	144.8990000000000009	276.9540000000000077
197.7230000000000132	203.0869999999999891	119.8439999999999941
197.7620000000000005	71.0554999999999950	228.4629999999999939
197.8449999999999989	73.0605000000000047	245.9550000000000125
197.8729999999999905	63.5726999999999975	194.2379999999999995
197.8849999999999909	202.7270000000000039	78.9633999999999929
197.9360000000000070	101.2039999999999935	275.1730000000000018
197.9660000000000082	80.6217999999999932	195.6399999999999864
198.0039999999999907	198.3540000000000134	157.2580000000000098
198.0540000000000020	202.2439999999999998	129.5209999999999866
198.0980000000000132	206.9199999999999875	80.3391000000000020
198.1080000000000041	104.7259999999999991	229.5970000000000084
198.1080000000000041	174.3139999999999930	240.2210000000000036
198.1490000000000009	64.5178999999999974	198.7110000000000127
198.6069999999999993	142.0000000000000000	109.2279999999999944
198.6210000000000093	192.8230000000000075	190.4859999999999900
198.6680000000000064	63.7730999999999995	179.9689999999999941
198.6709999999999923	97.8665000000000020	227.4339999999999975
198.6810000000000116	70.5670999999999964	204.0440000000000111
198.7019999999999982	182.8930000000000007	223.0209999999999866
198.7609999999999957	76.9095999999999975	220.6459999999999866
198.7640000000000100	197.8379999999999939	165.5469999999999970
198.8319999999999936	83.8470999999999975	222.3489999999999895
198.8340000000000032	78.0769999999999982	253.6949999999999932
198.8720000000000141	107.3469999999999942	224.8480000000000132
198.8979999999999961	187.0310000000000059	209.9809999999999945
198.9000000000000057	199.8820000000000050	152.5070000000000050
198.9029999999999916	118.8960000000000008	212.2549999999999955
198.9339999999999975	197.0749999999999886	171.0949999999999989
199.0329999999999870	90.7459000000000060	224.4120000000000061
199.0389999999999873	71.0738000000000056	223.8750000000000000
199.0869999999999891	123.5949999999999989	280.3079999999999927
199.1860000000000070	203.5879999999999939	113.4899999999999949
199.2810000000000059	70.0969000000000051	234.0020000000000095
199.3480000000000132	115.0810000000000031	198.7090000000000032
199.3710000000000093	149.0289999999999964	106.4260000000000019
199.4099999999999966	85.0460000000000065	262.4440000000000168
199.4259999999999877	136.8679999999999950	278.7950000000000159
199.4950000000000045	75.8092000000000041	249.3619999999999948
199.5440000000000111	164.2990000000000066	256.3750000000000000
199.5989999999999895	99.4245999999999981	191.4420000000000073
199.7560000000000002	79.2476999999999947	202.1740000000000066
199.8520000000000039	114.0990000000000038	216.7030000000000030
199.9279999999999973	210.2119999999999891	82.7329000000000008
199.9470000000000027	156.3540000000000134	103.1620000000000061
199.9619999999999891	209.2709999999999866	92.9146999999999963
200.0399999999999920	89.6697999999999951	193.1819999999999879
200.1150000000000091	86.7670999999999992	121.2469999999999999
200.1529999999999916	69.3837000000000046	140.3770000000000095
200.2270000000000039	98.8174999999999955	222.2580000000000098
200.2959999999999923	201.2680000000000007	148.7270000000000039
200.3520000000000039	104.3169999999999931	116.6610000000000014
200.3679999999999950	76.7304000000000030	208.1430000000000007
200.3870000000000005	127.3359999999999985	112.1910000000000025
200.4339999999999975	116.6209999999999951	276.8439999999999941
200.4629999999999939	107.2270000000000039	220.0029999999999859
200.5600000000000023	83.6165000000000020	216.5689999999999884
200.6189999999999998	91.2647000000000048	219.7059999999999889
200.6320000000000050	164.7640000000000100	98.9282999999999930
200.6570000000000107	210.0010000000000048	87.1474999999999937
200.6970000000000027	116.2510000000000048	114.3340000000000032
200.7390000000000043	106.9069999999999965	195.6250000000000000
200.7909999999999968	114.6149999999999949	205.0769999999999982
200.8549999999999898	194.0980000000000132	185.3880000000000052
200.9159999999999968	74.7086999999999932	214.4339999999999975
201.0250000000000057	67.5434999999999945	166.2620000000000005
201.0500000000000114	201.2539999999999907	140.8499999999999943
201.0579999999999927	209.7880000000000109	98.1444999999999936
201.0670000000000073	81.4202999999999975	211.6370000000000005
201.0769999999999982	194.2100000000000080	81.2506000000000057
201.1109999999999900	199.4830000000000041	161.1430000000000007
201.1409999999999911	64.1359999999999957	187.4370000000000118
201.1889999999999930	204.8660000000000139	125.2870000000000061
201.1949999999999932	70.0033999999999992	208.1109999999999900
201.2920000000000016	93.3200999999999965	265.3919999999999959
201.3110000000000070	188.4170000000000016	84.9809000000000054
201.3439999999999941	69.1204000000000036	145.7280000000000086
201.4230000000000018	87.9993999999999943	199.2820000000000107
201.4850000000000136	130.2549999999999955	276.9680000000000177
201.5039999999999907	184.9749999999999943	218.6819999999999879
201.5130000000000052	208.4149999999999920	104.8040000000000020
201.5329999999999870	166.5279999999999916	252.0250000000000057
201.6659999999999968	109.8829999999999956	272.5860000000000127
201.7199999999999989	99.5450000000000017	217.9530000000000030
201.7990000000000066	85.2685000000000031	257.3600000000000136
201.9039999999999964	87.6924000000000063	212.3149999999999977
201.9230000000000018	101.8799999999999955	268.7620000000000005
201.9439999999999884	183.1670000000000016	89.0506000000000029
202.0099999999999909	96.8682000000000016	196.6260000000000048
202.0229999999999961	87.6941999999999950	206.8050000000000068
202.0389999999999873	92.7134999999999962	215.4000000000000057
202.0769999999999982	159.1109999999999900	260.1820000000000164
202.1169999999999902	106.1680000000000064	215.4099999999999966
202.1440000000000055	109.2189999999999941	200.2270000000000039
202.1450000000000102	68.3841000000000037	160.8660000000000139
202.1659999999999968	188.4660000000000082	205.1939999999999884
202.1709999999999923	70.5447999999999951	229.3729999999999905
202.2319999999999993	109.3370000000000033	210.4360000000000070
202.2400000000000091	68.9908999999999963	151.5250000000000057
202.3220000000000027	192.3079999999999927	195.2059999999999889
202.4130000000000109	202.5180000000000007	135.1059999999999945
202.5300000000000011	71.3429000000000002	218.6649999999999920
202.5550000000000068	167.9219999999999970	247.6150000000000091
202.6829999999999927	137.5060000000000002	274.1689999999999827
202.7030000000000030	76.5083000000000055	244.6750000000000114
202.7400000000000091	67.4509000000000043	202.6899999999999977
202.7719999999999914	195.6560000000000059	180.1390000000000100
202.8019999999999925	176.1500000000000057	235.1440000000000055
202.8329999999999984	177.5500000000000114	92.5656000000000034
202.9060000000000059	144.6670000000000016	271.3980000000000246
202.9360000000000070	103.0480000000000018	199.4230000000000018
202.9379999999999882	95.1419999999999959	211.4010000000000105
202.9869999999999948	101.2049999999999983	213.1730000000000018
203.0389999999999873	170.4199999999999875	243.3139999999999930
203.0879999999999939	154.1500000000000057	263.9470000000000027
203.1069999999999993	96.6576000000000022	202.1150000000000091
203.1220000000000141	149.8220000000000027	267.8509999999999991
203.1750000000000114	105.6500000000000057	203.8969999999999914
203.2119999999999891	190.2319999999999993	200.3220000000000027
203.2620000000000005	200.7769999999999868	78.8281000000000063
203.3360000000000127	99.7758000000000038	207.6299999999999955
203.3919999999999959	134.3069999999999879	109.1560000000000059
203.3959999999999866	123.7669999999999959	273.6109999999999900
203.4879999999999995	178.9029999999999916	230.5060000000000002
203.5029999999999859	80.9504000000000019	249.3489999999999895
203.6730000000000018	76.5965000000000060	127.5589999999999975
203.7439999999999998	74.4415999999999940	237.5080000000000098
203.7719999999999914	205.8170000000000073	121.2009999999999934
204.1299999999999955	93.5233999999999952	260.1259999999999764
204.4579999999999984	93.5704000000000065	118.0430000000000064
204.7199999999999989	67.0606999999999971	176.8089999999999975
204.7210000000000036	86.3452999999999946	252.5680000000000121
204.8820000000000050	65.9599000000000046	182.4399999999999977
204.9379999999999882	69.5263000000000062	156.7429999999999950
204.9989999999999952	186.1229999999999905	214.1850000000000023
205.0279999999999916	117.5649999999999977	269.5849999999999795
205.0490000000000066	207.4290000000000020	109.8610000000000042
205.3269999999999982	71.5109000000000066	211.9399999999999977
205.4079999999999870	102.1149999999999949	262.8330000000000268
205.4430000000000121	130.8160000000000025	270.8260000000000218
205.5149999999999864	149.8009999999999877	103.7519999999999953
205.6210000000000093	72.3076999999999970	224.8930000000000007
205.6769999999999925	170.7280000000000086	95.4291000000000054
205.7450000000000045	212.3940000000000055	82.0322000000000031
205.7580000000000098	110.3949999999999960	265.9159999999999968
205.7800000000000011	202.0010000000000048	152.4809999999999945
205.8189999999999884	73.5554999999999950	131.6210000000000093
205.8449999999999989	180.2369999999999948	226.1310000000000002
205.8520000000000039	205.7439999999999998	129.8770000000000095
206.1870000000000118	82.4107999999999947	245.3230000000000075
206.2340000000000089	161.3689999999999998	253.0860000000000127
206.3420000000000130	75.1603000000000065	232.2479999999999905
206.4199999999999875	138.0219999999999914	268.6820000000000164
206.4399999999999977	93.4856000000000051	255.3300000000000125
206.5409999999999968	143.6740000000000066	266.9060000000000059
206.5490000000000066	200.8209999999999980	158.5840000000000032
206.5540000000000020	207.8100000000000023	78.3773000000000053
206.5660000000000025	67.3305000000000007	198.1349999999999909
206.6150000000000091	141.3859999999999957	105.8449999999999989
206.6179999999999950	126.8499999999999943	109.3160000000000025
206.6490000000000009	206.1479999999999961	117.3780000000000001
206.7340000000000089	203.1069999999999993	145.4590000000000032
206.7560000000000002	118.8370000000000033	110.9309999999999974
206.7820000000000107	80.7870999999999952	124.0060000000000002
206.8389999999999986	69.5559999999999974	171.2529999999999859
206.9350000000000023	156.7870000000000061	256.0939999999999941
206.9579999999999984	197.2520000000000095	174.8700000000000045
207.0550000000000068	87.0096000000000060	248.5120000000000005
207.2719999999999914	108.6400000000000006	112.8010000000000019
207.4399999999999977	146.4439999999999884	263.4560000000000173
207.5329999999999870	198.8389999999999986	168.6210000000000093
207.6030000000000086	150.9699999999999989	259.7080000000000268
207.6090000000000089	212.4480000000000075	90.6988999999999947
207.6260000000000048	170.5099999999999909	239.0889999999999986
207.6409999999999911	67.0632999999999981	192.6339999999999861
207.6589999999999918	200.0689999999999884	163.1069999999999993
207.6949999999999932	75.2447999999999979	228.1380000000000052
207.7870000000000061	155.9600000000000080	100.7079999999999984
207.8590000000000089	71.7639000000000067	136.6510000000000105
207.8679999999999950	101.5469999999999970	257.7610000000000241
208.0049999999999955	70.6838000000000051	161.9619999999999891
208.0250000000000057	125.1599999999999966	265.9519999999999982
208.0889999999999986	82.9391999999999996	240.5440000000000111
208.2899999999999920	182.1009999999999991	221.6040000000000134
208.3679999999999950	71.2703000000000060	207.0409999999999968
208.4619999999999891	198.1299999999999955	80.0532000000000039
208.4670000000000130	132.7369999999999948	265.7200000000000273
208.5759999999999934	93.2524999999999977	250.4660000000000082
208.6229999999999905	161.5039999999999907	249.0039999999999907
208.6310000000000002	99.0110999999999990	114.5769999999999982
208.7649999999999864	207.2690000000000055	125.4350000000000023
208.7769999999999868	109.7639999999999958	260.1340000000000146
208.8540000000000134	117.3439999999999941	262.8399999999999750
208.9780000000000086	75.0336000000000070	221.2560000000000002
208.9979999999999905	138.9790000000000134	263.8550000000000182
209.0579999999999927	67.7506999999999948	186.8050000000000068
209.1299999999999955	74.6346000000000060	216.6109999999999900
209.2450000000000045	70.9091999999999985	153.1750000000000114
209.2549999999999955	186.6459999999999866	209.4039999999999964
209.2599999999999909	212.6189999999999998	95.2083999999999975
209.3899999999999864	71.4004000000000048	141.9389999999999930
209.6529999999999916	193.1670000000000016	190.3520000000000039
209.6949999999999932	184.0250000000000057	217.6250000000000000
209.7740000000000009	100.6740000000000066	253.0389999999999873
209.8530000000000086	195.1610000000000014	183.6939999999999884
209.9530000000000030	83.0002000000000066	235.0670000000000073
210.0500000000000114	193.3189999999999884	82.7724000000000046
210.0649999999999977	69.0610000000000070	181.0190000000000055
210.0780000000000030	71.3824000000000041	147.7620000000000005
210.0989999999999895	91.2897999999999996	244.7800000000000011
210.1040000000000134	212.3230000000000075	100.3919999999999959
210.1829999999999927	210.7340000000000089	105.7019999999999982
210.2179999999999893	85.8863000000000056	119.8829999999999956
210.2280000000000086	181.2849999999999966	90.5194000000000045
210.2750000000000057	207.4509999999999934	113.5879999999999939
210.4089999999999918	141.8969999999999914	259.6639999999999873
210.4910000000000139	131.4149999999999920	106.5240000000000009
210.5020000000000095	163.2740000000000009	243.3089999999999975
210.5699999999999932	175.4859999999999900	230.7110000000000127
210.6510000000000105	190.9710000000000036	197.2690000000000055
210.6649999999999920	162.8899999999999864	97.4120000000000061
210.7350000000000136	196.2709999999999866	179.3750000000000000
210.7839999999999918	108.3829999999999956	255.1819999999999879
210.8569999999999993	132.1819999999999879	260.7719999999999914
210.8580000000000041	72.4924000000000035	166.8189999999999884
210.9110000000000014	71.7536000000000058	202.4070000000000107
210.9389999999999930	213.6740000000000066	86.7239000000000004
211.0480000000000018	155.0519999999999925	251.6800000000000068
211.1730000000000018	175.2959999999999923	92.9997999999999934
211.3209999999999980	123.3409999999999940	259.3690000000000282
211.3959999999999866	82.1958000000000055	229.7510000000000048
211.4110000000000014	115.9860000000000042	257.1929999999999836
211.5399999999999920	147.4070000000000107	255.1330000000000098
211.5929999999999893	100.1580000000000013	248.1490000000000009
211.6879999999999882	80.0193000000000012	224.5929999999999893
211.6999999999999886	72.3028999999999940	157.5109999999999957
211.7270000000000039	170.5670000000000073	234.9410000000000025
211.7470000000000141	201.6179999999999950	156.1100000000000136
212.0469999999999970	106.4440000000000026	251.0790000000000077
212.1870000000000118	76.2368000000000023	211.1649999999999920
212.3220000000000027	187.5240000000000009	86.7553999999999945
212.5310000000000059	70.4916000000000054	195.4590000000000032
212.5689999999999884	202.8319999999999936	150.6500000000000057
212.5989999999999895	92.2590000000000003	238.5709999999999980
212.6229999999999905	121.8259999999999934	107.4789999999999992
212.6239999999999952	90.8803999999999945	115.9380000000000024
212.8000000000000114	137.1090000000000089	256.0710000000000264
212.8149999999999977	204.1699999999999875	139.6860000000000070
212.8540000000000134	207.6210000000000093	121.5610000000000070
213.0610000000000070	207.4050000000000011	129.3309999999999889
213.0790000000000077	113.3719999999999999	252.0819999999999936
213.0929999999999893	205.8859999999999957	133.7040000000000077
213.2210000000000036	72.9650000000000034	175.6959999999999980
213.3139999999999930	128.6399999999999864	255.6189999999999998
213.4799999999999898	72.5053999999999945	198.6610000000000014
213.4830000000000041	111.5969999999999942	108.9899999999999949
213.5649999999999977	121.0589999999999975	253.8149999999999977
213.5869999999999891	70.9642999999999944	185.2630000000000052
213.6040000000000134	76.8239999999999981	128.1539999999999964
213.7529999999999859	100.9339999999999975	242.8600000000000136
213.7729999999999961	71.1779999999999973	190.7239999999999895
213.8069999999999879	213.7719999999999914	81.0614999999999952
213.8530000000000086	186.9190000000000111	203.3290000000000077
213.8779999999999859	108.2870000000000061	247.3350000000000080
213.9530000000000030	102.0469999999999970	110.8520000000000039
214.0320000000000107	146.1359999999999957	101.5529999999999973
214.0389999999999873	204.0769999999999982	78.5575999999999937
214.0780000000000030	148.4070000000000107	250.5080000000000098
214.2479999999999905	200.5120000000000005	159.6949999999999932
214.2570000000000050	74.6169000000000011	162.1550000000000011
214.3449999999999989	152.9269999999999925	246.2760000000000105
214.3689999999999998	82.6954999999999956	219.2649999999999864
214.3909999999999911	171.1490000000000009	231.7069999999999936
214.4039999999999964	163.0989999999999895	237.8120000000000118
214.4979999999999905	136.8060000000000116	103.6200000000000045
214.5169999999999959	95.0486999999999966	112.7500000000000000
214.5649999999999977	140.9569999999999936	251.9180000000000064
214.6899999999999977	133.4130000000000109	252.6879999999999882
214.6959999999999980	73.1283999999999992	152.4050000000000011
214.8089999999999975	77.7785999999999973	206.3069999999999879
214.8400000000000034	92.5704000000000065	232.1769999999999925
214.8669999999999902	81.2588999999999970	214.5929999999999893
214.8739999999999952	209.6790000000000020	109.9330000000000069
214.9379999999999882	168.5610000000000070	94.5668000000000006
215.2270000000000039	74.2904000000000053	133.4079999999999870
215.2659999999999911	117.0370000000000061	248.0949999999999989
215.3069999999999879	182.5250000000000057	214.2019999999999982
215.3839999999999861	75.7777999999999992	170.5169999999999959
215.6539999999999964	88.3110999999999962	224.7090000000000032
215.7199999999999989	175.2220000000000084	224.1639999999999873
215.7419999999999902	126.4279999999999973	249.7719999999999914
215.8679999999999950	73.7227000000000032	181.2870000000000061
215.9759999999999991	198.3640000000000043	80.6462999999999965
216.0759999999999934	197.0039999999999907	171.1620000000000061
216.1390000000000100	179.4329999999999927	219.0999999999999943
216.2119999999999891	110.7319999999999993	242.5190000000000055
216.2889999999999873	190.3530000000000086	194.3259999999999934
216.2909999999999968	143.2460000000000093	247.5449999999999875
216.3530000000000086	210.1610000000000014	78.0904000000000025
216.4449999999999932	178.7870000000000061	91.1428999999999974
216.4960000000000093	103.2609999999999957	236.7920000000000016
216.5699999999999932	153.7379999999999995	240.2589999999999861
216.8439999999999941	195.2760000000000105	176.4470000000000027
216.8729999999999905	198.5550000000000068	164.9950000000000045
216.9830000000000041	154.5800000000000125	98.2124000000000024
217.1040000000000134	80.7052999999999940	123.0559999999999974
217.1250000000000000	135.9360000000000070	247.1030000000000086
217.1539999999999964	74.1632000000000033	138.3439999999999941
217.2500000000000000	207.8189999999999884	126.2429999999999950
217.2630000000000052	84.0220000000000056	210.7110000000000127
217.3499999999999943	203.3329999999999984	145.2740000000000009
217.4190000000000111	194.0099999999999909	181.1080000000000041
217.5440000000000111	79.6740999999999957	201.0180000000000007
217.5699999999999932	76.6513999999999953	194.8290000000000077
217.6920000000000073	188.0159999999999911	198.1320000000000050
217.6980000000000075	163.0850000000000080	233.0180000000000007
217.7309999999999945	192.5289999999999964	185.7259999999999991
217.9039999999999964	95.8943000000000012	225.8669999999999902
217.9170000000000016	121.0250000000000057	242.7889999999999873
217.9360000000000070	213.7769999999999868	91.2193000000000040
217.9879999999999995	129.7009999999999934	245.0000000000000000
218.0689999999999884	74.8243999999999971	143.5420000000000016
218.0949999999999989	168.4170000000000016	228.5469999999999970
218.1570000000000107	142.7880000000000109	242.3569999999999993
218.2189999999999941	89.0395000000000039	215.3619999999999948
218.2199999999999989	200.7649999999999864	155.7040000000000077
218.2719999999999914	207.7230000000000132	117.3299999999999983
218.3009999999999877	76.2588999999999970	187.4989999999999952
218.3360000000000127	102.7920000000000016	230.8360000000000127
218.3420000000000130	74.8914000000000044	149.5889999999999986
218.4120000000000061	155.3770000000000095	236.0109999999999957
218.4209999999999923	183.4749999999999943	88.9697000000000031
218.4629999999999939	92.8769999999999953	219.7450000000000045
218.4639999999999986	78.7501000000000033	166.3269999999999982
218.4970000000000141	76.8849000000000018	157.5889999999999986
218.7079999999999984	182.3369999999999891	209.2779999999999916
218.7609999999999957	114.3089999999999975	237.2930000000000064
219.1150000000000091	127.1959999999999980	103.4759999999999991
219.1870000000000118	208.7810000000000059	113.1159999999999997
219.2489999999999952	213.3420000000000130	97.1448000000000036
219.2930000000000064	110.0370000000000061	233.1800000000000068
219.4410000000000025	86.4207999999999998	206.1839999999999975
219.4749999999999943	134.6899999999999977	240.7580000000000098
219.5219999999999914	212.0440000000000111	104.5580000000000069
219.5780000000000030	89.1968999999999994	113.1280000000000001
219.6510000000000105	128.3750000000000000	240.0939999999999941
219.6699999999999875	115.2259999999999991	105.1380000000000052
219.8040000000000020	103.3319999999999936	225.9279999999999973
219.9499999999999886	173.6399999999999864	92.0404000000000053
220.0540000000000020	189.8029999999999973	190.2589999999999861
220.1119999999999948	79.3110000000000070	178.1550000000000011
220.1150000000000091	95.1154999999999973	109.7969999999999970
220.1939999999999884	161.1589999999999918	95.4270000000000067
220.3000000000000114	144.1550000000000011	236.0670000000000073
220.3400000000000034	123.4249999999999972	236.4010000000000105
220.3689999999999998	84.3675999999999959	117.7669999999999959
220.4399999999999977	201.3940000000000055	150.7429999999999950
220.4989999999999952	78.9321999999999946	182.7079999999999984
220.5159999999999911	214.8089999999999975	85.9911000000000030
220.5310000000000059	92.9172999999999973	211.2179999999999893
220.6459999999999866	102.0120000000000005	221.0360000000000014
220.6990000000000123	110.9129999999999967	228.5989999999999895
220.7479999999999905	206.3779999999999859	130.9519999999999982
220.8340000000000032	81.2389000000000010	171.5320000000000107
220.9329999999999927	98.5052000000000021	216.1550000000000011
221.0480000000000018	132.3549999999999898	235.6370000000000005
221.1129999999999995	152.6639999999999873	232.3509999999999991
221.1500000000000057	118.8190000000000026	231.5850000000000080
221.1819999999999879	103.8130000000000024	106.5769999999999982
221.8739999999999952	77.7976000000000028	151.6440000000000055
221.9110000000000014	110.2810000000000059	223.1670000000000016
221.9770000000000039	158.9110000000000014	228.6539999999999964
221.9859999999999900	76.4843999999999937	133.0360000000000014
221.9929999999999950	137.1630000000000109	100.5060000000000002
222.0540000000000020	198.4050000000000011	160.0629999999999882
222.1160000000000139	128.5629999999999882	231.7139999999999986
222.1250000000000000	86.0122999999999962	196.8959999999999866
222.1500000000000057	89.7716000000000065	201.8789999999999907
222.1670000000000016	187.6759999999999877	86.5585999999999984
222.2479999999999905	176.7649999999999864	214.8280000000000030
222.3729999999999905	171.9300000000000068	219.9449999999999932
222.4530000000000030	83.8264999999999958	191.5250000000000057
222.5229999999999961	137.3760000000000048	231.5310000000000059
222.5900000000000034	117.8220000000000027	225.6539999999999964
222.6169999999999902	95.2793999999999954	206.7129999999999939
222.6529999999999916	144.9490000000000123	231.0600000000000023
222.7139999999999986	186.3609999999999900	194.5699999999999932
222.8050000000000068	214.1229999999999905	80.7523999999999944
222.8389999999999986	82.5204999999999984	161.5130000000000052
222.9180000000000064	107.8329999999999984	217.4509999999999934
223.0939999999999941	204.1620000000000061	136.0540000000000020
223.1119999999999948	164.3880000000000052	223.9639999999999986
223.1899999999999977	125.7770000000000010	227.2990000000000066
223.2030000000000030	78.5213999999999999	127.3550000000000040
223.2309999999999945	193.6599999999999966	83.1227999999999980
223.3410000000000082	190.6539999999999964	182.7740000000000009
223.3480000000000132	83.7771000000000043	186.1519999999999868
223.5029999999999859	207.1959999999999980	122.7000000000000028
223.5960000000000036	133.1129999999999995	228.1790000000000020
223.6289999999999907	103.2990000000000066	211.4610000000000127
223.7050000000000125	179.6709999999999923	205.3959999999999866
223.9430000000000121	115.6869999999999976	219.7529999999999859
224.0380000000000109	149.9120000000000061	227.8220000000000027
224.0889999999999986	178.9869999999999948	89.6247000000000043
224.1430000000000007	194.8009999999999877	167.9730000000000132
224.1550000000000011	182.1949999999999932	199.5430000000000064
224.2350000000000136	208.6740000000000066	78.3577999999999975
224.3640000000000043	192.7810000000000059	172.9639999999999986
224.3930000000000007	85.2295000000000016	181.0490000000000066
224.4749999999999943	202.0430000000000064	79.6283999999999992
224.5099999999999909	122.8659999999999997	222.0060000000000002
224.6009999999999991	85.7329000000000008	166.5620000000000118
224.6330000000000098	202.3319999999999936	141.4120000000000061
224.8489999999999895	140.3389999999999986	226.3300000000000125
224.8650000000000091	97.3670999999999935	202.7369999999999948
224.9770000000000039	196.0000000000000000	163.7609999999999957
224.9859999999999900	82.8689999999999998	156.0720000000000027
224.9989999999999952	166.8689999999999998	92.5786999999999978
225.0060000000000002	206.3499999999999943	127.5939999999999941
225.0569999999999879	176.6459999999999866	209.5680000000000121
225.0629999999999882	86.7035999999999945	175.9459999999999980
225.0749999999999886	80.3589999999999947	146.2220000000000084
225.0970000000000084	155.3350000000000080	224.9650000000000034
225.1680000000000064	154.1220000000000141	95.7031999999999954
225.1709999999999923	131.1119999999999948	223.6009999999999991
225.2969999999999970	188.0680000000000121	186.2369999999999948
225.3689999999999998	87.2301999999999964	171.0850000000000080
225.4010000000000105	209.7210000000000036	109.8649999999999949
225.4509999999999934	145.7249999999999943	97.4244999999999948
225.4540000000000077	79.3760000000000048	139.8640000000000043
225.5639999999999930	190.1819999999999879	178.3259999999999934
225.6270000000000095	109.3149999999999977	102.8709999999999951
225.7189999999999941	95.2924000000000007	198.3429999999999893
225.7330000000000041	198.0120000000000005	155.8350000000000080
225.7539999999999907	103.1910000000000025	205.9039999999999964
225.8120000000000118	85.2630000000000052	113.9959999999999951
225.9209999999999923	120.0379999999999967	217.0339999999999918
225.9329999999999927	183.8919999999999959	87.6586000000000070
226.0550000000000068	114.2039999999999935	213.4190000000000111
226.2179999999999893	170.3710000000000093	216.0370000000000061
226.2299999999999898	92.7406000000000006	193.5949999999999989
226.2599999999999909	80.9415000000000049	122.7830000000000013
226.2599999999999909	82.5674000000000063	151.3489999999999895
226.3220000000000027	89.1303000000000054	110.4180000000000064
226.3820000000000050	118.4219999999999970	101.1550000000000011
226.4420000000000073	200.4339999999999975	146.5589999999999975
226.6239999999999952	91.0434999999999945	188.9199999999999875
226.9650000000000034	126.7789999999999964	218.0629999999999882
227.0149999999999864	156.8700000000000045	221.6040000000000134
227.0509999999999877	207.7750000000000057	114.3490000000000038
227.1519999999999868	163.3820000000000050	219.0749999999999886
227.3269999999999982	91.0876999999999981	184.0120000000000005
227.4139999999999873	148.0440000000000111	221.9890000000000043
227.4439999999999884	184.4569999999999936	190.1850000000000023
227.4970000000000141	110.8850000000000051	208.0519999999999925
227.5620000000000118	95.0114999999999981	106.6520000000000010
227.7429999999999950	211.2849999999999966	104.9410000000000025
227.7580000000000098	79.6791000000000054	133.5970000000000084
227.7880000000000109	128.6579999999999870	99.3384999999999962
228.2909999999999968	136.6080000000000041	218.9180000000000064
228.3329999999999984	92.4351000000000056	178.6930000000000121
228.4339999999999975	170.2179999999999893	211.8549999999999898
228.4879999999999995	214.0389999999999873	86.9134999999999991
228.4979999999999905	104.2009999999999934	200.3369999999999891
228.6270000000000095	122.7840000000000060	212.9890000000000043
228.6510000000000105	212.5680000000000121	93.9462000000000046
228.8420000000000130	90.4565000000000055	163.1560000000000059
228.9149999999999920	109.3529999999999944	203.8950000000000102
228.9579999999999984	206.3959999999999866	118.4740000000000038
229.0699999999999932	93.1756000000000029	173.2280000000000086
229.1310000000000002	194.7210000000000036	160.4790000000000134
229.1440000000000055	92.2446999999999946	168.0219999999999914
229.2129999999999939	180.0970000000000084	194.2470000000000141
229.2290000000000134	89.4836999999999989	158.4499999999999886
229.2580000000000098	197.4720000000000084	151.5829999999999984
229.3930000000000007	171.7270000000000039	207.2379999999999995
229.5279999999999916	185.9950000000000045	182.3750000000000000
229.5749999999999886	101.7699999999999960	195.0180000000000007
229.6129999999999995	101.5229999999999961	102.8269999999999982
229.7280000000000086	174.2479999999999905	202.2319999999999993
229.8319999999999936	129.9139999999999873	214.0409999999999968
229.8530000000000086	211.8580000000000041	99.5451000000000050
229.8559999999999945	154.4679999999999893	217.5889999999999986
230.0169999999999959	99.5529999999999973	190.5120000000000005
230.0389999999999873	172.8669999999999902	89.7185000000000059
230.0500000000000114	158.9279999999999973	92.9561999999999955
230.1459999999999866	81.0169000000000068	127.8100000000000023
230.1610000000000014	119.4849999999999994	208.2659999999999911
230.1790000000000020	97.8842000000000070	186.1069999999999993
230.1939999999999884	89.2908000000000044	153.7909999999999968
230.2870000000000061	162.2500000000000000	214.4890000000000043
230.3720000000000141	187.3959999999999866	85.2039000000000044
230.4319999999999879	83.4939999999999998	118.2909999999999968
230.4970000000000141	88.3725000000000023	148.7909999999999968
230.5289999999999964	136.3569999999999993	97.1782999999999930
230.5960000000000036	86.7818999999999932	143.1639999999999873
230.6779999999999973	97.6641000000000048	181.3449999999999989
230.6829999999999927	191.9389999999999930	164.8189999999999884
230.7630000000000052	175.7379999999999995	197.7429999999999950
231.1069999999999993	145.1719999999999970	215.7230000000000132
231.1740000000000066	189.5109999999999957	169.2220000000000084
231.4190000000000111	116.1919999999999931	203.6380000000000052
231.4219999999999970	204.8770000000000095	123.8539999999999992
231.6109999999999900	85.5900000000000034	137.7800000000000011
231.6550000000000011	212.8720000000000141	80.5200999999999993
231.6819999999999879	182.2990000000000066	186.0240000000000009
231.8389999999999986	202.3530000000000086	131.7170000000000130
232.0380000000000109	108.8419999999999987	195.9840000000000089
232.0720000000000027	112.5589999999999975	199.3509999999999991
232.1529999999999916	186.4310000000000116	173.8230000000000075
232.1680000000000064	99.2755999999999972	175.8480000000000132
232.2690000000000055	86.6460000000000008	112.9969999999999999
232.4490000000000123	109.2840000000000060	99.0541000000000054
232.5699999999999932	162.8750000000000000	209.3559999999999945
232.5720000000000027	137.2599999999999909	211.7690000000000055
232.5840000000000032	193.7359999999999900	156.5680000000000121
232.6330000000000098	98.3550999999999931	170.1370000000000005
232.6519999999999868	128.5769999999999982	208.3309999999999889
232.6980000000000075	84.2643000000000058	132.4939999999999998
232.8269999999999982	199.7150000000000034	137.9720000000000084
232.9389999999999930	97.0326000000000022	165.0720000000000027
233.1020000000000039	107.9489999999999981	191.7079999999999984
233.1370000000000005	196.3739999999999952	147.6850000000000023
233.2460000000000093	197.7400000000000091	143.0800000000000125
233.2719999999999914	152.9950000000000045	211.8629999999999995
233.2849999999999966	149.8269999999999982	93.6701999999999941
233.3429999999999893	177.7340000000000089	189.6539999999999964
233.3559999999999945	103.3349999999999937	181.1459999999999866
233.3880000000000052	105.8979999999999961	187.3209999999999980
233.4420000000000073	206.2439999999999998	78.5027999999999935
233.5759999999999934	90.7844999999999942	108.6530000000000058
233.6649999999999920	96.2967000000000013	158.3360000000000127
233.6829999999999927	83.4171000000000049	122.9300000000000068
233.7319999999999993	182.9679999999999893	178.4430000000000121
233.8499999999999943	129.7849999999999966	96.4091999999999985
233.8870000000000005	144.7040000000000077	211.1630000000000109
233.8909999999999911	165.1970000000000027	203.9950000000000045
234.0600000000000023	120.7800000000000011	96.7659000000000020
234.0620000000000118	198.7079999999999984	80.1513000000000062
234.0670000000000073	179.8319999999999936	86.7266000000000048
234.0889999999999986	124.0280000000000058	203.1750000000000114
234.1550000000000011	207.7709999999999866	109.6979999999999933
234.3979999999999961	96.2620000000000005	151.7220000000000084
234.4939999999999998	168.2649999999999864	198.9540000000000077
234.6370000000000005	180.6119999999999948	182.3449999999999989
234.7350000000000136	191.9279999999999973	82.4715000000000060
234.8170000000000073	92.7304000000000030	140.3280000000000030
234.8990000000000009	95.7502999999999957	146.1539999999999964
234.9050000000000011	84.6730000000000018	127.1359999999999957
234.9269999999999925	171.4250000000000114	193.7690000000000055
234.9279999999999973	114.5879999999999939	193.7680000000000007
235.2450000000000045	189.7129999999999939	161.0449999999999875
235.3329999999999984	165.2949999999999875	89.8563999999999936
235.3890000000000100	140.7290000000000134	94.3084000000000060
235.4770000000000039	142.2599999999999909	207.8240000000000123
235.5070000000000050	120.5160000000000053	197.4339999999999975
235.5749999999999886	105.2950000000000017	174.2429999999999950
235.7179999999999893	148.1129999999999995	207.9099999999999966
235.8069999999999879	136.7079999999999984	205.5289999999999964
235.8209999999999980	155.4809999999999945	205.9619999999999891
235.9170000000000016	204.7580000000000098	115.0610000000000070
235.9739999999999895	130.7589999999999861	202.9759999999999991
236.1500000000000057	91.4535000000000053	135.1579999999999870
236.1790000000000020	95.8790999999999940	104.1020000000000039
236.2659999999999911	113.9150000000000063	188.5860000000000127
236.2849999999999966	103.7980000000000018	167.2489999999999952
236.2909999999999968	109.0330000000000013	179.5759999999999934
236.4950000000000045	192.2479999999999905	151.9089999999999918
236.5130000000000052	176.1370000000000005	184.9679999999999893
236.5370000000000061	209.3180000000000121	103.2019999999999982
236.6040000000000134	111.9240000000000066	183.9629999999999939
236.6279999999999859	133.9029999999999916	94.6657000000000011
236.7620000000000005	100.9609999999999985	99.6097000000000037
236.7839999999999918	102.9729999999999990	162.6220000000000141
236.8480000000000132	186.0370000000000061	165.2019999999999982
237.1250000000000000	211.9840000000000089	85.7674999999999983
237.3609999999999900	128.6049999999999898	198.5649999999999977
237.3640000000000043	88.2249000000000052	117.7270000000000039
237.3880000000000052	202.3969999999999914	121.1069999999999993
237.5089999999999861	99.0225999999999971	142.1179999999999950
237.5399999999999920	182.8619999999999948	169.5240000000000009
237.5589999999999975	103.2199999999999989	156.3379999999999939
237.5709999999999980	163.4139999999999873	195.9579999999999984
237.5790000000000077	189.2299999999999898	157.2359999999999900
237.6049999999999898	157.9170000000000016	200.0360000000000014
237.6239999999999952	90.2164999999999964	130.0449999999999875
237.6730000000000018	90.2360999999999933	112.1680000000000064
237.7079999999999984	210.3110000000000070	91.1668999999999983
237.7199999999999989	170.4350000000000023	188.3240000000000123
237.8509999999999991	146.0629999999999882	202.6740000000000066
237.9799999999999898	120.7489999999999952	190.7640000000000100
238.1990000000000123	103.5510000000000019	150.0620000000000118
238.2059999999999889	136.3340000000000032	200.2199999999999989
238.2930000000000064	209.4420000000000073	97.7236000000000047
238.3439999999999941	175.7539999999999907	179.9629999999999939
238.3739999999999952	200.0130000000000052	127.5019999999999953
238.4099999999999966	89.0431999999999988	124.3610000000000042
238.4449999999999932	105.3790000000000049	96.5673000000000030
238.5190000000000055	112.0969999999999942	94.9902000000000015
238.8899999999999864	112.7229999999999990	174.8319999999999936
238.8959999999999866	98.4860000000000042	137.4950000000000045
238.8979999999999961	127.3520000000000039	93.7449000000000012
238.9530000000000030	127.1370000000000005	193.2510000000000048
239.0349999999999966	177.5879999999999939	174.1289999999999907
239.2839999999999918	162.3009999999999877	191.2729999999999961
239.2889999999999873	120.2120000000000033	185.4550000000000125
239.3230000000000075	211.7570000000000050	81.0751000000000062
239.3470000000000084	104.1610000000000014	145.4290000000000020
239.3899999999999864	111.4740000000000038	169.3600000000000136
239.5850000000000080	156.9619999999999891	195.2810000000000059
239.7259999999999991	110.2830000000000013	164.6879999999999882
239.7949999999999875	134.2870000000000061	195.2220000000000084
239.9360000000000070	191.4619999999999891	145.0769999999999982
239.9610000000000127	94.1908999999999992	108.9219999999999970
239.9759999999999991	185.5689999999999884	83.1881999999999948
239.9859999999999900	118.4210000000000065	179.9509999999999934
240.0519999999999925	169.3209999999999980	183.1949999999999932
240.0600000000000023	171.5459999999999923	86.8534999999999968
240.0639999999999930	196.8300000000000125	133.1810000000000116
240.0879999999999939	149.9809999999999945	196.8499999999999943
240.1719999999999970	141.9919999999999902	196.8870000000000005
240.2220000000000084	109.9929999999999950	160.4459999999999980
240.2700000000000102	155.7829999999999870	89.7771000000000043
240.3509999999999991	193.5680000000000121	139.6129999999999995
240.4339999999999975	164.2719999999999914	186.4770000000000039
240.6080000000000041	97.6393999999999949	132.3019999999999925
240.6529999999999916	127.4959999999999951	187.8360000000000127
240.7460000000000093	208.7870000000000061	78.2716999999999956
240.7500000000000000	109.8859999999999957	154.3919999999999959
240.9840000000000089	132.8679999999999950	190.6260000000000048
241.0349999999999966	119.3469999999999942	92.8549000000000007
241.1430000000000007	186.4530000000000030	154.6430000000000007
241.2119999999999891	104.7669999999999959	140.3319999999999936
241.3280000000000030	144.5769999999999982	90.9287999999999954
241.4290000000000020	152.4449999999999932	190.9650000000000034
241.4869999999999948	145.6189999999999998	193.1390000000000100
241.5829999999999984	139.4300000000000068	191.6210000000000093
241.5889999999999986	96.0724000000000018	127.0040000000000049
241.5920000000000130	158.0780000000000030	187.0519999999999925
241.6279999999999859	94.3770999999999987	114.8319999999999936
241.7150000000000034	182.5939999999999941	160.0989999999999895
241.8209999999999980	94.7494999999999976	121.1629999999999967
241.8220000000000027	120.5819999999999936	175.3729999999999905
241.9699999999999989	127.4939999999999998	182.5169999999999959
241.9730000000000132	203.2969999999999970	110.5990000000000038
241.9830000000000041	202.4759999999999991	77.9192000000000036
242.0099999999999909	176.2909999999999968	169.2009999999999934
242.0180000000000007	119.2060000000000031	171.1759999999999877
242.0589999999999975	110.9789999999999992	148.7150000000000034
242.0819999999999936	178.8950000000000102	165.3480000000000132
242.1020000000000039	134.4499999999999886	91.4424999999999955
242.2620000000000005	117.0799999999999983	164.4290000000000020
242.3259999999999934	187.2220000000000084	149.2789999999999964
242.3810000000000002	160.9879999999999995	182.5420000000000016
242.4730000000000132	166.9120000000000061	177.3290000000000077
242.6769999999999925	98.9979000000000013	100.6520000000000010
242.6910000000000025	136.1850000000000023	185.4679999999999893
242.7479999999999905	205.2270000000000039	105.6970000000000027
242.7820000000000107	145.0240000000000009	187.5380000000000109
242.7880000000000109	102.1500000000000057	96.9742999999999995
242.9590000000000032	126.5090000000000003	177.5550000000000068
243.1510000000000105	164.1920000000000073	87.2288000000000068
243.1930000000000121	152.4060000000000059	184.1810000000000116
243.2439999999999998	107.4129999999999967	94.2403999999999940
243.2860000000000014	104.8670000000000044	134.7299999999999898
243.3170000000000073	117.8490000000000038	158.6140000000000043
243.4139999999999873	98.0578000000000003	105.3910000000000053
243.5999999999999943	111.2909999999999968	143.5140000000000100
243.6339999999999861	193.0569999999999879	79.6058000000000021
243.6899999999999977	113.2870000000000061	92.4542000000000002
243.6999999999999886	125.9789999999999992	173.0610000000000070
243.9099999999999966	197.1160000000000139	122.1959999999999980
244.0029999999999859	134.5260000000000105	179.0620000000000118
244.0449999999999875	168.9679999999999893	171.2620000000000005
244.1670000000000016	117.6320000000000050	152.9219999999999970
244.2040000000000077	125.3949999999999960	168.2179999999999893
244.3720000000000141	205.8100000000000023	99.7239000000000004
244.4149999999999920	123.3289999999999935	162.8990000000000009
244.4660000000000082	144.5589999999999975	180.1349999999999909
244.4660000000000082	155.3350000000000080	178.2849999999999966
244.5010000000000048	131.7069999999999936	174.9910000000000139
244.5380000000000109	99.1820000000000022	111.4350000000000023
244.6959999999999980	177.1670000000000016	83.6277999999999935
244.7319999999999993	125.4879999999999995	90.3877999999999986
244.7439999999999998	104.1670000000000016	129.2050000000000125
244.8619999999999948	209.2500000000000000	83.5960000000000036
244.8720000000000141	193.2110000000000127	130.7270000000000039
244.8880000000000052	198.7369999999999948	115.4980000000000047
244.9019999999999868	181.5529999999999973	153.9010000000000105
245.1270000000000095	101.0060000000000002	117.9629999999999939
245.2330000000000041	102.7120000000000033	123.8359999999999985
245.3079999999999927	132.4159999999999968	170.8360000000000127
245.4250000000000114	170.7750000000000057	166.3950000000000102
245.4639999999999986	138.8779999999999859	174.5430000000000064
245.4790000000000134	111.3670000000000044	137.7139999999999986
245.5289999999999964	205.7609999999999957	93.6905000000000001
245.6870000000000118	158.7439999999999998	173.0269999999999868
245.7889999999999873	189.7829999999999870	135.9509999999999934
246.0709999999999980	118.5739999999999981	146.7630000000000052
246.0800000000000125	148.2839999999999918	173.9739999999999895
246.1370000000000005	131.5449999999999875	165.0900000000000034
246.3710000000000093	186.4710000000000036	139.9130000000000109
246.4420000000000073	182.7429999999999950	146.1310000000000002
246.6200000000000045	208.3729999999999905	79.6811000000000007
246.6380000000000052	173.9279999999999973	160.0060000000000002
246.7909999999999968	206.2199999999999989	88.4505999999999943
246.9039999999999964	140.7019999999999982	168.8799999999999955
246.9689999999999941	128.4900000000000091	157.2450000000000045
247.0579999999999927	161.3549999999999898	168.0440000000000111
247.1109999999999900	148.8060000000000116	87.3104000000000013
247.1299999999999955	139.3379999999999939	88.0632999999999981
247.2920000000000016	118.5100000000000051	90.2630999999999943
247.3739999999999952	111.6740000000000066	131.6500000000000057
247.4770000000000039	151.1889999999999930	169.1990000000000123
247.6860000000000070	118.3589999999999947	140.7969999999999970
247.7479999999999905	104.4969999999999999	96.6286000000000058
247.7899999999999920	204.9530000000000030	76.9284999999999997
247.9139999999999873	168.1620000000000061	84.1090999999999980
247.9240000000000066	103.4339999999999975	107.9020000000000010
248.0409999999999968	158.6709999999999923	85.6063000000000045
248.0740000000000123	105.8239999999999981	113.9699999999999989
248.0860000000000127	175.4379999999999882	153.8329999999999984
248.1750000000000114	102.6050000000000040	102.4980000000000047
248.1980000000000075	126.1880000000000024	149.7810000000000059
248.2050000000000125	138.2810000000000059	162.1349999999999909
248.2909999999999968	164.2270000000000039	163.3880000000000052
248.3139999999999930	131.0459999999999923	87.8041000000000054
248.4499999999999886	111.1580000000000013	126.0109999999999957
248.4770000000000039	145.6599999999999966	165.2429999999999950
248.4809999999999945	177.0269999999999868	149.9279999999999973
248.8149999999999977	199.5310000000000059	106.7789999999999964
248.9170000000000016	183.2280000000000086	80.0989000000000004
248.9180000000000064	154.2100000000000080	164.4869999999999948
248.9629999999999939	187.3979999999999961	132.2030000000000030
248.9960000000000093	201.4840000000000089	101.7900000000000063
249.0219999999999914	109.9839999999999947	120.0450000000000017
249.2090000000000032	190.8050000000000068	123.2319999999999993
249.3100000000000023	112.2309999999999945	92.2824999999999989
249.3180000000000121	118.3250000000000028	134.6939999999999884
249.5329999999999870	167.3979999999999961	157.9319999999999879
249.5469999999999970	192.9970000000000141	117.9360000000000070
249.6630000000000109	198.0219999999999914	76.5065000000000026
249.7400000000000091	125.7429999999999950	143.6630000000000109
250.0649999999999977	196.0240000000000009	110.8190000000000026
250.1009999999999991	138.6490000000000009	155.2630000000000052
250.1299999999999955	146.8880000000000052	159.5540000000000020
250.3880000000000052	158.4410000000000025	159.2239999999999895
250.4099999999999966	133.9830000000000041	150.2520000000000095
250.6020000000000039	174.3369999999999891	145.3720000000000141
250.7599999999999909	182.3940000000000055	135.5709999999999980
250.9120000000000061	124.2909999999999968	87.4946000000000055
250.9569999999999936	109.5210000000000008	109.9669999999999987
250.9679999999999893	169.0089999999999861	150.9240000000000066
251.0519999999999925	131.5840000000000032	145.7299999999999898
251.1990000000000123	125.4809999999999945	137.5049999999999955
251.2030000000000030	178.0560000000000116	139.6239999999999952
251.3540000000000134	119.9419999999999931	128.4070000000000107
251.4269999999999925	135.6119999999999948	85.4873999999999938
251.6659999999999968	204.5629999999999882	83.0811999999999955
251.8669999999999902	113.5750000000000028	114.2939999999999969
251.8750000000000000	142.9089999999999918	84.7224999999999966
251.8950000000000102	118.0699999999999932	123.0619999999999976
251.9449999999999932	200.3180000000000121	94.2737000000000052
252.0049999999999955	184.2100000000000080	128.1730000000000018
252.0149999999999864	159.9389999999999930	153.5099999999999909
252.0780000000000030	145.8679999999999950	152.4590000000000032
252.1610000000000014	109.3529999999999944	104.9180000000000064
252.2599999999999909	125.0969999999999942	132.3319999999999936
252.4079999999999870	191.1119999999999948	114.4290000000000020
252.4579999999999984	173.6100000000000136	80.3490000000000038
252.4770000000000039	109.4300000000000068	97.7667000000000002
252.4799999999999898	152.8899999999999864	152.7899999999999920
252.5509999999999877	141.6289999999999907	148.1930000000000121
252.6370000000000005	152.0060000000000002	83.4282999999999930
252.6939999999999884	202.5169999999999959	76.8893999999999949
252.7940000000000111	132.6579999999999870	139.9449999999999932
252.8360000000000127	196.5769999999999982	102.8730000000000047
252.9509999999999934	189.0780000000000030	76.7944999999999993
252.9840000000000089	180.6150000000000091	131.9919999999999902
253.1750000000000114	118.5379999999999967	118.4710000000000036
253.3580000000000041	160.4010000000000105	146.9809999999999945
253.4300000000000068	138.6839999999999975	142.9070000000000107
253.5070000000000050	184.1169999999999902	123.4230000000000018
253.8449999999999989	149.8689999999999998	146.3019999999999925
253.9130000000000109	129.8799999999999955	84.8716000000000008
254.1500000000000057	132.4910000000000139	133.6850000000000023
254.2450000000000045	167.6570000000000107	140.1090000000000089
254.3549999999999898	162.3240000000000123	81.0165999999999968
254.3569999999999993	192.3199999999999932	106.5550000000000068
254.5289999999999964	120.2450000000000045	88.8649000000000058
254.5389999999999873	185.0399999999999920	118.4030000000000058
254.5730000000000075	124.7379999999999995	122.4740000000000038
254.6779999999999973	130.0809999999999889	128.2299999999999898
254.8300000000000125	146.9939999999999998	141.8559999999999945
255.0349999999999966	199.2139999999999986	87.9395999999999987
255.0550000000000068	189.2419999999999902	110.3990000000000009
255.0780000000000030	117.4879999999999995	108.0699999999999932
255.1150000000000091	172.5670000000000073	134.1200000000000045
255.3110000000000070	156.5759999999999934	140.8700000000000045
255.4190000000000111	139.8629999999999995	135.8509999999999991
255.6910000000000025	122.0600000000000023	113.4680000000000035
255.7479999999999905	176.7390000000000043	127.9899999999999949
255.7740000000000009	194.8710000000000093	96.9681000000000068
255.8199999999999932	145.2100000000000080	137.7880000000000109
256.0199999999999818	201.1370000000000005	79.8148000000000053
256.1080000000000041	116.8269999999999982	94.9602000000000004
256.2500000000000000	116.8780000000000001	101.9749999999999943
256.3469999999999800	127.3610000000000042	119.2210000000000036
256.3770000000000095	193.8170000000000073	75.1290000000000049
256.4569999999999936	179.7319999999999993	76.7596999999999952
256.5380000000000109	161.6999999999999886	135.9300000000000068
256.5889999999999986	152.5370000000000061	136.7990000000000066
256.7440000000000282	139.5219999999999914	129.4900000000000091
256.7509999999999764	137.2309999999999945	82.3478000000000065
256.8469999999999800	145.9279999999999973	81.1067000000000036
256.9460000000000264	177.8629999999999995	121.7289999999999992
257.1320000000000050	183.2589999999999861	113.0879999999999939
257.1379999999999768	198.2800000000000011	76.4455999999999989
257.4259999999999877	153.7800000000000011	79.9328000000000003
257.4329999999999927	189.7500000000000000	101.6970000000000027
257.4789999999999850	148.2290000000000134	132.3280000000000030
257.5059999999999718	170.1330000000000098	128.7450000000000045
257.7230000000000132	136.3489999999999895	122.5949999999999989
257.7520000000000095	156.2760000000000105	133.0409999999999968
257.8369999999999891	163.0999999999999943	131.2659999999999911
257.8469999999999800	197.9410000000000025	83.3799000000000063
258.0520000000000209	132.1939999999999884	118.1389999999999958
258.3659999999999854	193.2839999999999918	91.5353000000000065
258.4209999999999923	125.5619999999999976	86.1756000000000029
258.5000000000000000	130.6310000000000002	113.8460000000000036
258.5910000000000082	124.4009999999999962	103.8810000000000002
258.6179999999999950	170.7659999999999911	123.5079999999999956
258.6639999999999873	127.7620000000000005	108.5250000000000057
258.8199999999999932	155.4879999999999995	128.5670000000000073
258.8450000000000273	147.1299999999999955	125.6590000000000060
259.0430000000000064	169.9070000000000107	76.8389999999999986
259.1549999999999727	163.0149999999999864	126.0630000000000024
259.1619999999999777	173.9979999999999905	116.9590000000000032
259.2259999999999991	182.1949999999999932	106.3539999999999992
259.2540000000000191	122.7399999999999949	94.5635999999999939
259.3029999999999973	189.6049999999999898	96.1727000000000061
259.5249999999999773	124.5570000000000022	98.9929999999999950
259.8000000000000114	124.6410000000000053	90.5494000000000057
259.8170000000000073	138.4230000000000018	116.0979999999999990
259.9139999999999873	185.0060000000000002	74.4705000000000013
260.0339999999999918	155.3710000000000093	122.7630000000000052
260.1829999999999927	175.5850000000000080	111.2750000000000057
260.1929999999999836	146.6250000000000000	119.4200000000000017
260.2180000000000177	164.0010000000000048	120.2690000000000055
260.3820000000000050	195.0649999999999977	78.9548000000000059
260.6150000000000091	130.1970000000000027	83.7583999999999946
260.8319999999999936	137.8580000000000041	110.2980000000000018
260.8439999999999941	142.2820000000000107	79.2792000000000030
261.0289999999999964	159.8909999999999911	77.0357999999999947
261.1429999999999723	190.8979999999999961	86.8756999999999948
261.1720000000000255	184.0310000000000059	98.2638000000000034
261.2389999999999759	155.4279999999999973	117.1970000000000027
261.4399999999999977	163.4739999999999895	115.0280000000000058
261.4700000000000273	168.7100000000000080	112.2879999999999967
261.5400000000000205	147.0049999999999955	113.7770000000000010
261.6859999999999786	135.0229999999999961	102.8700000000000045
262.1159999999999854	191.9230000000000018	82.1269999999999953
262.1899999999999977	185.8249999999999886	92.0917000000000030
262.2590000000000146	155.2510000000000048	112.9210000000000065
262.2909999999999968	149.9600000000000080	77.5999000000000052
262.2980000000000018	188.8880000000000052	75.1692000000000036
262.3659999999999854	131.3810000000000002	94.7977000000000061
262.4809999999999945	160.9379999999999882	111.0709999999999980
262.5950000000000273	176.3779999999999859	74.0036999999999949
262.6000000000000227	167.1839999999999975	107.0049999999999955
262.8519999999999754	150.3460000000000036	107.9000000000000057
263.0980000000000132	175.1750000000000114	100.9429999999999978
263.9300000000000068	136.9230000000000018	81.3413000000000039
264.0860000000000127	133.7640000000000100	87.7415000000000020
264.1299999999999955	139.8050000000000068	97.6594999999999942
264.3059999999999832	146.6279999999999859	101.3940000000000055
264.3100000000000023	177.9770000000000039	94.3739999999999952
264.5419999999999732	157.1850000000000023	102.9129999999999967
264.7479999999999905	166.4430000000000121	100.7439999999999998
264.7930000000000064	186.4879999999999995	80.7201000000000022
265.2139999999999986	171.4550000000000125	96.6921999999999997
265.3940000000000055	167.3089999999999975	74.0705999999999989
265.4259999999999877	140.6479999999999961	92.6290999999999940
265.5409999999999968	180.2769999999999868	87.1051999999999964
265.6120000000000232	153.2270000000000039	99.1529000000000025
265.7660000000000196	147.2969999999999970	96.3178000000000054
265.7679999999999723	159.8389999999999986	98.9110000000000014
266.0040000000000191	180.0469999999999970	74.1804000000000059
266.3439999999999941	164.4139999999999873	95.5300000000000011
266.5059999999999718	142.8120000000000118	78.9968999999999966
266.6100000000000136	174.8329999999999984	73.0699999999999932
266.6309999999999718	155.7520000000000095	95.2843000000000018
266.9610000000000127	169.9710000000000036	90.4544000000000068
267.0459999999999923	143.8499999999999943	88.3751000000000033
267.1600000000000250	149.6680000000000064	91.5785000000000053
267.6220000000000141	179.2640000000000100	80.1975000000000051
267.7210000000000036	159.2280000000000086	90.7544999999999931
267.8120000000000118	144.1250000000000000	83.6205000000000069
268.1329999999999814	157.6910000000000025	75.9215999999999980
268.1879999999999882	149.2880000000000109	77.7627999999999986
268.5140000000000100	152.2980000000000018	86.8761999999999972
268.7780000000000200	171.4540000000000077	83.1016999999999939
269.0840000000000032	162.2139999999999986	85.3777999999999935
269.4680000000000177	170.9679999999999893	75.4616999999999933
269.7719999999999914	154.9710000000000036	81.6658999999999935
269.8720000000000141	164.4540000000000077	74.7177999999999969
270.3770000000000095	164.1069999999999993	79.4872000000000014
3	0	1	3
3	0	1	12
3	0	2	3
3	0	2	4
3	0	4	16
3	0	12	16
3	1	3	7
3	1	5	7
3	1	5	10
3	1	10	12
3	2	3	6
3	2	4	9
3	2	6	8
3	2	8	9
3	3	6	11
3	3	7	13
3	3	11	13
3	4	9	14
3	4	14	18
3	4	16	18
3	5	7	15
3	5	10	20
3	5	15	22
3	5	20	22
3	6	8	17
3	6	11	19
3	6	17	19
3	7	13	24
3	7	15	24
3	8	9	21
3	8	17	21
3	9	14	23
3	9	21	23
3	10	12	44
3	10	20	44
3	11	13	25
3	11	19	25
3	12	16	52
3	12	44	52
3	13	24	31
3	13	25	31
3	14	18	30
3	14	23	34
3	14	30	34
3	15	22	45
3	15	24	41
3	15	41	45
3	16	18	46
3	16	46	72
3	16	52	72
3	17	19	27
3	17	21	26
3	17	26	28
3	17	27	28
3	18	30	56
3	18	37	46
3	18	37	56
3	19	25	29
3	19	27	33
3	19	29	33
3	20	22	60
3	20	44	68
3	20	60	68
3	21	23	32
3	21	26	36
3	21	32	36
3	22	45	60
3	23	32	40
3	23	34	40
3	24	31	50
3	24	41	50
3	25	29	61
3	25	31	61
3	26	28	35
3	26	35	39
3	26	36	39
3	27	28	38
3	27	33	42
3	27	38	42
3	28	35	43
3	28	38	43
3	29	33	47
3	29	47	61
3	30	34	62
3	30	56	69
3	30	62	69
3	31	50	61
3	32	36	51
3	32	40	49
3	32	49	51
3	33	42	55
3	33	47	55
3	34	40	64
3	34	62	64
3	35	39	48
3	35	43	48
3	36	39	57
3	36	51	57
3	37	46	56
3	38	42	63
3	38	43	53
3	38	53	63
3	39	48	54
3	39	54	57
3	40	49	70
3	40	64	70
3	41	45	59
3	41	50	82
3	41	59	81
3	41	81	82
3	42	55	67
3	42	63	67
3	43	48	58
3	43	53	58
3	44	52	101
3	44	68	101
3	45	59	106
3	45	60	124
3	45	106	124
3	46	56	90
3	46	72	90
3	47	55	79
3	47	61	79
3	48	54	71
3	48	58	65
3	48	65	71
3	49	51	76
3	49	70	76
3	50	61	94
3	50	82	94
3	51	57	85
3	51	76	85
3	52	72	91
3	52	91	101
3	53	58	78
3	53	63	78
3	54	57	77
3	54	71	77
3	55	67	88
3	55	79	88
3	56	69	110
3	56	90	118
3	56	110	118
3	57	77	85
3	58	65	66
3	58	66	73
3	58	73	78
3	59	81	144
3	59	106	144
3	60	68	113
3	60	113	124
3	61	79	108
3	61	94	123
3	61	108	123
3	62	64	107
3	62	69	102
3	62	102	107
3	63	67	87
3	63	78	87
3	64	70	89
3	64	89	107
3	65	66	75
3	65	71	80
3	65	75	80
3	66	73	74
3	66	74	75
3	67	87	104
3	67	88	104
3	68	101	113
3	69	102	116
3	69	110	116
3	70	76	98
3	70	89	98
3	71	77	92
3	71	80	92
3	72	90	122
3	72	91	122
3	73	74	83
3	73	78	100
3	73	83	100
3	74	75	84
3	74	83	86
3	74	84	86
3	75	80	93
3	75	84	93
3	76	85	112
3	76	98	112
3	77	85	111
3	77	92	111
3	78	87	120
3	78	100	120
3	79	88	139
3	79	108	139
3	80	92	99
3	80	93	99
3	81	82	132
3	81	132	136
3	81	136	144
3	82	94	140
3	82	132	140
3	83	86	96
3	83	96	103
3	83	100	103
3	84	86	95
3	84	93	97
3	84	95	97
3	85	111	126
3	85	112	126
3	86	95	105
3	86	96	105
3	87	104	147
3	87	120	147
3	88	104	135
3	88	135	139
3	89	98	129
3	89	107	129
3	90	118	146
3	90	122	146
3	91	101	150
3	91	122	150
3	92	99	131
3	92	111	131
3	93	97	109
3	93	99	117
3	93	109	117
3	94	123	154
3	94	140	154
3	95	97	114
3	95	105	115
3	95	114	115
3	96	103	134
3	96	105	130
3	96	130	134
3	97	109	119
3	97	114	119
3	98	112	143
3	98	129	143
3	99	117	131
3	100	103	145
3	100	120	159
3	100	145	159
3	101	113	176
3	101	150	194
3	101	176	194
3	102	107	155
3	102	116	156
3	102	155	156
3	103	134	145
3	104	135	162
3	104	147	162
3	105	115	141
3	105	130	141
3	106	124	186
3	106	144	186
3	107	129	163
3	107	155	163
3	108	123	164
3	108	139	164
3	109	117	127
3	109	119	127
3	110	116	175
3	110	118	166
3	110	166	175
3	111	126	149
3	111	131	149
3	112	126	151
3	112	143	151
3	113	124	181
3	113	176	181
3	114	115	121
3	114	119	138
3	114	121	128
3	114	128	138
3	115	121	125
3	115	125	141
3	116	156	175
3	117	127	142
3	117	131	142
3	118	146	166
3	119	127	138
3	120	147	191
3	120	159	191
3	121	125	137
3	121	128	133
3	121	133	137
3	122	146	174
3	122	150	184
3	122	174	184
3	123	154	177
3	123	164	177
3	124	181	224
3	124	186	224
3	125	137	148
3	125	141	148
3	126	149	160
3	126	151	160
3	127	138	158
3	127	142	158
3	128	133	152
3	128	138	157
3	128	152	157
3	129	143	172
3	129	163	172
3	130	134	173
3	130	141	165
3	130	165	173
3	131	142	168
3	131	149	178
3	131	168	178
3	132	136	203
3	132	140	203
3	133	137	153
3	133	152	153
3	134	145	189
3	134	173	189
3	135	139	206
3	135	162	206
3	136	144	216
3	136	203	216
3	137	148	161
3	137	153	161
3	138	157	182
3	138	158	182
3	139	164	238
3	139	206	238
3	140	154	209
3	140	203	209
3	141	148	171
3	141	165	193
3	141	171	193
3	142	158	168
3	143	151	179
3	143	172	179
3	144	186	256
3	144	216	256
3	145	159	205
3	145	189	205
3	146	166	213
3	146	174	213
3	147	162	230
3	147	191	230
3	148	161	171
3	149	160	187
3	149	178	187
3	150	184	226
3	150	194	226
3	151	160	190
3	151	179	190
3	152	153	167
3	152	157	183
3	152	167	188
3	152	183	188
3	153	161	170
3	153	167	169
3	153	169	170
3	154	177	223
3	154	209	223
3	155	156	208
3	155	163	219
3	155	208	219
3	156	175	232
3	156	208	232
3	157	182	192
3	157	183	192
3	158	168	200
3	158	182	200
3	159	191	228
3	159	205	228
3	160	187	196
3	160	190	196
3	161	170	198
3	161	171	201
3	161	198	201
3	162	206	276
3	162	230	276
3	163	172	210
3	163	210	219
3	164	177	239
3	164	238	239
3	165	173	212
3	165	193	212
3	166	175	236
3	166	213	236
3	167	169	185
3	167	185	195
3	167	188	195
3	168	178	214
3	168	200	214
3	169	170	180
3	169	180	197
3	169	185	197
3	170	180	199
3	170	198	199
3	171	193	211
3	171	201	211
3	172	179	218
3	172	210	218
3	173	189	243
3	173	212	243
3	174	184	247
3	174	213	247
3	175	232	236
3	176	181	257
3	176	194	275
3	176	257	275
3	177	223	239
3	178	187	245
3	178	214	245
3	179	190	246
3	179	218	235
3	179	235	246
3	180	197	202
3	180	199	202
3	181	224	255
3	181	255	257
3	182	192	220
3	182	200	241
3	182	220	241
3	183	188	222
3	183	192	215
3	183	215	222
3	184	226	248
3	184	247	248
3	185	195	204
3	185	197	207
3	185	204	207
3	186	224	292
3	186	256	292
3	187	196	240
3	187	240	245
3	188	195	217
3	188	217	222
3	189	205	263
3	189	243	263
3	190	196	237
3	190	237	246
3	191	228	305
3	191	230	305
3	192	215	220
3	193	211	265
3	193	212	265
3	194	226	295
3	194	275	295
3	195	204	227
3	195	217	227
3	196	237	240
3	197	202	221
3	197	207	225
3	197	221	225
3	198	199	234
3	198	201	244
3	198	234	244
3	199	202	229
3	199	229	234
3	200	214	250
3	200	241	250
3	201	211	259
3	201	244	259
3	202	221	231
3	202	229	231
3	203	209	287
3	203	216	281
3	203	281	306
3	203	287	306
3	204	207	233
3	204	227	233
3	205	228	279
3	205	263	279
3	206	238	339
3	206	276	339
3	207	225	242
3	207	233	242
3	208	219	271
3	208	232	271
3	209	223	289
3	209	287	289
3	210	218	273
3	210	219	277
3	210	273	277
3	211	259	265
3	212	243	280
3	212	265	280
3	213	236	297
3	213	247	312
3	213	297	312
3	214	245	274
3	214	250	274
3	215	220	251
3	215	222	264
3	215	251	264
3	216	256	350
3	216	281	350
3	217	222	258
3	217	227	253
3	217	253	258
3	218	235	309
3	218	273	309
3	219	271	277
3	220	241	251
3	221	225	252
3	221	231	254
3	221	252	254
3	222	258	264
3	223	239	289
3	224	255	319
3	224	292	319
3	225	242	249
3	225	249	252
3	226	248	313
3	226	295	313
3	227	233	260
3	227	253	260
3	228	279	305
3	229	231	262
3	229	234	267
3	229	262	267
3	230	276	341
3	230	305	341
3	231	254	262
3	232	236	301
3	232	271	301
3	233	242	266
3	233	260	266
3	234	244	282
3	234	267	282
3	235	246	291
3	235	291	309
3	236	297	301
3	237	240	283
3	237	246	294
3	237	283	294
3	238	239	345
3	238	339	345
3	239	289	345
3	240	245	300
3	240	283	300
3	241	250	272
3	241	251	272
3	242	249	261
3	242	261	269
3	242	266	269
3	243	263	337
3	243	280	337
3	244	259	315
3	244	282	315
3	245	274	314
3	245	300	314
3	246	291	331
3	246	294	331
3	247	248	321
3	247	312	358
3	247	321	358
3	248	313	321
3	249	252	284
3	249	261	268
3	249	268	284
3	250	272	296
3	250	274	296
3	251	264	270
3	251	270	285
3	251	272	285
3	252	254	299
3	252	284	299
3	253	258	290
3	253	260	302
3	253	290	302
3	254	262	310
3	254	299	310
3	255	257	338
3	255	319	338
3	256	292	380
3	256	350	380
3	257	275	392
3	257	338	392
3	258	264	307
3	258	290	307
3	259	265	364
3	259	315	364
3	260	266	311
3	260	302	311
3	261	268	278
3	261	269	288
3	261	278	288
3	262	267	318
3	262	310	318
3	263	279	348
3	263	337	348
3	264	270	298
3	264	298	325
3	264	307	325
3	265	280	381
3	265	364	381
3	266	269	304
3	266	304	322
3	266	311	322
3	267	282	335
3	267	318	335
3	268	278	286
3	268	284	293
3	268	286	293
3	269	288	304
3	270	285	298
3	271	277	343
3	271	301	343
3	272	285	296
3	273	277	329
3	273	309	369
3	273	329	369
3	274	296	328
3	274	314	328
3	275	295	395
3	275	392	395
3	276	339	424
3	276	341	424
3	277	329	371
3	277	343	371
3	278	286	303
3	278	288	308
3	278	303	308
3	279	305	357
3	279	348	357
3	280	337	381
3	281	306	391
3	281	350	391
3	282	315	368
3	282	335	368
3	283	294	333
3	283	300	353
3	283	333	353
3	284	293	332
3	284	299	347
3	284	332	347
3	285	296	327
3	285	298	317
3	285	317	327
3	286	293	320
3	286	303	316
3	286	316	320
3	287	289	385
3	287	306	377
3	287	377	385
3	288	304	324
3	288	308	324
3	289	345	384
3	289	384	385
3	290	302	330
3	290	307	330
3	291	309	382
3	291	331	382
3	292	319	401
3	292	380	401
3	293	320	332
3	294	331	390
3	294	333	390
3	295	313	398
3	295	395	398
3	296	327	328
3	297	301	366
3	297	312	365
3	297	365	366
3	298	317	355
3	298	325	355
3	299	310	360
3	299	347	360
3	300	314	352
3	300	352	353
3	301	343	366
3	302	311	340
3	302	330	340
3	303	308	326
3	303	316	323
3	303	323	326
3	304	322	336
3	304	324	344
3	304	336	344
3	305	341	436
3	305	357	431
3	305	431	436
3	306	377	437
3	306	391	437
3	307	325	351
3	307	330	351
3	308	324	334
3	308	326	334
3	309	369	423
3	309	382	423
3	310	318	378
3	310	360	378
3	311	322	356
3	311	340	356
3	312	358	429
3	312	365	429
3	313	321	407
3	313	398	407
3	314	328	359
3	314	352	359
3	315	364	413
3	315	368	413
3	316	320	362
3	316	323	342
3	316	342	362
3	317	327	346
3	317	346	355
3	318	335	396
3	318	378	396
3	319	338	421
3	319	401	421
3	320	332	372
3	320	362	372
3	321	358	425
3	321	407	425
3	322	336	367
3	322	356	367
3	323	326	354
3	323	342	354
3	324	334	363
3	324	344	363
3	325	351	383
3	325	355	383
3	326	334	349
3	326	349	354
3	327	328	359
3	327	346	361
3	327	359	361
3	329	369	430
3	329	371	430
3	330	340	376
3	330	351	376
3	331	382	438
3	331	390	438
3	332	347	419
3	332	372	419
3	333	353	404
3	333	390	404
3	334	349	370
3	334	363	370
3	335	368	422
3	335	396	422
3	336	344	375
3	336	367	375
3	337	348	435
3	337	381	454
3	337	435	454
3	338	392	457
3	338	421	457
3	339	345	462
3	339	424	467
3	339	462	467
3	340	356	393
3	340	376	393
3	341	424	456
3	341	436	456
3	342	354	388
3	342	362	388
3	343	366	418
3	343	371	418
3	344	363	379
3	344	375	379
3	345	384	494
3	345	462	494
3	346	355	414
3	346	361	374
3	346	374	414
3	347	360	427
3	347	419	427
3	348	357	452
3	348	435	452
3	349	354	373
3	349	370	387
3	349	373	387
3	350	380	490
3	350	391	464
3	350	464	490
3	351	376	403
3	351	383	403
3	352	353	399
3	352	359	389
3	352	389	399
3	353	399	428
3	353	404	428
3	354	373	386
3	354	386	400
3	354	388	400
3	355	383	426
3	355	414	426
3	356	367	402
3	356	393	402
3	357	431	452
3	358	425	478
3	358	429	478
3	359	361	397
3	359	389	397
3	360	378	445
3	360	427	445
3	361	374	417
3	361	397	406
3	361	406	417
3	362	372	394
3	362	388	432
3	362	394	432
3	363	370	412
3	363	379	409
3	363	409	412
3	364	381	481
3	364	413	491
3	364	481	491
3	365	366	446
3	365	429	446
3	366	418	446
3	367	375	408
3	367	402	408
3	368	413	483
3	368	422	483
3	369	423	461
3	369	430	461
3	370	387	405
3	370	405	412
3	371	418	430
3	372	394	442
3	372	419	442
3	373	386	411
3	373	387	411
3	374	414	417
3	375	379	410
3	375	408	410
3	376	393	420
3	376	403	420
3	377	385	470
3	377	437	470
3	378	396	480
3	378	445	480
3	379	409	410
3	380	401	468
3	380	468	490
3	381	454	485
3	381	481	485
3	382	423	500
3	382	438	500
3	383	403	441
3	383	426	441
3	384	385	488
3	384	488	494
3	385	470	488
3	386	400	415
3	386	411	415
3	387	405	434
3	387	411	434
3	388	400	450
3	388	432	450
3	389	397	416
3	389	399	416
3	390	404	477
3	390	438	516
3	390	477	516
3	391	437	507
3	391	464	507
3	392	395	501
3	392	457	533
3	392	501	533
3	393	402	433
3	393	420	433
3	394	432	442
3	395	398	492
3	395	492	501
3	396	422	469
3	396	469	480
3	397	406	459
3	397	416	460
3	397	459	460
3	398	407	493
3	398	492	493
3	399	416	465
3	399	428	465
3	400	415	448
3	400	448	450
3	401	421	511
3	401	468	511
3	402	408	440
3	402	433	440
3	403	420	453
3	403	441	453
3	404	428	477
3	405	412	449
3	405	434	449
3	406	417	484
3	406	459	484
3	407	425	506
3	407	493	506
3	408	410	443
3	408	440	443
3	409	410	447
3	409	412	451
3	409	447	451
3	410	443	447
3	411	415	439
3	411	434	444
3	411	439	444
3	412	449	458
3	412	451	458
3	413	483	491
3	414	417	474
3	414	426	474
3	415	439	455
3	415	448	455
3	416	460	465
3	417	474	484
3	418	430	517
3	418	446	517
3	419	427	534
3	419	442	518
3	419	518	534
3	420	433	476
3	420	453	476
3	421	457	508
3	421	508	511
3	422	469	531
3	422	483	531
3	423	461	525
3	423	500	525
3	424	456	541
3	424	467	542
3	424	541	542
3	425	478	530
3	425	506	530
3	426	441	502
3	426	474	502
3	427	445	498
3	427	498	534
3	428	465	522
3	428	477	522
3	429	446	543
3	429	478	562
3	429	543	562
3	430	461	539
3	430	517	539
3	431	436	558
3	431	452	529
3	431	529	558
3	432	442	519
3	432	450	499
3	432	499	519
3	433	440	472
3	433	472	476
3	434	444	471
3	434	449	479
3	434	471	479
3	435	452	515
3	435	454	538
3	435	515	538
3	436	456	549
3	436	549	558
3	437	470	559
3	437	507	559
3	438	500	516
3	439	444	466
3	439	455	463
3	439	463	466
3	440	443	473
3	440	472	473
3	441	453	495
3	441	495	502
3	442	518	519
3	443	447	475
3	443	473	475
3	444	466	471
3	445	480	544
3	445	498	544
3	446	517	543
3	447	451	482
3	447	475	482
3	448	450	503
3	448	455	496
3	448	496	503
3	449	458	486
3	449	479	486
3	450	499	512
3	450	503	512
3	451	458	487
3	451	482	487
3	452	515	570
3	452	529	570
3	453	476	505
3	453	495	505
3	454	485	553
3	454	538	553
3	455	463	489
3	455	489	496
3	456	541	549
3	457	508	568
3	457	533	568
3	458	486	487
3	459	460	532
3	459	484	513
3	459	513	532
3	460	465	528
3	460	528	532
3	461	525	539
3	462	467	551
3	462	494	555
3	462	551	555
3	463	466	497
3	463	489	497
3	464	490	596
3	464	507	596
3	465	522	560
3	465	528	560
3	466	471	504
3	466	497	504
3	467	542	551
3	468	490	550
3	468	511	550
3	469	480	563
3	469	531	563
3	470	488	577
3	470	559	577
3	471	479	523
3	471	504	523
3	472	473	510
3	472	476	524
3	472	510	524
3	473	475	509
3	473	509	510
3	474	484	527
3	474	502	527
3	475	482	526
3	475	509	526
3	476	505	535
3	476	524	535
3	477	516	603
3	477	522	569
3	477	569	603
3	478	530	592
3	478	562	592
3	479	486	514
3	479	514	523
3	480	544	616
3	480	563	616
3	481	485	576
3	481	491	630
3	481	576	630
3	482	487	520
3	482	520	526
3	483	491	583
3	483	531	606
3	483	583	606
3	484	513	552
3	484	527	552
3	485	553	576
3	486	487	521
3	486	514	521
3	487	520	521
3	488	494	618
3	488	577	618
3	489	496	567
3	489	497	536
3	489	536	567
3	490	550	634
3	490	596	634
3	491	583	630
3	492	493	590
3	492	501	594
3	492	590	594
3	493	506	609
3	493	590	609
3	494	555	627
3	494	618	627
3	495	502	571
3	495	505	566
3	495	566	571
3	496	503	582
3	496	567	582
3	497	504	537
3	497	536	540
3	497	537	540
3	498	534	593
3	498	544	593
3	499	512	588
3	499	519	564
3	499	564	588
3	500	516	611
3	500	525	591
3	500	591	611
3	501	533	617
3	501	594	617
3	502	527	587
3	502	571	587
3	503	512	584
3	503	582	584
3	504	523	545
3	504	537	545
3	505	535	581
3	505	566	581
3	506	530	623
3	506	609	623
3	507	559	613
3	507	596	613
3	508	511	608
3	508	568	608
3	509	510	548
3	509	526	557
3	509	548	557
3	510	524	580
3	510	548	580
3	511	550	633
3	511	608	633
3	512	584	588
3	513	532	574
3	513	552	574
3	514	521	547
3	514	523	546
3	514	546	547
3	515	538	638
3	515	570	638
3	516	603	620
3	516	611	620
3	517	539	631
3	517	543	626
3	517	626	631
3	518	519	628
3	518	534	604
3	518	604	628
3	519	564	610
3	519	610	628
3	520	521	556
3	520	526	554
3	520	554	556
3	521	547	556
3	522	560	637
3	522	569	637
3	523	545	575
3	523	546	575
3	524	535	586
3	524	580	586
3	525	539	591
3	526	554	578
3	526	557	578
3	527	552	605
3	527	587	605
3	528	532	645
3	528	560	600
3	528	600	645
3	529	558	615
3	529	570	615
3	530	592	623
3	531	563	643
3	531	606	643
3	532	574	645
3	533	568	650
3	533	617	650
3	534	593	677
3	534	604	677
3	535	581	586
3	536	540	565
3	536	565	589
3	536	567	589
3	537	540	561
3	537	545	572
3	537	561	572
3	538	553	648
3	538	638	648
3	539	591	619
3	539	619	631
3	540	561	573
3	540	565	573
3	541	542	621
3	541	549	649
3	541	621	649
3	542	551	636
3	542	621	636
3	543	562	680
3	543	626	680
3	544	593	668
3	544	616	668
3	545	572	575
3	546	547	585
3	546	575	597
3	546	585	597
3	547	556	579
3	547	579	585
3	548	557	624
3	548	580	624
3	549	558	675
3	549	649	675
3	550	633	634
3	551	555	644
3	551	636	644
3	552	574	629
3	552	605	629
3	553	576	663
3	553	648	663
3	554	556	601
3	554	578	598
3	554	598	601
3	555	627	644
3	556	579	607
3	556	601	607
3	557	578	635
3	557	624	635
3	558	615	715
3	558	675	715
3	559	577	664
3	559	613	664
3	560	600	656
3	560	637	656
3	561	572	602
3	561	573	595
3	561	595	602
3	562	592	672
3	562	672	680
3	563	616	695
3	563	643	695
3	564	588	657
3	564	610	657
3	565	573	599
3	565	589	625
3	565	599	625
3	566	571	652
3	566	581	667
3	566	652	667
3	567	582	691
3	567	589	670
3	567	670	691
3	568	608	684
3	568	650	684
3	569	603	728
3	569	637	728
3	570	615	697
3	570	638	697
3	571	587	652
3	572	575	614
3	572	602	614
3	573	595	612
3	573	599	612
3	574	629	653
3	574	645	653
3	575	597	632
3	575	614	632
3	576	630	663
3	577	618	686
3	577	664	686
3	578	598	651
3	578	635	651
3	579	585	622
3	579	607	622
3	580	586	669
3	580	624	661
3	580	661	669
3	581	586	683
3	581	667	683
3	582	584	698
3	582	691	698
3	583	606	712
3	583	630	704
3	583	704	712
3	584	588	665
3	584	665	698
3	585	597	639
3	585	622	639
3	586	669	682
3	586	682	683
3	587	605	690
3	587	652	690
3	588	657	721
3	588	665	721
3	589	625	681
3	589	670	681
3	590	594	694
3	590	609	710
3	590	694	710
3	591	611	689
3	591	619	662
3	591	662	689
3	592	623	724
3	592	672	724
3	593	668	706
3	593	677	706
3	594	617	707
3	594	694	707
3	595	602	640
3	595	612	642
3	595	640	642
3	596	613	718
3	596	634	762
3	596	718	762
3	597	632	654
3	597	639	654
3	598	601	655
3	598	651	655
3	599	612	641
3	599	625	658
3	599	641	658
3	600	645	722
3	600	656	722
3	601	607	666
3	601	655	666
3	602	614	646
3	602	640	646
3	603	620	768
3	603	728	768
3	604	628	693
3	604	677	693
3	605	629	719
3	605	690	719
3	606	643	732
3	606	712	732
3	607	622	647
3	607	647	666
3	608	633	726
3	608	684	726
3	609	623	752
3	609	710	752
3	610	628	713
3	610	657	713
3	611	620	709
3	611	689	709
3	612	641	660
3	612	642	660
3	613	664	718
3	614	632	659
3	614	646	659
3	615	697	715
3	616	668	781
3	616	695	781
3	617	650	736
3	617	707	736
3	618	627	708
3	618	686	749
3	618	708	749
3	619	631	717
3	619	662	717
3	620	709	768
3	621	636	723
3	621	649	723
3	622	639	679
3	622	647	679
3	623	724	752
3	624	635	711
3	624	661	727
3	624	711	727
3	625	658	688
3	625	681	688
3	626	631	673
3	626	673	729
3	626	680	729
3	627	644	744
3	627	708	744
3	628	693	764
3	628	713	764
3	629	653	776
3	629	719	776
3	630	663	774
3	630	704	767
3	630	767	774
3	631	673	717
3	632	654	678
3	632	659	678
3	633	634	747
3	633	726	747
3	634	747	762
3	635	651	739
3	635	711	739
3	636	644	733
3	636	723	733
3	637	656	775
3	637	728	775
3	638	648	758
3	638	697	756
3	638	756	758
3	639	654	687
3	639	679	687
3	640	642	671
3	640	646	674
3	640	671	674
3	641	658	696
3	641	660	696
3	642	660	676
3	642	671	676
3	643	695	732
3	644	733	744
3	645	653	771
3	645	722	802
3	645	771	802
3	646	659	685
3	646	674	685
3	647	666	692
3	647	679	692
3	648	663	777
3	648	758	777
3	649	675	766
3	649	723	766
3	650	684	779
3	650	736	779
3	651	655	725
3	651	725	739
3	652	667	743
3	652	690	831
3	652	743	831
3	653	771	776
3	654	678	701
3	654	687	701
3	655	666	750
3	655	725	750
3	656	722	775
3	657	713	796
3	657	721	796
3	658	688	740
3	658	696	740
3	659	678	702
3	659	685	702
3	660	676	699
3	660	696	705
3	660	699	705
3	661	669	755
3	661	727	755
3	662	689	765
3	662	717	765
3	663	774	777
3	664	686	760
3	664	718	760
3	665	698	759
3	665	721	759
3	666	692	780
3	666	750	780
3	667	683	837
3	667	743	837
3	668	706	808
3	668	781	808
3	669	682	789
3	669	755	789
3	670	681	773
3	670	691	784
3	670	773	784
3	671	674	703
3	671	676	700
3	671	700	703
3	672	680	797
3	672	724	797
3	673	717	737
3	673	729	737
3	674	685	716
3	674	703	716
3	675	715	819
3	675	766	819
3	676	699	714
3	676	700	714
3	677	693	840
3	677	706	825
3	677	825	840
3	678	701	720
3	678	702	720
3	679	687	746
3	679	692	780
3	679	746	780
3	680	729	861
3	680	797	861
3	681	688	769
3	681	769	773
3	682	683	823
3	682	789	823
3	683	823	837
3	684	726	838
3	684	779	838
3	685	702	738
3	685	716	738
3	686	749	821
3	686	760	821
3	687	701	741
3	687	741	746
3	688	740	769
3	689	709	790
3	689	765	790
3	690	719	842
3	690	831	842
3	691	698	832
3	691	784	832
3	693	764	840
3	694	707	801
3	694	710	828
3	694	801	828
3	695	732	881
3	695	781	881
3	696	705	753
3	696	740	799
3	696	753	799
3	697	715	778
3	697	756	864
3	697	778	864
3	698	759	873
3	698	832	873
3	699	705	751
3	699	714	734
3	699	734	751
3	700	703	730
3	700	714	731
3	700	730	731
3	701	720	745
3	701	741	745
3	702	720	742
3	702	738	742
3	703	716	735
3	703	730	735
3	704	712	880
3	704	767	854
3	704	854	880
3	705	751	753
3	706	808	825
3	707	736	858
3	707	801	858
3	708	744	836
3	708	749	836
3	709	768	810
3	709	790	810
3	710	752	867
3	710	828	867
3	711	727	827
3	711	739	818
3	711	818	827
3	712	732	822
3	712	822	880
3	713	764	874
3	713	796	874
3	714	731	748
3	714	734	748
3	715	778	885
3	715	819	885
3	716	735	757
3	716	738	757
3	717	737	800
3	717	765	872
3	717	800	872
3	718	760	889
3	718	762	889
3	719	776	842
3	720	742	772
3	720	745	772
3	721	759	899
3	721	796	899
3	722	775	890
3	722	802	890
3	723	733	853
3	723	766	850
3	723	850	853
3	724	752	933
3	724	797	933
3	725	739	847
3	725	750	783
3	725	783	847
3	726	747	883
3	726	838	883
3	727	755	860
3	727	827	860
3	728	768	892
3	728	775	923
3	728	892	923
3	729	737	826
3	729	826	861
3	730	731	754
3	730	735	763
3	730	754	763
3	731	748	761
3	731	754	761
3	732	822	881
3	733	744	865
3	733	853	865
3	734	748	782
3	734	751	782
3	735	757	770
3	735	763	770
3	736	779	907
3	736	858	907
3	737	800	826
3	738	742	811
3	738	757	809
3	738	809	811
3	739	818	847
3	740	769	897
3	740	799	897
3	741	745	798
3	741	746	856
3	741	798	856
3	742	772	811
3	743	831	901
3	743	837	901
3	744	836	915
3	744	865	915
3	745	772	798
3	746	780	829
3	746	829	856
3	747	762	911
3	747	883	911
3	748	761	785
3	748	782	793
3	748	785	793
3	749	821	919
3	749	836	919
3	750	780	805
3	750	783	795
3	750	787	795
3	750	787	805
3	751	753	841
3	751	782	844
3	751	841	844
3	752	867	957
3	752	933	957
3	753	799	852
3	753	841	852
3	754	761	792
3	754	763	803
3	754	792	803
3	755	789	943
3	755	860	943
3	756	758	898
3	756	864	898
3	757	770	815
3	757	809	815
3	758	777	929
3	758	898	929
3	759	873	899
3	760	821	884
3	760	884	889
3	761	785	794
3	761	792	794
3	762	889	945
3	762	911	945
3	763	770	814
3	763	803	814
3	764	840	944
3	764	874	944
3	765	790	902
3	765	872	902
3	766	819	927
3	766	850	927
3	767	774	934
3	767	854	934
3	768	810	931
3	768	892	990
3	768	931	990
3	769	773	922
3	769	897	922
3	770	814	815
3	771	776	978
3	771	802	887
3	771	887	978
3	772	798	834
3	772	811	866
3	772	834	866
3	773	784	930
3	773	922	930
3	774	777	942
3	774	934	942
3	775	890	976
3	775	923	976
3	776	842	968
3	776	968	978
3	777	929	964
3	777	942	964
3	778	864	885
3	779	838	967
3	779	907	967
3	780	805	871
3	780	829	848
3	780	848	871
3	781	808	950
3	781	881	950
3	782	793	833
3	782	833	857
3	782	844	857
3	783	795	835
3	783	835	847
3	784	832	959
3	784	930	959
3	785	793	849
3	785	794	859
3	785	849	859
3	786	787	788
3	786	787	795
3	786	788	816
3	786	791	795
3	786	791	806
3	786	806	816
3	787	788	817
3	787	805	817
3	788	812	813
3	788	812	816
3	788	813	817
3	789	823	956
3	789	943	956
3	790	810	882
3	790	882	902
3	791	795	820
3	791	804	806
3	791	804	807
3	791	807	820
3	792	794	846
3	792	803	878
3	792	846	878
3	793	833	869
3	793	849	869
3	794	846	859
3	795	820	835
3	796	874	982
3	796	899	982
3	797	861	1009
3	797	933	1009
3	798	834	912
3	798	856	888
3	798	888	912
3	799	852	965
3	799	897	965
3	800	826	913
3	800	872	913
3	801	828	999
3	801	858	999
3	802	887	961
3	802	890	961
3	803	814	870
3	803	870	878
3	804	806	830
3	804	807	824
3	804	824	862
3	804	830	862
3	805	817	871
3	806	816	879
3	806	830	879
3	807	820	839
3	807	824	839
3	808	825	970
3	808	950	970
3	809	811	894
3	809	815	886
3	809	886	894
3	810	882	931
3	811	866	928
3	811	894	928
3	812	813	845
3	812	816	851
3	812	845	851
3	813	817	843
3	813	843	868
3	813	845	868
3	814	815	876
3	814	870	876
3	815	876	886
3	816	851	896
3	816	879	896
3	817	843	891
3	817	871	891
3	818	827	906
3	818	847	906
3	819	885	996
3	819	927	996
3	820	835	877
3	820	839	877
3	821	884	979
3	821	919	979
3	822	880	985
3	822	881	985
3	823	837	995
3	823	956	995
3	824	839	855
3	824	855	863
3	824	862	863
3	825	840	1005
3	825	970	1005
3	826	861	966
3	826	913	966
3	827	860	925
3	827	906	925
3	828	867	981
3	828	981	999
3	829	848	914
3	829	856	914
3	830	862	908
3	830	879	908
3	831	842	1026
3	831	901	1031
3	831	1026	1031
3	832	873	1010
3	832	959	1010
3	833	857	905
3	833	869	905
3	834	866	940
3	834	912	940
3	835	847	877
3	836	915	1029
3	836	919	1029
3	837	901	1030
3	837	995	1030
3	838	883	1022
3	838	967	1022
3	839	855	895
3	839	877	895
3	840	944	1043
3	840	1005	1043
3	841	844	960
3	841	852	975
3	841	960	975
3	842	968	1000
3	842	1000	1026
3	843	868	920
3	843	891	920
3	844	857	947
3	844	947	960
3	845	851	909
3	845	868	918
3	845	909	918
3	846	859	903
3	846	878	903
3	847	877	916
3	847	906	916
3	848	871	951
3	848	914	951
3	849	859	910
3	849	869	926
3	849	910	926
3	850	853	972
3	850	927	972
3	851	896	921
3	851	909	921
3	852	965	975
3	853	865	980
3	853	972	980
3	854	880	974
3	854	934	974
3	855	863	875
3	855	875	904
3	855	895	904
3	856	888	971
3	856	914	1024
3	856	971	1024
3	857	905	947
3	858	907	1039
3	858	999	1039
3	859	903	932
3	859	910	932
3	860	925	943
3	861	966	1066
3	861	1009	1066
3	862	863	936
3	862	908	941
3	862	936	941
3	863	875	900
3	863	900	936
3	864	885	991
3	864	898	1037
3	864	991	1037
3	865	915	980
3	866	928	955
3	866	940	955
3	867	957	1003
3	867	981	1003
3	868	918	937
3	868	920	937
3	869	905	954
3	869	926	954
3	870	876	924
3	870	878	938
3	870	924	938
3	871	891	952
3	871	951	952
3	872	902	1012
3	872	913	986
3	872	986	1012
3	873	899	1046
3	873	1010	1046
3	874	944	1021
3	874	982	1021
3	875	893	900
3	875	893	917
3	875	904	917
3	876	886	939
3	876	924	939
3	877	895	916
3	878	903	949
3	878	938	949
3	879	896	987
3	879	908	989
3	879	987	989
3	880	974	1091
3	880	985	1091
3	881	950	1113
3	881	985	1113
3	882	902	1008
3	882	931	1008
3	883	911	1045
3	883	1022	1045
3	884	889	1034
3	884	979	1034
3	885	991	1041
3	885	996	1041
3	886	894	963
3	886	939	963
3	887	961	978
3	888	912	1020
3	888	971	1020
3	889	945	1055
3	889	1034	1055
3	890	961	1053
3	890	976	1053
3	891	920	969
3	891	952	969
3	892	923	1047
3	892	990	1047
3	893	900	948
3	893	917	935
3	893	935	948
3	894	928	1032
3	894	963	1032
3	895	904	953
3	895	916	925
3	895	925	953
3	896	921	1015
3	896	987	1015
3	897	922	1052
3	897	965	1052
3	898	929	1070
3	898	1037	1070
3	899	982	1100
3	899	1046	1100
3	900	936	984
3	900	948	984
3	901	1030	1031
3	902	1008	1012
3	903	932	962
3	903	949	962
3	904	917	973
3	904	953	973
3	905	947	1028
3	905	954	1028
3	906	916	925
3	907	967	1096
3	907	1039	1096
3	908	941	1027
3	908	989	1027
3	909	918	997
3	909	921	1001
3	909	997	1001
3	910	926	992
3	910	932	988
3	910	988	992
3	911	945	1063
3	911	1045	1063
3	912	940	1048
3	912	1020	1048
3	913	966	1042
3	913	986	1042
3	914	951	1024
3	915	980	1061
3	915	1029	1061
3	917	935	946
3	917	946	993
3	917	973	993
3	918	937	1006
3	918	997	1006
3	919	979	1074
3	919	1029	1074
3	920	937	983
3	920	969	1014
3	920	983	1014
3	921	1001	1002
3	921	1002	1015
3	922	930	1064
3	922	1052	1064
3	923	976	1084
3	923	1047	1084
3	924	938	977
3	924	939	977
3	925	943	953
3	926	954	1033
3	926	992	1033
3	927	972	1086
3	927	996	1086
3	928	955	1050
3	928	1032	1050
3	929	964	1107
3	929	1070	1107
3	930	959	1085
3	930	1064	1085
3	931	990	1081
3	931	1008	1081
3	932	962	1023
3	932	988	1023
3	933	957	1117
3	933	1009	1151
3	933	1117	1151
3	934	942	1087
3	934	974	1088
3	934	1087	1088
3	935	946	958
3	935	948	1004
3	935	958	994
3	935	994	1004
3	936	941	1016
3	936	984	1044
3	936	1016	1044
3	937	983	1013
3	937	1006	1013
3	938	949	1017
3	938	977	1036
3	938	1017	1036
3	939	963	1019
3	939	977	1019
3	940	955	1090
3	940	1048	1090
3	941	1016	1027
3	942	964	1093
3	942	1087	1093
3	943	953	1035
3	943	956	1035
3	944	1021	1108
3	944	1043	1108
3	945	1055	1063
3	946	958	998
3	946	993	998
3	947	960	1109
3	947	1028	1109
3	948	984	1038
3	948	1004	1038
3	949	962	1011
3	949	1011	1017
3	950	970	1073
3	950	1073	1113
3	951	952	1068
3	951	1024	1068
3	952	969	1040
3	952	1040	1068
3	953	973	1035
3	954	1028	1062
3	954	1033	1062
3	955	1050	1090
3	956	995	1067
3	956	1035	1067
3	957	1003	1103
3	957	1103	1117
3	958	994	1007
3	958	998	1018
3	958	1007	1018
3	959	1010	1130
3	959	1085	1130
3	960	975	1114
3	960	1109	1114
3	961	978	1140
3	961	1053	1140
3	962	1011	1025
3	962	1023	1025
3	963	1019	1071
3	963	1032	1071
3	964	1093	1107
3	965	975	1082
3	965	1052	1180
3	965	1082	1180
3	966	1042	1129
3	966	1066	1129
3	967	1022	1182
3	967	1096	1182
3	968	978	1145
3	968	1000	1105
3	968	1105	1145
3	969	1014	1097
3	969	1040	1097
3	970	1005	1155
3	970	1073	1155
3	971	1020	1131
3	971	1024	1131
3	972	980	1102
3	972	1086	1102
3	973	993	1035
3	974	1088	1091
3	975	1082	1124
3	975	1114	1124
3	976	1053	1120
3	976	1084	1120
3	977	1019	1058
3	977	1036	1058
3	978	1140	1179
3	978	1145	1179
3	979	1034	1128
3	979	1074	1128
3	980	1061	1102
3	981	999	1132
3	981	1003	1104
3	981	1104	1132
3	982	1021	1135
3	982	1100	1135
3	983	1013	1060
3	983	1014	1049
3	983	1049	1060
3	984	1038	1080
3	984	1044	1080
3	985	1091	1254
3	985	1113	1254
3	986	1012	1099
3	986	1042	1099
3	987	989	1083
3	987	1015	1083
3	988	992	1072
3	988	1023	1078
3	988	1072	1078
3	989	1027	1076
3	989	1076	1083
3	990	1047	1152
3	990	1081	1152
3	991	1037	1122
3	991	1041	1122
3	992	1033	1112
3	992	1072	1112
3	993	998	1059
3	993	1035	1059
3	994	1004	1051
3	994	1007	1056
3	994	1051	1056
3	995	1030	1095
3	995	1067	1095
3	996	1041	1101
3	996	1086	1141
3	996	1101	1141
3	997	1001	1098
3	997	1006	1092
3	997	1092	1098
3	998	1018	1065
3	998	1059	1065
3	999	1039	1153
3	999	1132	1222
3	999	1153	1222
3	1000	1026	1126
3	1000	1105	1126
3	1001	1002	1111
3	1001	1098	1111
3	1002	1015	1077
3	1002	1077	1111
3	1003	1103	1104
3	1004	1038	1089
3	1004	1051	1089
3	1005	1043	1169
3	1005	1155	1169
3	1006	1013	1106
3	1006	1092	1106
3	1007	1018	1054
3	1007	1054	1056
3	1008	1012	1138
3	1008	1081	1138
3	1009	1066	1206
3	1009	1151	1206
3	1010	1046	1178
3	1010	1130	1178
3	1011	1017	1057
3	1011	1025	1069
3	1011	1057	1069
3	1012	1099	1138
3	1013	1060	1106
3	1014	1049	1119
3	1014	1097	1119
3	1015	1077	1121
3	1015	1083	1121
3	1016	1027	1094
3	1016	1044	1094
3	1017	1036	1115
3	1017	1057	1115
3	1018	1054	1075
3	1018	1065	1075
3	1019	1058	1110
3	1019	1071	1110
3	1020	1048	1191
3	1020	1131	1191
3	1021	1108	1135
3	1022	1045	1186
3	1022	1182	1186
3	1023	1025	1079
3	1023	1078	1139
3	1023	1079	1139
3	1024	1068	1116
3	1024	1116	1131
3	1025	1069	1079
3	1026	1031	1144
3	1026	1126	1144
3	1027	1076	1127
3	1027	1094	1127
3	1028	1062	1156
3	1028	1109	1156
3	1029	1061	1187
3	1029	1074	1200
3	1029	1187	1200
3	1030	1031	1144
3	1030	1095	1144
3	1032	1050	1154
3	1032	1071	1170
3	1032	1154	1170
3	1033	1062	1168
3	1033	1112	1168
3	1034	1055	1174
3	1034	1128	1174
3	1035	1059	1067
3	1036	1058	1118
3	1036	1115	1118
3	1037	1070	1227
3	1037	1122	1227
3	1038	1080	1143
3	1038	1089	1143
3	1039	1096	1219
3	1039	1153	1219
3	1040	1068	1133
3	1040	1097	1133
3	1041	1101	1172
3	1041	1122	1172
3	1042	1099	1193
3	1042	1129	1193
3	1043	1108	1220
3	1043	1169	1220
3	1044	1080	1142
3	1044	1094	1142
3	1045	1063	1197
3	1045	1186	1197
3	1046	1100	1228
3	1046	1178	1228
3	1047	1084	1210
3	1047	1152	1210
3	1048	1090	1242
3	1048	1191	1242
3	1049	1060	1148
3	1049	1119	1148
3	1050	1090	1241
3	1050	1154	1241
3	1051	1056	1137
3	1051	1089	1137
3	1052	1064	1190
3	1052	1180	1190
3	1053	1120	1249
3	1053	1140	1249
3	1054	1056	1161
3	1054	1075	1123
3	1054	1123	1161
3	1055	1063	1199
3	1055	1174	1199
3	1056	1137	1161
3	1057	1069	1136
3	1057	1115	1136
3	1058	1110	1160
3	1058	1118	1160
3	1059	1065	1095
3	1059	1067	1095
3	1060	1106	1147
3	1060	1147	1148
3	1061	1102	1213
3	1061	1187	1213
3	1062	1156	1168
3	1063	1197	1199
3	1064	1085	1238
3	1064	1190	1238
3	1065	1075	1125
3	1065	1095	1125
3	1066	1129	1272
3	1066	1206	1272
3	1068	1116	1260
3	1068	1133	1260
3	1069	1079	1146
3	1069	1136	1146
3	1070	1107	1235
3	1070	1227	1235
3	1071	1110	1175
3	1071	1170	1175
3	1072	1078	1166
3	1072	1112	1165
3	1072	1165	1166
3	1073	1113	1261
3	1073	1155	1261
3	1074	1128	1200
3	1075	1123	1134
3	1075	1125	1134
3	1076	1083	1149
3	1076	1127	1149
3	1077	1111	1167
3	1077	1121	1167
3	1078	1139	1166
3	1079	1139	1171
3	1079	1146	1171
3	1080	1142	1176
3	1080	1143	1176
3	1081	1138	1245
3	1081	1152	1245
3	1082	1124	1252
3	1082	1180	1252
3	1083	1121	1173
3	1083	1149	1158
3	1083	1158	1173
3	1084	1120	1246
3	1084	1210	1246
3	1085	1130	1290
3	1085	1238	1290
3	1086	1102	1237
3	1086	1141	1237
3	1087	1088	1224
3	1087	1093	1259
3	1087	1224	1259
3	1088	1091	1224
3	1089	1137	1221
3	1089	1143	1221
3	1090	1241	1305
3	1090	1242	1305
3	1091	1224	1281
3	1091	1254	1281
3	1092	1098	1184
3	1092	1106	1181
3	1092	1181	1184
3	1093	1107	1262
3	1093	1259	1262
3	1094	1127	1163
3	1094	1142	1163
3	1095	1125	1144
3	1096	1182	1299
3	1096	1219	1299
3	1097	1119	1280
3	1097	1133	1274
3	1097	1274	1280
3	1098	1111	1205
3	1098	1184	1205
3	1099	1138	1257
3	1099	1193	1257
3	1100	1135	1303
3	1100	1228	1303
3	1101	1141	1218
3	1101	1172	1218
3	1102	1213	1239
3	1102	1237	1239
3	1103	1104	1198
3	1103	1117	1253
3	1103	1198	1253
3	1104	1132	1240
3	1104	1198	1240
3	1105	1126	1195
3	1105	1145	1195
3	1106	1147	1183
3	1106	1181	1202
3	1106	1183	1202
3	1107	1235	1273
3	1107	1262	1273
3	1108	1135	1300
3	1108	1220	1300
3	1109	1114	1309
3	1109	1156	1279
3	1109	1279	1309
3	1110	1160	1248
3	1110	1175	1248
3	1111	1167	1205
3	1112	1165	1208
3	1112	1168	1247
3	1112	1208	1247
3	1113	1254	1358
3	1113	1261	1358
3	1114	1124	1287
3	1114	1287	1309
3	1115	1118	1212
3	1115	1136	1251
3	1115	1212	1251
3	1116	1131	1278
3	1116	1260	1278
3	1117	1151	1348
3	1117	1253	1348
3	1118	1160	1230
3	1118	1212	1230
3	1119	1148	1232
3	1119	1232	1280
3	1120	1246	1249
3	1121	1167	1173
3	1122	1172	1304
3	1122	1227	1304
3	1123	1134	1150
3	1123	1150	1164
3	1123	1161	1256
3	1123	1164	1256
3	1124	1252	1287
3	1125	1134	1144
3	1126	1144	1162
3	1126	1162	1194
3	1126	1194	1195
3	1127	1149	1185
3	1127	1163	1185
3	1128	1174	1286
3	1128	1200	1286
3	1129	1193	1328
3	1129	1272	1328
3	1130	1178	1313
3	1130	1290	1313
3	1131	1191	1381
3	1131	1278	1381
3	1132	1222	1327
3	1132	1240	1327
3	1133	1260	1274
3	1134	1144	1162
3	1134	1150	1162
3	1135	1300	1303
3	1136	1146	1283
3	1136	1251	1283
3	1137	1161	1302
3	1137	1221	1302
3	1138	1245	1293
3	1138	1257	1293
3	1139	1166	1312
3	1139	1171	1211
3	1139	1211	1312
3	1140	1179	1294
3	1140	1249	1345
3	1140	1294	1345
3	1141	1218	1291
3	1141	1237	1291
3	1142	1163	1196
3	1142	1176	1209
3	1142	1196	1209
3	1143	1176	1236
3	1143	1221	1276
3	1143	1236	1276
3	1145	1179	1325
3	1145	1195	1325
3	1146	1171	1270
3	1146	1270	1283
3	1147	1148	1243
3	1147	1183	1226
3	1147	1226	1243
3	1148	1232	1320
3	1148	1243	1320
3	1149	1158	1201
3	1149	1185	1201
3	1150	1162	1194
3	1150	1164	1217
3	1150	1194	1217
3	1151	1206	1382
3	1151	1348	1382
3	1152	1210	1323
3	1152	1245	1323
3	1153	1219	1329
3	1153	1222	1329
3	1154	1170	1368
3	1154	1241	1368
3	1155	1169	1333
3	1155	1261	1336
3	1155	1333	1336
3	1156	1168	1306
3	1156	1279	1306
3	1157	1159	1204
3	1157	1159	1216
3	1157	1177	1204
3	1157	1177	1207
3	1157	1207	1216
3	1158	1173	1214
3	1158	1201	1214
3	1159	1189	1223
3	1159	1189	1326
3	1159	1204	1223
3	1159	1216	1326
3	1160	1230	1315
3	1160	1248	1315
3	1161	1256	1360
3	1161	1302	1360
3	1163	1185	1188
3	1163	1188	1196
3	1164	1217	1250
3	1164	1250	1256
3	1165	1166	1275
3	1165	1208	1285
3	1165	1275	1285
3	1166	1275	1312
3	1167	1173	1225
3	1167	1205	1268
3	1167	1225	1268
3	1168	1247	1322
3	1168	1306	1322
3	1169	1220	1356
3	1169	1333	1356
3	1170	1175	1346
3	1170	1346	1368
3	1171	1211	1324
3	1171	1270	1324
3	1172	1218	1332
3	1172	1304	1332
3	1173	1203	1214
3	1173	1203	1225
3	1174	1199	1314
3	1174	1286	1314
3	1175	1248	1346
3	1176	1209	1266
3	1176	1236	1266
3	1177	1188	1192
3	1177	1188	1196
3	1177	1192	1204
3	1177	1196	1207
3	1178	1228	1380
3	1178	1313	1380
3	1179	1294	1325
3	1180	1190	1371
3	1180	1252	1379
3	1180	1371	1379
3	1181	1184	1234
3	1181	1202	1233
3	1181	1233	1234
3	1182	1186	1334
3	1182	1299	1359
3	1182	1334	1359
3	1183	1202	1244
3	1183	1226	1244
3	1184	1205	1264
3	1184	1234	1264
3	1185	1188	1215
3	1185	1201	1215
3	1186	1197	1347
3	1186	1334	1347
3	1187	1200	1338
3	1187	1213	1352
3	1187	1338	1352
3	1188	1192	1215
3	1189	1223	1298
3	1189	1265	1298
3	1189	1265	1375
3	1189	1326	1375
3	1190	1238	1362
3	1190	1362	1371
3	1191	1242	1405
3	1191	1381	1405
3	1192	1204	1258
3	1192	1215	1258
3	1193	1257	1376
3	1193	1328	1376
3	1194	1195	1288
3	1194	1217	1288
3	1195	1288	1325
3	1196	1207	1255
3	1196	1209	1255
3	1197	1199	1314
3	1197	1314	1347
3	1198	1240	1331
3	1198	1253	1331
3	1200	1286	1343
3	1200	1338	1343
3	1201	1214	1229
3	1201	1215	1229
3	1202	1233	1263
3	1202	1244	1263
3	1203	1214	1231
3	1203	1225	1231
3	1204	1223	1349
3	1204	1258	1342
3	1204	1342	1349
3	1205	1264	1268
3	1206	1272	1437
3	1206	1382	1437
3	1207	1216	1317
3	1207	1255	1317
3	1208	1247	1285
3	1209	1255	1266
3	1210	1246	1370
3	1210	1323	1370
3	1211	1312	1324
3	1212	1230	1310
3	1212	1251	1415
3	1212	1310	1415
3	1213	1239	1361
3	1213	1352	1361
3	1214	1229	1271
3	1214	1231	1271
3	1215	1229	1284
3	1215	1258	1284
3	1216	1317	1326
3	1217	1250	1340
3	1217	1288	1357
3	1217	1340	1357
3	1218	1291	1351
3	1218	1332	1351
3	1219	1299	1418
3	1219	1329	1418
3	1220	1300	1399
3	1220	1356	1399
3	1221	1276	1439
3	1221	1302	1439
3	1222	1327	1419
3	1222	1329	1419
3	1223	1298	1400
3	1223	1349	1400
3	1224	1259	1411
3	1224	1281	1355
3	1224	1355	1411
3	1225	1231	1292
3	1225	1268	1308
3	1225	1292	1308
3	1226	1243	1295
3	1226	1244	1282
3	1226	1282	1295
3	1227	1235	1372
3	1227	1304	1425
3	1227	1372	1425
3	1228	1303	1380
3	1229	1271	1284
3	1230	1310	1384
3	1230	1315	1384
3	1231	1271	1337
3	1231	1292	1297
3	1231	1297	1337
3	1232	1280	1369
3	1232	1320	1369
3	1233	1234	1267
3	1233	1263	1269
3	1233	1267	1269
3	1234	1264	1277
3	1234	1267	1277
3	1235	1273	1372
3	1236	1266	1341
3	1236	1276	1341
3	1237	1239	1354
3	1237	1291	1353
3	1237	1353	1354
3	1238	1290	1422
3	1238	1362	1422
3	1239	1354	1361
3	1240	1327	1331
3	1241	1305	1521
3	1241	1368	1521
3	1242	1305	1456
3	1242	1405	1456
3	1243	1295	1344
3	1243	1320	1344
3	1244	1263	1289
3	1244	1282	1289
3	1245	1293	1390
3	1245	1323	1390
3	1246	1249	1402
3	1246	1370	1402
3	1247	1285	1330
3	1247	1322	1330
3	1248	1315	1394
3	1248	1346	1394
3	1249	1345	1451
3	1249	1402	1451
3	1250	1256	1385
3	1250	1340	1385
3	1251	1283	1367
3	1251	1367	1415
3	1252	1287	1414
3	1252	1379	1414
3	1253	1331	1436
3	1253	1348	1436
3	1254	1281	1430
3	1254	1358	1449
3	1254	1430	1449
3	1255	1266	1318
3	1255	1317	1318
3	1256	1360	1432
3	1256	1385	1432
3	1257	1293	1409
3	1257	1376	1409
3	1258	1284	1365
3	1258	1342	1365
3	1259	1262	1401
3	1259	1401	1411
3	1260	1274	1431
3	1260	1278	1381
3	1260	1381	1431
3	1261	1336	1441
3	1261	1358	1441
3	1262	1273	1407
3	1262	1401	1407
3	1263	1269	1301
3	1263	1289	1301
3	1264	1268	1307
3	1264	1277	1307
3	1265	1298	1378
3	1265	1375	1455
3	1265	1378	1448
3	1265	1448	1455
3	1266	1318	1341
3	1267	1269	1296
3	1267	1277	1296
3	1268	1307	1308
3	1269	1296	1321
3	1269	1301	1321
3	1270	1283	1424
3	1270	1324	1410
3	1270	1410	1424
3	1271	1284	1388
3	1271	1337	1388
3	1272	1328	1489
3	1272	1437	1489
3	1273	1372	1407
3	1274	1280	1445
3	1274	1431	1445
3	1275	1285	1335
3	1275	1312	1387
3	1275	1335	1387
3	1276	1341	1439
3	1277	1296	1339
3	1277	1307	1339
3	1279	1306	1383
3	1279	1309	1383
3	1280	1369	1459
3	1280	1445	1459
3	1281	1355	1430
3	1282	1289	1316
3	1282	1295	1316
3	1283	1367	1440
3	1283	1424	1440
3	1284	1365	1388
3	1285	1330	1374
3	1285	1335	1374
3	1286	1314	1397
3	1286	1343	1397
3	1287	1309	1413
3	1287	1413	1414
3	1288	1325	1423
3	1288	1357	1423
3	1289	1301	1311
3	1289	1311	1319
3	1289	1316	1319
3	1290	1313	1462
3	1290	1422	1462
3	1291	1351	1428
3	1291	1353	1428
3	1292	1297	1373
3	1292	1308	1398
3	1292	1373	1433
3	1292	1398	1433
3	1293	1390	1409
3	1294	1325	1447
3	1294	1345	1447
3	1295	1316	1364
3	1295	1344	1364
3	1296	1321	1391
3	1296	1339	1393
3	1296	1391	1393
3	1297	1337	1463
3	1297	1373	1463
3	1298	1378	1467
3	1298	1400	1467
3	1299	1359	1435
3	1299	1418	1435
3	1300	1303	1429
3	1300	1399	1464
3	1300	1429	1464
3	1301	1311	1363
3	1301	1321	1408
3	1301	1363	1408
3	1302	1360	1497
3	1302	1439	1497
3	1303	1380	1473
3	1303	1429	1473
3	1304	1332	1470
3	1304	1425	1470
3	1305	1456	1521
3	1306	1322	1389
3	1306	1383	1389
3	1307	1308	1386
3	1307	1339	1386
3	1308	1386	1398
3	1309	1383	1438
3	1309	1413	1438
3	1310	1384	1472
3	1310	1415	1472
3	1311	1319	1350
3	1311	1350	1363
3	1312	1324	1481
3	1312	1387	1465
3	1312	1465	1481
3	1313	1380	1479
3	1313	1462	1479
3	1314	1347	1397
3	1315	1384	1502
3	1315	1394	1502
3	1316	1319	1366
3	1316	1364	1366
3	1317	1318	1396
3	1317	1326	1498
3	1317	1396	1498
3	1318	1341	1416
3	1318	1396	1416
3	1319	1350	1366
3	1320	1344	1452
3	1320	1369	1475
3	1320	1452	1475
3	1321	1391	1408
3	1322	1330	1377
3	1322	1377	1389
3	1323	1370	1477
3	1323	1390	1477
3	1324	1410	1481
3	1325	1423	1447
3	1326	1375	1537
3	1326	1498	1537
3	1327	1331	1501
3	1327	1419	1501
3	1328	1376	1531
3	1328	1489	1531
3	1329	1418	1517
3	1329	1419	1517
3	1330	1374	1377
3	1331	1436	1501
3	1332	1351	1485
3	1332	1470	1485
3	1333	1336	1474
3	1333	1356	1480
3	1333	1474	1480
3	1334	1347	1426
3	1334	1359	1426
3	1335	1374	1421
3	1335	1387	1421
3	1336	1441	1474
3	1337	1388	1453
3	1337	1453	1463
3	1338	1343	1434
3	1338	1352	1469
3	1338	1434	1469
3	1339	1386	1466
3	1339	1393	1466
3	1340	1357	1442
3	1340	1385	1495
3	1340	1442	1495
3	1341	1416	1494
3	1341	1439	1494
3	1342	1349	1457
3	1342	1365	1457
3	1343	1397	1434
3	1344	1364	1446
3	1344	1446	1452
3	1345	1447	1529
3	1345	1451	1529
3	1346	1368	1513
3	1346	1394	1556
3	1346	1513	1556
3	1347	1397	1426
3	1348	1382	1549
3	1348	1436	1555
3	1348	1549	1555
3	1349	1400	1490
3	1349	1457	1490
3	1350	1363	1412
3	1350	1366	1392
3	1350	1392	1412
3	1351	1428	1485
3	1352	1361	1483
3	1352	1469	1483
3	1353	1354	1476
3	1353	1428	1476
3	1354	1361	1476
3	1355	1411	1468
3	1355	1430	1468
3	1356	1399	1492
3	1356	1480	1492
3	1357	1423	1471
3	1357	1442	1471
3	1358	1441	1518
3	1358	1449	1518
3	1359	1426	1435
3	1360	1432	1550
3	1360	1497	1550
3	1361	1476	1483
3	1362	1371	1484
3	1362	1422	1509
3	1362	1484	1509
3	1363	1408	1444
3	1363	1412	1444
3	1364	1366	1450
3	1364	1446	1450
3	1365	1388	1486
3	1365	1457	1486
3	1366	1392	1395
3	1366	1395	1417
3	1366	1417	1450
3	1367	1415	1499
3	1367	1440	1499
3	1368	1513	1576
3	1368	1521	1576
3	1369	1459	1496
3	1369	1475	1496
3	1370	1402	1532
3	1370	1477	1532
3	1371	1379	1484
3	1372	1407	1454
3	1372	1425	1538
3	1372	1454	1538
3	1373	1433	1503
3	1373	1463	1503
3	1374	1377	1406
3	1374	1406	1443
3	1374	1421	1443
3	1375	1455	1575
3	1375	1537	1575
3	1376	1409	1545
3	1376	1531	1545
3	1377	1389	1403
3	1377	1403	1406
3	1378	1448	1508
3	1378	1467	1508
3	1379	1414	1458
3	1379	1458	1484
3	1380	1473	1510
3	1380	1479	1510
3	1381	1405	1493
3	1381	1431	1493
3	1382	1437	1569
3	1382	1549	1569
3	1383	1389	1420
3	1383	1420	1438
3	1384	1472	1527
3	1384	1502	1527
3	1385	1432	1586
3	1385	1495	1586
3	1386	1398	1478
3	1386	1466	1478
3	1387	1421	1487
3	1387	1465	1487
3	1388	1453	1505
3	1388	1486	1505
3	1389	1403	1420
3	1390	1409	1553
3	1390	1477	1553
3	1391	1393	1482
3	1391	1408	1482
3	1392	1395	1404
3	1392	1403	1404
3	1392	1403	1420
3	1392	1412	1420
3	1393	1466	1509
3	1393	1482	1509
3	1394	1502	1556
3	1395	1404	1427
3	1395	1417	1427
3	1396	1416	1488
3	1396	1488	1498
3	1397	1426	1434
3	1398	1433	1524
3	1398	1478	1524
3	1399	1464	1492
3	1400	1467	1523
3	1400	1490	1523
3	1401	1407	1512
3	1401	1411	1491
3	1401	1491	1512
3	1402	1451	1560
3	1402	1532	1560
3	1403	1404	1406
3	1404	1406	1427
3	1405	1456	1554
3	1405	1493	1554
3	1406	1427	1443
3	1407	1454	1520
3	1407	1512	1520
3	1408	1444	1461
3	1408	1458	1461
3	1408	1458	1482
3	1409	1545	1553
3	1410	1424	1522
3	1410	1481	1522
3	1411	1468	1504
3	1411	1491	1504
3	1412	1420	1438
3	1412	1438	1444
3	1413	1414	1461
3	1413	1438	1461
3	1414	1458	1461
3	1415	1472	1573
3	1415	1499	1572
3	1415	1572	1573
3	1416	1488	1494
3	1417	1427	1460
3	1417	1450	1460
3	1418	1435	1469
3	1418	1469	1517
3	1419	1501	1559
3	1419	1517	1559
3	1421	1443	1506
3	1421	1487	1506
3	1422	1462	1526
3	1422	1509	1526
3	1423	1447	1564
3	1423	1471	1543
3	1423	1543	1564
3	1424	1440	1522
3	1425	1470	1530
3	1425	1530	1538
3	1426	1434	1435
3	1427	1443	1519
3	1427	1460	1519
3	1428	1476	1542
3	1428	1485	1542
3	1429	1464	1516
3	1429	1473	1516
3	1430	1449	1511
3	1430	1468	1507
3	1430	1507	1511
3	1431	1445	1544
3	1431	1493	1544
3	1432	1550	1586
3	1433	1503	1524
3	1434	1435	1469
3	1436	1501	1616
3	1436	1555	1616
3	1437	1489	1592
3	1437	1569	1592
3	1438	1444	1461
3	1439	1494	1601
3	1439	1497	1600
3	1439	1600	1601
3	1440	1499	1551
3	1440	1522	1551
3	1441	1474	1536
3	1441	1518	1536
3	1442	1471	1570
3	1442	1495	1570
3	1443	1506	1519
3	1445	1459	1565
3	1445	1544	1565
3	1446	1450	1535
3	1446	1452	1525
3	1446	1525	1535
3	1447	1529	1588
3	1447	1564	1588
3	1448	1455	1500
3	1448	1500	1515
3	1448	1508	1515
3	1449	1511	1518
3	1450	1460	1541
3	1450	1535	1541
3	1451	1529	1585
3	1451	1560	1585
3	1452	1475	1567
3	1452	1525	1567
3	1453	1463	1505
3	1454	1520	1538
3	1455	1500	1562
3	1455	1562	1599
3	1455	1575	1579
3	1455	1579	1599
3	1456	1521	1597
3	1456	1554	1597
3	1457	1486	1514
3	1457	1490	1514
3	1458	1482	1484
3	1459	1496	1571
3	1459	1565	1571
3	1460	1519	1541
3	1462	1479	1546
3	1462	1526	1546
3	1463	1503	1547
3	1463	1505	1534
3	1463	1534	1547
3	1464	1492	1528
3	1464	1516	1528
3	1465	1481	1561
3	1465	1487	1539
3	1465	1539	1561
3	1466	1478	1526
3	1466	1509	1526
3	1467	1508	1552
3	1467	1523	1552
3	1468	1504	1507
3	1469	1483	1582
3	1469	1517	1582
3	1470	1485	1568
3	1470	1530	1563
3	1470	1563	1568
3	1471	1543	1570
3	1472	1527	1591
3	1472	1573	1591
3	1473	1510	1534
3	1473	1516	1534
3	1474	1480	1540
3	1474	1536	1540
3	1475	1496	1574
3	1475	1567	1574
3	1476	1483	1558
3	1476	1542	1566
3	1476	1558	1566
3	1477	1532	1598
3	1477	1553	1598
3	1478	1524	1526
3	1479	1510	1557
3	1479	1546	1557
3	1480	1490	1514
3	1480	1490	1540
3	1480	1492	1514
3	1481	1522	1590
3	1481	1561	1590
3	1482	1484	1509
3	1483	1558	1582
3	1485	1542	1593
3	1485	1568	1593
3	1486	1505	1528
3	1486	1514	1528
3	1487	1506	1577
3	1487	1539	1577
3	1488	1494	1614
3	1488	1498	1614
3	1489	1531	1618
3	1489	1592	1618
3	1490	1523	1540
3	1491	1504	1548
3	1491	1512	1548
3	1492	1514	1528
3	1493	1544	1554
3	1494	1601	1614
3	1495	1570	1605
3	1495	1586	1605
3	1496	1571	1574
3	1497	1550	1617
3	1497	1600	1617
3	1498	1537	1613
3	1498	1613	1614
3	1499	1551	1583
3	1499	1572	1583
3	1500	1507	1511
3	1500	1507	1533
3	1500	1511	1515
3	1500	1533	1562
3	1501	1559	1609
3	1501	1609	1616
3	1502	1527	1608
3	1502	1556	1628
3	1502	1608	1628
3	1503	1524	1557
3	1503	1547	1557
3	1504	1507	1533
3	1504	1533	1548
3	1505	1516	1528
3	1505	1516	1534
3	1506	1519	1594
3	1506	1577	1594
3	1508	1515	1518
3	1508	1518	1552
3	1510	1534	1547
3	1510	1547	1557
3	1511	1515	1518
3	1512	1520	1581
3	1512	1548	1587
3	1512	1581	1587
3	1513	1556	1603
3	1513	1576	1603
3	1517	1559	1630
3	1517	1582	1630
3	1518	1536	1552
3	1519	1541	1602
3	1519	1594	1602
3	1520	1538	1578
3	1520	1578	1581
3	1521	1576	1638
3	1521	1597	1625
3	1521	1625	1638
3	1522	1551	1604
3	1522	1590	1604
3	1523	1540	1552
3	1524	1526	1546
3	1524	1546	1557
3	1525	1535	1584
3	1525	1567	1584
3	1527	1591	1608
3	1529	1585	1619
3	1529	1588	1619
3	1530	1538	1580
3	1530	1563	1580
3	1531	1545	1626
3	1531	1618	1626
3	1532	1560	1647
3	1532	1598	1647
3	1533	1548	1562
3	1535	1541	1611
3	1535	1584	1611
3	1536	1540	1552
3	1537	1575	1641
3	1537	1613	1641
3	1538	1578	1607
3	1538	1580	1607
3	1539	1561	1589
3	1539	1577	1589
3	1541	1602	1611
3	1542	1566	1612
3	1542	1593	1612
3	1543	1564	1622
3	1543	1570	1596
3	1543	1596	1622
3	1544	1554	1597
3	1544	1565	1597
3	1545	1553	1629
3	1545	1626	1629
3	1548	1562	1595
3	1548	1587	1595
3	1549	1555	1610
3	1549	1569	1663
3	1549	1610	1663
3	1550	1586	1645
3	1550	1617	1645
3	1551	1583	1604
3	1553	1598	1642
3	1553	1629	1642
3	1555	1610	1624
3	1555	1616	1624
3	1556	1603	1651
3	1556	1628	1651
3	1558	1566	1606
3	1558	1582	1606
3	1559	1609	1630
3	1560	1585	1631
3	1560	1631	1647
3	1561	1589	1621
3	1561	1590	1621
3	1562	1595	1648
3	1562	1599	1620
3	1562	1620	1648
3	1563	1568	1615
3	1563	1580	1615
3	1564	1588	1637
3	1564	1622	1646
3	1564	1637	1646
3	1565	1571	1623
3	1565	1597	1623
3	1566	1606	1612
3	1567	1574	1640
3	1567	1584	1636
3	1567	1636	1640
3	1568	1593	1639
3	1568	1615	1639
3	1569	1592	1649
3	1569	1649	1663
3	1570	1596	1659
3	1570	1605	1650
3	1570	1650	1659
3	1571	1574	1632
3	1571	1623	1632
3	1572	1573	1652
3	1572	1583	1635
3	1572	1635	1652
3	1573	1591	1658
3	1573	1652	1658
3	1574	1632	1640
3	1575	1579	1653
3	1575	1641	1670
3	1575	1653	1670
3	1576	1603	1654
3	1576	1638	1654
3	1577	1589	1634
3	1577	1594	1668
3	1577	1634	1668
3	1578	1581	1643
3	1578	1607	1643
3	1579	1599	1657
3	1579	1653	1657
3	1580	1607	1627
3	1580	1615	1627
3	1581	1587	1633
3	1581	1633	1643
3	1582	1606	1665
3	1582	1630	1665
3	1583	1604	1635
3	1584	1611	1636
3	1585	1619	1631
3	1586	1605	1673
3	1586	1645	1691
3	1586	1673	1691
3	1587	1595	1644
3	1587	1633	1644
3	1588	1619	1637
3	1589	1621	1634
3	1590	1604	1656
3	1590	1621	1656
3	1591	1608	1661
3	1591	1658	1661
3	1592	1618	1682
3	1592	1649	1682
3	1593	1612	1674
3	1593	1639	1674
3	1594	1602	1660
3	1594	1660	1668
3	1595	1644	1648
3	1596	1622	1659
3	1597	1623	1625
3	1598	1642	1678
3	1598	1647	1678
3	1599	1620	1657
3	1600	1601	1662
3	1600	1617	1675
3	1600	1662	1675
3	1601	1614	1669
3	1601	1662	1669
3	1602	1611	1660
3	1603	1651	1654
3	1604	1635	1656
3	1605	1650	1673
3	1606	1612	1672
3	1606	1665	1672
3	1607	1627	1655
3	1607	1643	1685
3	1607	1655	1685
3	1608	1628	1701
3	1608	1661	1701
3	1609	1616	1687
3	1609	1630	1687
3	1610	1624	1666
3	1610	1663	1666
3	1611	1636	1681
3	1611	1660	1681
3	1612	1672	1674
3	1613	1614	1680
3	1613	1641	1680
3	1614	1669	1698
3	1614	1680	1698
3	1615	1627	1671
3	1615	1639	1671
3	1616	1624	1686
3	1616	1686	1721
3	1616	1687	1721
3	1617	1645	1684
3	1617	1675	1684
3	1618	1626	1703
3	1618	1682	1703
3	1619	1631	1688
3	1619	1637	1688
3	1620	1648	1689
3	1620	1657	1689
3	1621	1634	1679
3	1621	1656	1679
3	1622	1646	1667
3	1622	1659	1677
3	1622	1667	1677
3	1623	1625	1664
3	1623	1632	1664
3	1624	1666	1686
3	1625	1638	1664
3	1626	1629	1715
3	1626	1703	1715
3	1627	1655	1702
3	1627	1671	1702
3	1628	1651	1727
3	1628	1701	1727
3	1629	1642	1697
3	1629	1697	1715
3	1630	1665	1739
3	1630	1687	1739
3	1631	1647	1683
3	1631	1683	1688
3	1632	1640	1690
3	1632	1664	1690
3	1633	1643	1693
3	1633	1644	1693
3	1634	1668	1679
3	1635	1652	1717
3	1635	1656	1717
3	1636	1640	1695
3	1636	1681	1695
3	1637	1646	1676
3	1637	1676	1696
3	1637	1688	1696
3	1638	1654	1694
3	1638	1664	1694
3	1639	1671	1707
3	1639	1674	1707
3	1640	1690	1695
3	1641	1670	1708
3	1641	1680	1708
3	1642	1678	1700
3	1642	1697	1700
3	1643	1685	1734
3	1643	1693	1734
3	1644	1648	1709
3	1644	1693	1709
3	1645	1684	1732
3	1645	1691	1732
3	1646	1667	1692
3	1646	1676	1712
3	1646	1692	1712
3	1647	1678	1742
3	1647	1683	1738
3	1647	1738	1742
3	1648	1689	1728
3	1648	1709	1728
3	1649	1663	1720
3	1649	1682	1720
3	1650	1659	1705
3	1650	1673	1705
3	1651	1654	1711
3	1651	1711	1727
3	1652	1658	1724
3	1652	1717	1724
3	1653	1657	1699
3	1653	1670	1735
3	1653	1699	1735
3	1654	1694	1711
3	1655	1685	1702
3	1656	1679	1718
3	1656	1717	1718
3	1657	1689	1706
3	1657	1699	1706
3	1658	1661	1723
3	1658	1723	1724
3	1659	1677	1716
3	1659	1705	1716
3	1660	1668	1704
3	1660	1681	1713
3	1660	1704	1713
3	1661	1701	1723
3	1662	1669	1731
3	1662	1675	1731
3	1663	1666	1722
3	1663	1720	1757
3	1663	1722	1757
3	1664	1690	1694
3	1665	1672	1725
3	1665	1725	1739
3	1666	1686	1722
3	1667	1677	1710
3	1667	1692	1710
3	1668	1679	1719
3	1668	1704	1719
3	1669	1698	1731
3	1670	1708	1735
3	1671	1702	1729
3	1671	1707	1729
3	1672	1674	1733
3	1672	1725	1733
3	1673	1691	1736
3	1673	1705	1736
3	1674	1707	1749
3	1674	1733	1749
3	1675	1684	1741
3	1675	1731	1741
3	1676	1696	1730
3	1676	1712	1730
3	1677	1710	1716
3	1678	1700	1758
3	1678	1742	1758
3	1679	1714	1718
3	1679	1714	1719
3	1680	1698	1754
3	1680	1708	1754
3	1681	1695	1740
3	1681	1713	1740
3	1682	1703	1775
3	1682	1720	1775
3	1683	1688	1745
3	1683	1738	1745
3	1684	1732	1741
3	1685	1702	1753
3	1685	1734	1753
3	1686	1721	1762
3	1686	1722	1762
3	1687	1721	1797
3	1687	1739	1797
3	1688	1696	1744
3	1688	1744	1745
3	1689	1706	1746
3	1689	1728	1746
3	1690	1694	1756
3	1690	1695	1756
3	1691	1732	1751
3	1691	1736	1751
3	1692	1710	1726
3	1692	1712	1737
3	1692	1726	1737
3	1693	1709	1765
3	1693	1734	1765
3	1694	1711	1756
3	1695	1740	1756
3	1696	1730	1744
3	1697	1700	1748
3	1697	1715	1764
3	1697	1748	1764
3	1698	1731	1754
3	1699	1706	1760
3	1699	1735	1760
3	1700	1748	1758
3	1701	1723	1795
3	1701	1727	1778
3	1701	1778	1795
3	1702	1729	1772
3	1702	1753	1772
3	1703	1715	1804
3	1703	1775	1804
3	1704	1713	1752
3	1704	1719	1752
3	1705	1716	1750
3	1705	1736	1750
3	1706	1746	1760
3	1707	1729	1771
3	1707	1749	1771
3	1708	1735	1769
3	1708	1754	1769
3	1709	1728	1776
3	1709	1765	1776
3	1710	1716	1759
3	1710	1726	1766
3	1710	1759	1766
3	1711	1727	1785
3	1711	1756	1785
3	1712	1730	1787
3	1712	1737	1789
3	1712	1787	1789
3	1713	1740	1774
3	1713	1752	1774
3	1714	1718	1743
3	1714	1719	1747
3	1714	1743	1747
3	1715	1764	1839
3	1715	1804	1839
3	1716	1750	1759
3	1717	1718	1763
3	1717	1724	1802
3	1717	1763	1815
3	1717	1802	1815
3	1718	1743	1770
3	1718	1763	1770
3	1719	1747	1755
3	1719	1752	1755
3	1720	1757	1801
3	1720	1775	1801
3	1721	1762	1824
3	1721	1797	1824
3	1722	1757	1830
3	1722	1762	1830
3	1723	1724	1809
3	1723	1795	1809
3	1724	1802	1809
3	1725	1733	1777
3	1725	1739	1780
3	1725	1777	1780
3	1726	1737	1761
3	1726	1761	1766
3	1727	1778	1883
3	1727	1785	1883
3	1728	1746	1788
3	1728	1776	1788
3	1729	1771	1806
3	1729	1772	1806
3	1730	1744	1817
3	1730	1787	1817
3	1731	1741	1842
3	1731	1754	1818
3	1731	1818	1842
3	1732	1741	1825
3	1732	1751	1816
3	1732	1816	1825
3	1733	1749	1783
3	1733	1777	1783
3	1734	1753	1794
3	1734	1765	1794
3	1735	1760	1769
3	1736	1750	1781
3	1736	1751	1781
3	1737	1761	1803
3	1737	1789	1803
3	1738	1742	1845
3	1738	1745	1822
3	1738	1822	1845
3	1739	1780	1823
3	1739	1797	1799
3	1739	1799	1820
3	1739	1820	1823
3	1740	1756	1782
3	1740	1774	1782
3	1741	1825	1842
3	1742	1758	1882
3	1742	1845	1882
3	1743	1747	1768
3	1743	1768	1770
3	1744	1745	1873
3	1744	1817	1873
3	1745	1822	1873
3	1746	1760	1792
3	1746	1788	1808
3	1746	1792	1808
3	1747	1755	1767
3	1747	1767	1768
3	1748	1758	1800
3	1748	1764	1848
3	1748	1800	1848
3	1749	1771	1829
3	1749	1783	1829
3	1750	1759	1781
3	1751	1781	1816
3	1752	1755	1779
3	1752	1774	1812
3	1752	1779	1812
3	1753	1772	1841
3	1753	1794	1841
3	1754	1769	1835
3	1754	1818	1872
3	1754	1835	1872
3	1755	1767	1773
3	1755	1773	1779
3	1756	1782	1834
3	1756	1785	1847
3	1756	1834	1871
3	1756	1847	1871
3	1757	1801	1894
3	1757	1830	1894
3	1758	1800	1942
3	1758	1882	1942
3	1759	1766	1819
3	1759	1781	1819
3	1760	1769	1810
3	1760	1792	1796
3	1760	1796	1810
3	1761	1766	1833
3	1761	1803	1831
3	1761	1831	1833
3	1762	1824	1961
3	1762	1830	1961
3	1763	1770	1846
3	1763	1815	1869
3	1763	1846	1869
3	1764	1839	1898
3	1764	1848	1898
3	1765	1776	1859
3	1765	1794	1854
3	1765	1854	1859
3	1766	1819	1874
3	1766	1833	1874
3	1767	1768	1813
3	1767	1773	1784
3	1767	1784	1790
3	1767	1790	1813
3	1768	1770	1836
3	1768	1813	1836
3	1769	1810	1826
3	1769	1826	1835
3	1770	1836	1865
3	1770	1846	1865
3	1771	1806	1868
3	1771	1829	1868
3	1772	1806	1881
3	1772	1841	1885
3	1772	1881	1885
3	1773	1779	1791
3	1773	1784	1786
3	1773	1786	1791
3	1774	1782	1844
3	1774	1812	1862
3	1774	1844	1862
3	1775	1801	1945
3	1775	1804	2004
3	1775	1945	2004
3	1776	1788	1860
3	1776	1859	1860
3	1777	1780	1861
3	1777	1783	1864
3	1777	1861	1864
3	1778	1795	1923
3	1778	1883	1923
3	1779	1791	1821
3	1779	1812	1821
3	1780	1823	1866
3	1780	1861	1866
3	1781	1816	1880
3	1781	1819	1880
3	1782	1834	1844
3	1783	1829	1864
3	1784	1786	1807
3	1784	1790	1832
3	1784	1807	1832
3	1785	1847	1953
3	1785	1883	1953
3	1786	1791	1793
3	1786	1793	1807
3	1787	1789	1949
3	1787	1817	1916
3	1787	1916	1949
3	1788	1808	1860
3	1789	1803	1929
3	1789	1929	1949
3	1790	1813	1863
3	1790	1832	1863
3	1791	1793	1814
3	1791	1814	1821
3	1792	1796	1838
3	1792	1808	1858
3	1792	1838	1858
3	1793	1798	1811
3	1793	1798	1814
3	1793	1807	1827
3	1793	1811	1827
3	1794	1841	1892
3	1794	1854	1892
3	1795	1809	1967
3	1795	1923	1967
3	1796	1810	1838
3	1797	1799	1896
3	1797	1824	1997
3	1797	1896	2025
3	1797	1997	2025
3	1798	1805	1811
3	1798	1805	1828
3	1798	1814	1837
3	1798	1828	1837
3	1799	1820	1852
3	1799	1852	1896
3	1800	1848	1942
3	1801	1894	1945
3	1802	1809	1917
3	1802	1815	1943
3	1802	1917	1943
3	1803	1831	1929
3	1804	1839	1968
3	1804	1968	2004
3	1805	1811	1875
3	1805	1828	1840
3	1805	1840	1875
3	1806	1868	1881
3	1807	1827	1889
3	1807	1832	1889
3	1808	1858	1893
3	1808	1860	1893
3	1809	1917	1967
3	1810	1826	1870
3	1810	1838	1855
3	1810	1855	1870
3	1811	1827	1853
3	1811	1853	1875
3	1812	1821	1867
3	1812	1862	1867
3	1813	1836	1909
3	1813	1863	1909
3	1814	1821	1851
3	1814	1837	1851
3	1815	1869	1943
3	1816	1825	1930
3	1816	1880	1930
3	1817	1873	2035
3	1817	1916	2035
3	1818	1842	1934
3	1818	1872	1934
3	1819	1874	1880
3	1820	1823	1888
3	1820	1852	1901
3	1820	1888	1890
3	1820	1890	1901
3	1821	1851	1867
3	1822	1845	2008
3	1822	1873	2008
3	1823	1866	1914
3	1823	1888	1914
3	1824	1961	1997
3	1825	1842	1947
3	1825	1930	1947
3	1826	1835	1921
3	1826	1870	1921
3	1827	1853	1910
3	1827	1889	1910
3	1828	1837	1886
3	1828	1840	1849
3	1828	1849	1877
3	1828	1877	1886
3	1829	1864	1904
3	1829	1868	1904
3	1830	1894	2026
3	1830	1961	2026
3	1831	1833	1843
3	1831	1843	1857
3	1831	1857	1983
3	1831	1929	1983
3	1832	1863	1920
3	1832	1889	1920
3	1833	1843	1931
3	1833	1874	1936
3	1833	1931	1936
3	1834	1844	1906
3	1834	1871	1895
3	1834	1895	1906
3	1835	1872	1960
3	1835	1921	1960
3	1836	1865	1959
3	1836	1909	1959
3	1837	1851	1897
3	1837	1886	1897
3	1838	1855	1887
3	1838	1858	1884
3	1838	1884	1887
3	1839	1898	2038
3	1839	1968	2038
3	1840	1849	1908
3	1840	1875	1963
3	1840	1908	1963
3	1841	1885	1933
3	1841	1892	1933
3	1842	1934	2017
3	1842	1947	2017
3	1843	1857	1912
3	1843	1912	1931
3	1844	1862	1927
3	1844	1906	1927
3	1845	1882	2073
3	1845	2008	2073
3	1846	1865	1985
3	1846	1869	1986
3	1846	1985	1986
3	1847	1871	1953
3	1848	1898	2099
3	1848	1942	2099
3	1849	1850	1878
3	1849	1850	1908
3	1849	1877	1915
3	1849	1878	1915
3	1850	1856	1878
3	1850	1856	1905
3	1850	1905	1908
3	1851	1867	1902
3	1851	1897	1902
3	1852	1896	1976
3	1852	1901	1976
3	1853	1875	1973
3	1853	1910	1973
3	1854	1859	1922
3	1854	1892	1922
3	1855	1870	1900
3	1855	1887	1899
3	1855	1899	1900
3	1856	1876	1879
3	1856	1876	1905
3	1856	1878	1913
3	1856	1879	1913
3	1857	1903	1912
3	1857	1903	1935
3	1857	1935	1983
3	1858	1884	1941
3	1858	1893	1941
3	1859	1860	1928
3	1859	1922	1928
3	1860	1893	1911
3	1860	1911	1928
3	1861	1864	1937
3	1861	1866	1962
3	1861	1937	1962
3	1862	1867	1944
3	1862	1927	1944
3	1863	1909	1990
3	1863	1920	1990
3	1864	1904	1946
3	1864	1937	1946
3	1865	1959	1985
3	1866	1914	1962
3	1867	1902	1944
3	1868	1881	1958
3	1868	1904	1958
3	1869	1943	2034
3	1869	1986	2034
3	1870	1900	1996
3	1870	1921	1996
3	1871	1895	1939
3	1871	1939	1980
3	1871	1953	1980
3	1872	1934	2009
3	1872	1960	2009
3	1873	2008	2144
3	1873	2035	2144
3	1874	1880	2000
3	1874	1936	2000
3	1875	1963	2066
3	1875	1973	2066
3	1876	1879	1891
3	1876	1891	1940
3	1876	1905	2060
3	1876	1940	2060
3	1877	1886	1948
3	1877	1915	1948
3	1878	1913	1974
3	1878	1915	1974
3	1879	1891	1907
3	1879	1907	1952
3	1879	1913	1952
3	1880	1930	2000
3	1881	1885	1957
3	1881	1957	1958
3	1882	1942	2096
3	1882	2073	2096
3	1883	1923	2045
3	1883	1953	2072
3	1883	2045	2072
3	1884	1887	1919
3	1884	1919	1941
3	1885	1933	1957
3	1886	1897	1964
3	1886	1948	1964
3	1887	1899	1918
3	1887	1918	1919
3	1888	1890	1956
3	1888	1914	1970
3	1888	1956	1970
3	1889	1910	2018
3	1889	1920	2001
3	1889	2001	2018
3	1890	1901	1925
3	1890	1925	1956
3	1891	1907	1955
3	1891	1940	1955
3	1892	1922	2012
3	1892	1933	2012
3	1893	1911	1972
3	1893	1941	1972
3	1894	1945	2085
3	1894	2026	2085
3	1895	1906	1988
3	1895	1939	1988
3	1896	1976	2056
3	1896	2025	2056
3	1897	1902	1971
3	1897	1964	1971
3	1898	2038	2099
3	1899	1900	1951
3	1899	1918	1932
3	1899	1932	1951
3	1900	1951	1996
3	1901	1925	2019
3	1901	1976	2083
3	1901	2019	2083
3	1902	1944	1971
3	1903	1912	1965
3	1903	1935	2033
3	1903	1965	1977
3	1903	1977	1978
3	1903	1978	2053
3	1903	2033	2053
3	1904	1946	1981
3	1904	1958	1981
3	1905	1908	2112
3	1905	2060	2112
3	1906	1927	1992
3	1906	1988	1992
3	1907	1924	1955
3	1907	1924	1979
3	1907	1952	1979
3	1908	1963	2111
3	1908	2111	2112
3	1909	1959	2055
3	1909	1990	2055
3	1910	1973	2044
3	1910	2018	2044
3	1911	1928	1993
3	1911	1972	1993
3	1912	1931	2080
3	1912	1965	2080
3	1913	1952	2010
3	1913	1974	2010
3	1914	1962	2030
3	1914	1970	2030
3	1915	1948	2013
3	1915	1974	2013
3	1916	1949	2110
3	1916	2035	2110
3	1917	1943	2050
3	1917	1967	2050
3	1918	1919	1975
3	1918	1932	1969
3	1918	1969	1975
3	1919	1941	1975
3	1920	1990	2062
3	1920	2001	2062
3	1921	1960	2061
3	1921	1996	2089
3	1921	2061	2089
3	1922	1928	1995
3	1922	1995	2012
3	1923	1967	2091
3	1923	2045	2091
3	1924	1926	1938
3	1924	1926	1987
3	1924	1938	1994
3	1924	1955	1987
3	1924	1979	1994
3	1925	1956	2021
3	1925	1991	2019
3	1925	1991	2021
3	1926	1938	1950
3	1926	1950	2027
3	1926	1987	2027
3	1927	1944	2028
3	1927	1992	2028
3	1928	1993	2011
3	1928	1995	2011
3	1929	1949	2183
3	1929	1983	2126
3	1929	2126	2183
3	1930	1947	2082
3	1930	2000	2082
3	1931	1936	2032
3	1931	2032	2080
3	1932	1951	1954
3	1932	1954	1966
3	1932	1966	1969
3	1933	1957	2020
3	1933	2012	2020
3	1934	2009	2088
3	1934	2017	2088
3	1935	1983	2143
3	1935	2033	2143
3	1936	2000	2032
3	1937	1946	1998
3	1937	1962	2058
3	1937	1998	2058
3	1938	1950	1984
3	1938	1984	2006
3	1938	1994	2006
3	1939	1980	2040
3	1939	1988	2037
3	1939	2037	2040
3	1940	1955	2181
3	1940	2060	2181
3	1941	1972	2093
3	1941	1975	2047
3	1941	2047	2093
3	1942	2096	2249
3	1942	2099	2249
3	1943	2034	2104
3	1943	2050	2104
3	1944	1971	2054
3	1944	2028	2054
3	1945	2004	2120
3	1945	2085	2120
3	1946	1981	2023
3	1946	1998	2023
3	1947	2017	2082
3	1948	1964	2041
3	1948	2013	2041
3	1949	2110	2183
3	1950	1984	1989
3	1950	1989	2068
3	1950	2027	2068
3	1951	1954	1999
3	1951	1996	2042
3	1951	1999	2042
3	1952	1979	2029
3	1952	2010	2029
3	1953	1980	2108
3	1953	2072	2101
3	1953	2101	2108
3	1954	1966	1982
3	1954	1982	1999
3	1955	1987	2092
3	1955	2092	2181
3	1956	1970	2090
3	1956	2021	2063
3	1956	2063	2090
3	1957	1958	2051
3	1957	2020	2051
3	1958	1981	2074
3	1958	2051	2074
3	1959	1985	2094
3	1959	2055	2094
3	1960	2009	2115
3	1960	2061	2115
3	1961	1997	2173
3	1961	2026	2168
3	1961	2168	2173
3	1962	2030	2136
3	1962	2058	2136
3	1963	2066	2147
3	1963	2111	2147
3	1964	1971	2057
3	1964	2041	2057
3	1965	1977	2100
3	1965	2080	2100
3	1966	1969	2022
3	1966	1982	2016
3	1966	2016	2022
3	1967	2050	2127
3	1967	2091	2127
3	1968	2004	2156
3	1968	2038	2156
3	1969	1975	2052
3	1969	2022	2036
3	1969	2036	2052
3	1970	2030	2090
3	1971	2054	2057
3	1972	1993	2079
3	1972	2079	2093
3	1973	2044	2150
3	1973	2066	2150
3	1974	2010	2071
3	1974	2013	2071
3	1975	2047	2052
3	1976	2056	2162
3	1976	2083	2162
3	1977	1978	2105
3	1977	2100	2103
3	1977	2103	2105
3	1978	2053	2179
3	1978	2105	2179
3	1979	1994	2067
3	1979	2029	2067
3	1980	2040	2108
3	1981	2023	2074
3	1982	1999	2005
3	1982	2002	2005
3	1982	2002	2016
3	1983	2126	2270
3	1983	2143	2270
3	1984	1989	2003
3	1984	2003	2007
3	1984	2006	2046
3	1984	2007	2048
3	1984	2046	2048
3	1985	1986	2087
3	1985	2087	2094
3	1986	2034	2087
3	1987	2027	2169
3	1987	2092	2169
3	1988	1992	2075
3	1988	2037	2102
3	1988	2075	2102
3	1989	2003	2117
3	1989	2068	2117
3	1990	2055	2109
3	1990	2062	2109
3	1991	2019	2039
3	1991	2021	2152
3	1991	2039	2059
3	1991	2059	2069
3	1991	2069	2152
3	1992	2028	2075
3	1993	2011	2130
3	1993	2079	2130
3	1994	2006	2065
3	1994	2065	2067
3	1995	2011	2119
3	1995	2012	2119
3	1996	2042	2106
3	1996	2089	2106
3	1997	2025	2192
3	1997	2173	2192
3	1998	2023	2084
3	1998	2058	2084
3	1999	2005	2043
3	1999	2042	2078
3	1999	2043	2078
3	2000	2032	2129
3	2000	2082	2129
3	2001	2018	2131
3	2001	2062	2131
3	2002	2005	2015
3	2002	2015	2031
3	2002	2016	2064
3	2002	2031	2064
3	2003	2007	2024
3	2003	2014	2024
3	2003	2014	2070
3	2003	2070	2117
3	2004	2120	2221
3	2004	2156	2221
3	2005	2015	2049
3	2005	2043	2049
3	2006	2046	2081
3	2006	2065	2081
3	2007	2024	2048
3	2008	2073	2272
3	2008	2144	2272
3	2009	2088	2132
3	2009	2115	2132
3	2010	2029	2097
3	2010	2071	2097
3	2011	2119	2130
3	2012	2020	2114
3	2012	2114	2167
3	2012	2119	2167
3	2013	2041	2113
3	2013	2071	2113
3	2014	2015	2024
3	2014	2015	2031
3	2014	2031	2076
3	2014	2070	2076
3	2015	2024	2049
3	2016	2022	2118
3	2016	2064	2118
3	2017	2082	2158
3	2017	2088	2158
3	2018	2044	2164
3	2018	2131	2164
3	2019	2039	2201
3	2019	2083	2224
3	2019	2201	2224
3	2020	2051	2122
3	2020	2114	2122
3	2021	2063	2189
3	2021	2152	2189
3	2022	2036	2137
3	2022	2118	2137
3	2023	2074	2116
3	2023	2084	2116
3	2024	2048	2049
3	2025	2056	2200
3	2025	2192	2200
3	2026	2085	2202
3	2026	2168	2202
3	2027	2068	2225
3	2027	2169	2225
3	2028	2054	2125
3	2028	2075	2125
3	2029	2067	2097
3	2030	2090	2148
3	2030	2136	2148
3	2031	2064	2145
3	2031	2076	2145
3	2032	2080	2129
3	2033	2053	2198
3	2033	2143	2198
3	2034	2087	2154
3	2034	2104	2154
3	2035	2110	2237
3	2035	2144	2230
3	2035	2230	2237
3	2036	2052	2159
3	2036	2137	2159
3	2037	2040	2149
3	2037	2102	2146
3	2037	2146	2149
3	2038	2099	2252
3	2038	2156	2252
3	2039	2059	2180
3	2039	2180	2201
3	2040	2108	2244
3	2040	2149	2244
3	2041	2057	2133
3	2041	2113	2133
3	2042	2078	2106
3	2043	2049	2077
3	2043	2077	2095
3	2043	2078	2095
3	2044	2150	2164
3	2045	2072	2175
3	2045	2091	2175
3	2046	2048	2086
3	2046	2081	2107
3	2046	2086	2107
3	2047	2052	2184
3	2047	2093	2196
3	2047	2184	2196
3	2048	2049	2098
3	2048	2086	2098
3	2049	2077	2098
3	2050	2104	2161
3	2050	2127	2161
3	2051	2074	2204
3	2051	2122	2204
3	2052	2159	2184
3	2053	2179	2198
3	2054	2057	2141
3	2054	2125	2141
3	2055	2094	2165
3	2055	2109	2165
3	2056	2162	2200
3	2057	2133	2141
3	2058	2084	2176
3	2058	2136	2182
3	2058	2176	2182
3	2059	2069	2151
3	2059	2151	2243
3	2059	2180	2243
3	2060	2112	2232
3	2060	2181	2256
3	2060	2232	2256
3	2061	2089	2128
3	2061	2115	2140
3	2061	2128	2140
3	2062	2109	2193
3	2062	2131	2193
3	2063	2090	2220
3	2063	2189	2220
3	2064	2118	2206
3	2064	2145	2206
3	2065	2067	2139
3	2065	2081	2134
3	2065	2134	2139
3	2066	2147	2281
3	2066	2150	2285
3	2066	2281	2285
3	2067	2097	2155
3	2067	2139	2155
3	2068	2117	2266
3	2068	2225	2266
3	2069	2151	2213
3	2069	2152	2213
3	2070	2076	2235
3	2070	2117	2212
3	2070	2212	2235
3	2071	2097	2163
3	2071	2113	2163
3	2072	2101	2187
3	2072	2175	2187
3	2073	2096	2271
3	2073	2271	2272
3	2074	2116	2211
3	2074	2204	2211
3	2075	2102	2157
3	2075	2125	2157
3	2076	2145	2235
3	2077	2095	2123
3	2077	2098	2123
3	2078	2095	2121
3	2078	2106	2121
3	2079	2093	2190
3	2079	2130	2190
3	2080	2100	2216
3	2080	2129	2205
3	2080	2205	2216
3	2081	2107	2138
3	2081	2134	2138
3	2082	2129	2207
3	2082	2158	2207
3	2083	2162	2277
3	2083	2224	2277
3	2084	2116	2177
3	2084	2176	2177
3	2085	2120	2240
3	2085	2202	2240
3	2086	2098	2124
3	2086	2107	2124
3	2087	2094	2178
3	2087	2154	2178
3	2088	2132	2199
3	2088	2158	2199
3	2089	2106	2121
3	2089	2121	2128
3	2090	2148	2260
3	2090	2220	2260
3	2091	2127	2185
3	2091	2175	2185
3	2092	2169	2313
3	2092	2181	2313
3	2093	2190	2274
3	2093	2196	2274
3	2094	2165	2178
3	2095	2121	2135
3	2095	2123	2135
3	2096	2249	2271
3	2097	2155	2163
3	2098	2123	2124
3	2099	2249	2348
3	2099	2252	2348
3	2100	2103	2214
3	2100	2214	2216
3	2101	2108	2226
3	2101	2187	2226
3	2102	2146	2166
3	2102	2157	2166
3	2103	2105	2217
3	2103	2197	2214
3	2103	2197	2217
3	2104	2154	2203
3	2104	2161	2203
3	2105	2179	2305
3	2105	2217	2314
3	2105	2305	2314
3	2107	2124	2160
3	2107	2138	2160
3	2108	2226	2244
3	2109	2165	2193
3	2110	2183	2291
3	2110	2237	2291
3	2111	2112	2253
3	2111	2147	2273
3	2111	2253	2273
3	2112	2232	2340
3	2112	2253	2340
3	2113	2133	2172
3	2113	2163	2172
3	2114	2122	2174
3	2114	2167	2234
3	2114	2174	2234
3	2115	2132	2218
3	2115	2140	2238
3	2115	2218	2238
3	2116	2177	2211
3	2117	2212	2320
3	2117	2266	2320
3	2118	2137	2258
3	2118	2206	2245
3	2118	2245	2258
3	2119	2130	2246
3	2119	2167	2309
3	2119	2246	2309
3	2120	2221	2240
3	2121	2128	2153
3	2121	2135	2153
3	2122	2174	2227
3	2122	2204	2227
3	2123	2124	2170
3	2123	2135	2171
3	2123	2170	2171
3	2124	2160	2170
3	2125	2141	2195
3	2125	2157	2195
3	2126	2183	2366
3	2126	2270	2366
3	2127	2161	2222
3	2127	2185	2222
3	2128	2140	2142
3	2128	2142	2153
3	2129	2205	2207
3	2130	2190	2322
3	2130	2246	2322
3	2131	2164	2255
3	2131	2193	2255
3	2132	2199	2218
3	2133	2141	2209
3	2133	2172	2209
3	2134	2138	2188
3	2134	2139	2191
3	2134	2188	2191
3	2135	2153	2171
3	2136	2148	2260
3	2136	2182	2333
3	2136	2260	2333
3	2137	2159	2258
3	2138	2160	2188
3	2139	2155	2210
3	2139	2191	2210
3	2140	2142	2194
3	2140	2194	2238
3	2141	2195	2209
3	2142	2153	2194
3	2143	2198	2317
3	2143	2270	2317
3	2144	2230	2349
3	2144	2272	2349
3	2145	2206	2326
3	2145	2235	2326
3	2146	2149	2233
3	2146	2166	2186
3	2146	2186	2208
3	2146	2208	2233
3	2147	2273	2281
3	2149	2233	2324
3	2149	2244	2324
3	2150	2164	2301
3	2150	2285	2301
3	2151	2213	2311
3	2151	2243	2306
3	2151	2306	2311
3	2152	2189	2346
3	2152	2213	2360
3	2152	2346	2360
3	2153	2171	2231
3	2153	2194	2231
3	2154	2178	2262
3	2154	2203	2262
3	2155	2163	2229
3	2155	2210	2229
3	2156	2221	2352
3	2156	2252	2352
3	2157	2166	2219
3	2157	2195	2219
3	2158	2199	2267
3	2158	2207	2267
3	2159	2184	2316
3	2159	2258	2316
3	2160	2170	2254
3	2160	2188	2254
3	2161	2203	2242
3	2161	2222	2242
3	2162	2200	2359
3	2162	2277	2359
3	2163	2172	2236
3	2163	2229	2236
3	2164	2255	2301
3	2165	2178	2251
3	2165	2193	2251
3	2166	2186	2228
3	2166	2219	2228
3	2167	2234	2327
3	2167	2309	2327
3	2168	2173	2315
3	2168	2202	2298
3	2168	2298	2315
3	2169	2225	2408
3	2169	2313	2408
3	2170	2171	2239
3	2170	2239	2254
3	2171	2231	2239
3	2172	2209	2236
3	2173	2192	2336
3	2173	2315	2336
3	2174	2227	2300
3	2174	2234	2300
3	2175	2185	2283
3	2175	2187	2279
3	2175	2279	2283
3	2176	2177	2259
3	2176	2182	2302
3	2176	2259	2302
3	2177	2211	2310
3	2177	2259	2310
3	2178	2251	2262
3	2179	2198	2372
3	2179	2305	2372
3	2180	2201	2376
3	2180	2243	2370
3	2180	2370	2376
3	2181	2256	2403
3	2181	2313	2414
3	2181	2403	2414
3	2182	2302	2333
3	2183	2291	2395
3	2183	2366	2395
3	2184	2196	2364
3	2184	2316	2364
3	2185	2222	2283
3	2186	2208	2215
3	2186	2215	2223
3	2186	2223	2228
3	2187	2226	2279
3	2188	2191	2248
3	2188	2248	2254
3	2189	2220	2368
3	2189	2346	2368
3	2190	2274	2329
3	2190	2322	2329
3	2191	2210	2257
3	2191	2248	2257
3	2192	2200	2345
3	2192	2336	2345
3	2193	2251	2299
3	2193	2255	2299
3	2194	2231	2284
3	2194	2238	2284
3	2195	2209	2250
3	2195	2219	2250
3	2196	2274	2407
3	2196	2364	2407
3	2197	2214	2308
3	2197	2217	2275
3	2197	2275	2308
3	2198	2317	2372
3	2199	2218	2293
3	2199	2267	2293
3	2200	2345	2359
3	2201	2224	2388
3	2201	2376	2388
3	2202	2240	2354
3	2202	2298	2354
3	2203	2242	2294
3	2203	2262	2294
3	2204	2211	2401
3	2204	2227	2367
3	2204	2367	2401
3	2205	2207	2286
3	2205	2216	2286
3	2206	2245	2396
3	2206	2326	2396
3	2207	2267	2286
3	2208	2215	2280
3	2208	2233	2304
3	2208	2280	2304
3	2209	2236	2265
3	2209	2250	2265
3	2210	2229	2268
3	2210	2257	2268
3	2211	2310	2401
3	2212	2235	2380
3	2212	2320	2380
3	2213	2311	2344
3	2213	2344	2360
3	2214	2216	2292
3	2214	2292	2308
3	2215	2223	2247
3	2215	2241	2247
3	2215	2241	2280
3	2216	2286	2292
3	2217	2275	2319
3	2217	2314	2406
3	2217	2319	2406
3	2218	2238	2296
3	2218	2293	2296
3	2219	2228	2263
3	2219	2250	2263
3	2220	2260	2381
3	2220	2368	2381
3	2221	2240	2361
3	2221	2352	2361
3	2222	2242	2307
3	2222	2283	2307
3	2223	2228	2276
3	2223	2247	2276
3	2224	2277	2409
3	2224	2388	2409
3	2225	2266	2424
3	2225	2408	2424
3	2226	2244	2337
3	2226	2279	2337
3	2227	2300	2367
3	2228	2263	2276
3	2229	2236	2269
3	2229	2268	2269
3	2230	2237	2377
3	2230	2349	2377
3	2231	2239	2289
3	2231	2284	2289
3	2232	2256	2382
3	2232	2340	2382
3	2233	2304	2339
3	2233	2324	2339
3	2234	2300	2351
3	2234	2327	2351
3	2235	2326	2435
3	2235	2380	2435
3	2236	2265	2269
3	2237	2291	2399
3	2237	2377	2399
3	2238	2284	2335
3	2238	2296	2335
3	2239	2254	2328
3	2239	2289	2328
3	2240	2354	2361
3	2241	2247	2264
3	2241	2261	2264
3	2241	2261	2334
3	2241	2280	2334
3	2242	2294	2307
3	2243	2306	2420
3	2243	2370	2420
3	2244	2324	2385
3	2244	2337	2385
3	2245	2258	2419
3	2245	2396	2419
3	2246	2309	2371
3	2246	2322	2371
3	2247	2264	2288
3	2247	2276	2288
3	2248	2254	2297
3	2248	2257	2290
3	2248	2290	2297
3	2249	2271	2426
3	2249	2348	2464
3	2249	2426	2464
3	2250	2263	2278
3	2250	2265	2278
3	2251	2262	2332
3	2251	2299	2332
3	2252	2348	2430
3	2252	2352	2430
3	2253	2273	2392
3	2253	2340	2392
3	2254	2297	2343
3	2254	2328	2343
3	2255	2299	2338
3	2255	2301	2338
3	2256	2382	2403
3	2257	2268	2287
3	2257	2287	2290
3	2258	2316	2400
3	2258	2400	2419
3	2259	2302	2373
3	2259	2310	2373
3	2260	2333	2437
3	2260	2381	2437
3	2261	2264	2282
3	2261	2282	2303
3	2261	2303	2334
3	2262	2294	2355
3	2262	2332	2355
3	2263	2276	2278
3	2264	2282	2295
3	2264	2288	2295
3	2265	2269	2278
3	2266	2320	2448
3	2266	2424	2448
3	2267	2286	2341
3	2267	2293	2341
3	2268	2269	2287
3	2269	2278	2287
3	2270	2317	2431
3	2270	2366	2465
3	2270	2431	2465
3	2271	2272	2447
3	2271	2426	2447
3	2272	2349	2479
3	2272	2447	2479
3	2273	2281	2415
3	2273	2392	2415
3	2274	2329	2467
3	2274	2407	2467
3	2275	2308	2342
3	2275	2319	2342
3	2276	2278	2287
3	2276	2287	2312
3	2276	2288	2318
3	2276	2312	2318
3	2277	2359	2443
3	2277	2409	2443
3	2279	2283	2375
3	2279	2337	2375
3	2280	2304	2405
3	2280	2334	2427
3	2280	2405	2427
3	2281	2285	2417
3	2281	2415	2417
3	2282	2295	2323
3	2282	2303	2331
3	2282	2321	2323
3	2282	2321	2331
3	2283	2307	2387
3	2283	2375	2387
3	2284	2289	2363
3	2284	2335	2363
3	2285	2301	2410
3	2285	2410	2417
3	2286	2292	2347
3	2286	2341	2347
3	2287	2290	2312
3	2288	2295	2330
3	2288	2318	2330
3	2289	2328	2363
3	2290	2297	2325
3	2290	2312	2325
3	2291	2395	2434
3	2291	2399	2434
3	2292	2308	2347
3	2293	2296	2362
3	2293	2341	2362
3	2294	2307	2383
3	2294	2355	2383
3	2295	2323	2330
3	2296	2335	2362
3	2297	2325	2356
3	2297	2343	2356
3	2298	2315	2422
3	2298	2354	2422
3	2299	2332	2379
3	2299	2338	2379
3	2300	2351	2462
3	2300	2367	2462
3	2301	2338	2404
3	2301	2404	2410
3	2302	2333	2461
3	2302	2373	2428
3	2302	2428	2461
3	2303	2331	2397
3	2303	2334	2397
3	2304	2339	2405
3	2305	2314	2458
3	2305	2372	2475
3	2305	2458	2475
3	2306	2311	2457
3	2306	2420	2457
3	2307	2383	2387
3	2308	2342	2378
3	2308	2347	2378
3	2309	2327	2446
3	2309	2371	2456
3	2309	2446	2456
3	2310	2373	2449
3	2310	2401	2449
3	2311	2344	2444
3	2311	2444	2457
3	2312	2318	2325
3	2313	2408	2474
3	2313	2414	2474
3	2314	2406	2458
3	2315	2336	2459
3	2315	2422	2459
3	2316	2364	2502
3	2316	2400	2502
3	2317	2372	2433
3	2317	2431	2433
3	2318	2325	2350
3	2318	2330	2350
3	2319	2342	2353
3	2319	2353	2374
3	2319	2374	2406
3	2320	2380	2484
3	2320	2448	2484
3	2321	2323	2357
3	2321	2331	2402
3	2321	2357	2365
3	2321	2365	2402
3	2322	2329	2471
3	2322	2371	2476
3	2322	2471	2476
3	2323	2330	2358
3	2323	2357	2358
3	2324	2339	2425
3	2324	2385	2432
3	2324	2425	2432
3	2325	2350	2356
3	2326	2396	2499
3	2326	2435	2499
3	2327	2351	2446
3	2328	2343	2398
3	2328	2363	2398
3	2329	2467	2471
3	2330	2350	2358
3	2331	2397	2442
3	2331	2402	2442
3	2332	2355	2423
3	2332	2379	2423
3	2333	2437	2515
3	2333	2461	2515
3	2334	2397	2452
3	2334	2427	2452
3	2335	2362	2394
3	2335	2363	2394
3	2336	2345	2441
3	2336	2441	2459
3	2337	2375	2429
3	2337	2385	2429
3	2338	2379	2404
3	2339	2405	2425
3	2340	2382	2451
3	2340	2392	2466
3	2340	2451	2466
3	2341	2347	2389
3	2341	2362	2389
3	2342	2353	2390
3	2342	2378	2390
3	2343	2356	2393
3	2343	2393	2398
3	2344	2360	2444
3	2345	2359	2478
3	2345	2441	2478
3	2346	2360	2473
3	2346	2368	2500
3	2346	2473	2500
3	2347	2378	2389
3	2348	2430	2513
3	2348	2464	2513
3	2349	2377	2501
3	2349	2479	2501
3	2350	2356	2384
3	2350	2358	2384
3	2351	2446	2462
3	2352	2361	2469
3	2352	2430	2490
3	2352	2469	2490
3	2353	2365	2369
3	2353	2365	2374
3	2353	2369	2390
3	2354	2361	2463
3	2354	2422	2460
3	2354	2460	2463
3	2355	2383	2436
3	2355	2423	2436
3	2356	2384	2393
3	2357	2358	2391
3	2357	2365	2369
3	2357	2369	2386
3	2357	2386	2391
3	2358	2384	2391
3	2359	2443	2521
3	2359	2478	2521
3	2360	2444	2527
3	2360	2473	2527
3	2361	2463	2469
3	2362	2389	2411
3	2362	2394	2411
3	2363	2394	2418
3	2363	2398	2418
3	2364	2407	2505
3	2364	2502	2505
3	2365	2374	2438
3	2365	2402	2438
3	2366	2395	2481
3	2366	2465	2525
3	2366	2481	2525
3	2367	2401	2548
3	2367	2462	2548
3	2368	2381	2511
3	2368	2500	2511
3	2369	2386	2390
3	2370	2376	2507
3	2370	2420	2486
3	2370	2486	2507
3	2371	2456	2476
3	2372	2433	2496
3	2372	2475	2496
3	2373	2428	2491
3	2373	2449	2491
3	2374	2406	2485
3	2374	2438	2485
3	2375	2387	2439
3	2375	2429	2439
3	2376	2388	2541
3	2376	2507	2541
3	2377	2399	2509
3	2377	2501	2509
3	2378	2389	2416
3	2378	2390	2416
3	2379	2404	2440
3	2379	2423	2440
3	2380	2435	2503
3	2380	2484	2503
3	2381	2437	2512
3	2381	2511	2512
3	2382	2403	2489
3	2382	2451	2489
3	2383	2387	2445
3	2383	2436	2445
3	2384	2391	2413
3	2384	2393	2413
3	2385	2429	2454
3	2385	2432	2454
3	2386	2390	2412
3	2386	2391	2412
3	2387	2439	2445
3	2388	2409	2514
3	2388	2514	2541
3	2389	2411	2416
3	2390	2412	2421
3	2390	2416	2421
3	2391	2412	2413
3	2392	2415	2472
3	2392	2466	2472
3	2393	2398	2413
3	2394	2411	2418
3	2395	2434	2481
3	2396	2419	2563
3	2396	2499	2563
3	2397	2442	2477
3	2397	2452	2477
3	2398	2413	2421
3	2398	2418	2421
3	2399	2434	2498
3	2399	2498	2509
3	2400	2419	2520
3	2400	2502	2520
3	2401	2449	2552
3	2401	2548	2552
3	2402	2438	2497
3	2402	2442	2494
3	2402	2494	2497
3	2403	2414	2518
3	2403	2489	2518
3	2404	2410	2453
3	2404	2440	2453
3	2405	2425	2450
3	2405	2427	2483
3	2405	2450	2483
3	2406	2458	2526
3	2406	2485	2526
3	2407	2467	2522
3	2407	2505	2522
3	2408	2424	2519
3	2408	2474	2537
3	2408	2519	2537
3	2409	2443	2529
3	2409	2514	2529
3	2410	2417	2455
3	2410	2453	2455
3	2411	2416	2418
3	2412	2413	2421
3	2414	2474	2518
3	2415	2417	2470
3	2415	2470	2472
3	2416	2418	2421
3	2417	2455	2470
3	2419	2520	2563
3	2420	2457	2567
3	2420	2486	2567
3	2422	2459	2517
3	2422	2460	2517
3	2423	2436	2482
3	2423	2440	2482
3	2424	2448	2519
3	2425	2432	2468
3	2425	2450	2468
3	2426	2447	2559
3	2426	2464	2559
3	2427	2452	2506
3	2427	2483	2506
3	2428	2461	2549
3	2428	2491	2549
3	2429	2439	2480
3	2429	2454	2480
3	2430	2490	2546
3	2430	2513	2546
3	2431	2433	2508
3	2431	2465	2553
3	2431	2508	2553
3	2432	2454	2488
3	2432	2468	2488
3	2433	2496	2508
3	2434	2481	2536
3	2434	2498	2536
3	2435	2499	2587
3	2435	2503	2587
3	2436	2445	2493
3	2436	2482	2493
3	2437	2512	2583
3	2437	2515	2583
3	2438	2485	2540
3	2438	2497	2540
3	2439	2445	2492
3	2439	2480	2492
3	2440	2453	2487
3	2440	2482	2487
3	2441	2459	2566
3	2441	2478	2566
3	2442	2477	2535
3	2442	2494	2535
3	2443	2521	2584
3	2443	2529	2584
3	2444	2457	2562
3	2444	2527	2562
3	2445	2492	2493
3	2446	2456	2538
3	2446	2462	2543
3	2446	2538	2543
3	2447	2479	2585
3	2447	2559	2585
3	2448	2484	2590
3	2448	2519	2590
3	2449	2491	2550
3	2449	2550	2552
3	2450	2468	2510
3	2450	2483	2510
3	2451	2466	2528
3	2451	2489	2528
3	2452	2477	2531
3	2452	2506	2531
3	2453	2455	2495
3	2453	2487	2495
3	2454	2480	2504
3	2454	2488	2504
3	2455	2470	2495
3	2456	2476	2569
3	2456	2538	2569
3	2457	2562	2599
3	2457	2567	2599
3	2458	2475	2542
3	2458	2526	2555
3	2458	2542	2555
3	2459	2517	2575
3	2459	2566	2575
3	2460	2463	2545
3	2460	2517	2545
3	2461	2515	2627
3	2461	2549	2627
3	2462	2543	2611
3	2462	2548	2611
3	2463	2469	2556
3	2463	2545	2556
3	2464	2513	2606
3	2464	2559	2606
3	2465	2525	2588
3	2465	2553	2588
3	2466	2472	2533
3	2466	2528	2533
3	2467	2471	2594
3	2467	2522	2603
3	2467	2594	2603
3	2468	2488	2510
3	2469	2490	2565
3	2469	2556	2565
3	2470	2472	2516
3	2470	2495	2516
3	2471	2476	2604
3	2471	2594	2604
3	2472	2516	2533
3	2473	2500	2620
3	2473	2527	2620
3	2474	2518	2574
3	2474	2537	2574
3	2475	2496	2561
3	2475	2542	2561
3	2476	2569	2604
3	2477	2531	2535
3	2478	2521	2605
3	2478	2566	2605
3	2479	2501	2608
3	2479	2585	2608
3	2480	2492	2523
3	2480	2504	2523
3	2481	2525	2570
3	2481	2536	2570
3	2482	2487	2524
3	2482	2493	2530
3	2482	2524	2530
3	2483	2506	2544
3	2483	2510	2544
3	2484	2503	2595
3	2484	2590	2595
3	2485	2526	2580
3	2485	2540	2580
3	2486	2507	2593
3	2486	2567	2593
3	2487	2495	2524
3	2488	2504	2534
3	2488	2510	2534
3	2489	2518	2571
3	2489	2528	2571
3	2490	2546	2576
3	2490	2565	2576
3	2491	2549	2609
3	2491	2550	2609
3	2492	2493	2532
3	2492	2523	2532
3	2493	2530	2532
3	2494	2497	2572
3	2494	2535	2572
3	2495	2516	2524
3	2496	2508	2558
3	2496	2558	2561
3	2497	2540	2582
3	2497	2572	2582
3	2498	2509	2579
3	2498	2536	2579
3	2499	2563	2636
3	2499	2587	2636
3	2500	2511	2640
3	2500	2620	2640
3	2501	2509	2622
3	2501	2608	2622
3	2502	2505	2617
3	2502	2520	2597
3	2502	2597	2650
3	2502	2617	2650
3	2503	2587	2595
3	2504	2523	2539
3	2504	2534	2539
3	2505	2522	2612
3	2505	2612	2617
3	2506	2531	2581
3	2506	2544	2581
3	2507	2541	2695
3	2507	2593	2695
3	2508	2553	2592
3	2508	2558	2592
3	2509	2579	2630
3	2509	2622	2630
3	2510	2534	2560
3	2510	2544	2560
3	2511	2512	2644
3	2511	2640	2644
3	2512	2583	2644
3	2513	2546	2656
3	2513	2606	2656
3	2514	2529	2600
3	2514	2541	2632
3	2514	2600	2632
3	2515	2583	2639
3	2515	2627	2639
3	2516	2524	2547
3	2516	2533	2547
3	2517	2545	2638
3	2517	2575	2638
3	2518	2571	2602
3	2518	2574	2602
3	2519	2537	2573
3	2519	2573	2623
3	2519	2590	2623
3	2520	2563	2615
3	2520	2597	2615
3	2521	2584	2653
3	2521	2605	2653
3	2522	2603	2612
3	2523	2532	2551
3	2523	2539	2551
3	2524	2530	2554
3	2524	2547	2554
3	2525	2570	2634
3	2525	2588	2634
3	2526	2555	2613
3	2526	2580	2613
3	2527	2562	2659
3	2527	2620	2659
3	2528	2533	2568
3	2528	2568	2571
3	2529	2584	2649
3	2529	2600	2649
3	2530	2532	2557
3	2530	2554	2557
3	2531	2535	2589
3	2531	2581	2589
3	2532	2551	2557
3	2533	2547	2577
3	2533	2568	2577
3	2534	2539	2564
3	2534	2560	2564
3	2535	2572	2589
3	2536	2570	2635
3	2536	2579	2635
3	2537	2573	2616
3	2537	2574	2616
3	2538	2543	2626
3	2538	2569	2626
3	2539	2551	2564
3	2540	2580	2610
3	2540	2582	2610
3	2541	2632	2679
3	2541	2679	2695
3	2542	2555	2614
3	2542	2561	2614
3	2543	2611	2657
3	2543	2626	2657
3	2544	2560	2601
3	2544	2581	2601
3	2545	2556	2647
3	2545	2638	2647
3	2546	2576	2645
3	2546	2645	2656
3	2547	2554	2578
3	2547	2577	2578
3	2548	2552	2691
3	2548	2611	2713
3	2548	2691	2713
3	2549	2609	2698
3	2549	2627	2698
3	2550	2552	2663
3	2550	2609	2663
3	2551	2557	2586
3	2551	2564	2586
3	2552	2663	2691
3	2553	2588	2664
3	2553	2592	2651
3	2553	2651	2664
3	2554	2557	2591
3	2554	2578	2591
3	2555	2613	2614
3	2556	2565	2669
3	2556	2647	2669
3	2557	2586	2591
3	2558	2561	2628
3	2558	2592	2628
3	2559	2585	2673
3	2559	2606	2694
3	2559	2673	2694
3	2560	2564	2596
3	2560	2596	2601
3	2561	2614	2628
3	2562	2599	2688
3	2562	2659	2688
3	2563	2615	2706
3	2563	2636	2701
3	2563	2701	2706
3	2564	2586	2596
3	2565	2576	2652
3	2565	2652	2669
3	2566	2575	2674
3	2566	2605	2729
3	2566	2674	2729
3	2567	2593	2710
3	2567	2599	2707
3	2567	2707	2710
3	2568	2571	2598
3	2568	2577	2598
3	2569	2604	2675
3	2569	2626	2675
3	2570	2634	2689
3	2570	2635	2689
3	2571	2598	2624
3	2571	2602	2624
3	2572	2582	2625
3	2572	2589	2633
3	2572	2625	2633
3	2573	2616	2623
3	2574	2602	2631
3	2574	2616	2631
3	2575	2638	2674
3	2576	2645	2652
3	2577	2578	2607
3	2577	2598	2607
3	2578	2591	2607
3	2579	2630	2670
3	2579	2635	2670
3	2580	2610	2642
3	2580	2613	2642
3	2581	2589	2618
3	2581	2601	2629
3	2581	2618	2629
3	2582	2610	2625
3	2583	2639	2728
3	2583	2644	2728
3	2584	2649	2718
3	2584	2653	2718
3	2585	2608	2673
3	2586	2591	2619
3	2586	2596	2619
3	2587	2595	2680
3	2587	2636	2680
3	2588	2634	2664
3	2589	2618	2633
3	2590	2595	2681
3	2590	2623	2692
3	2590	2681	2692
3	2591	2607	2621
3	2591	2619	2621
3	2592	2628	2658
3	2592	2651	2658
3	2593	2695	2710
3	2594	2603	2708
3	2594	2604	2705
3	2594	2705	2708
3	2595	2680	2681
3	2596	2601	2637
3	2596	2619	2637
3	2597	2615	2687
3	2597	2650	2687
3	2598	2607	2624
3	2599	2688	2707
3	2600	2632	2704
3	2600	2649	2704
3	2601	2629	2641
3	2601	2637	2641
3	2602	2624	2654
3	2602	2631	2654
3	2603	2612	2731
3	2603	2708	2731
3	2604	2675	2716
3	2604	2705	2716
3	2605	2653	2724
3	2605	2724	2729
3	2606	2656	2742
3	2606	2694	2742
3	2607	2621	2643
3	2607	2624	2643
3	2608	2622	2730
3	2608	2673	2730
3	2609	2663	2719
3	2609	2698	2719
3	2610	2625	2660
3	2610	2642	2660
3	2611	2657	2746
3	2611	2713	2746
3	2612	2617	2696
3	2612	2696	2731
3	2613	2614	2677
3	2613	2642	2678
3	2613	2677	2678
3	2614	2628	2682
3	2614	2677	2682
3	2615	2687	2706
3	2616	2623	2672
3	2616	2631	2667
3	2616	2667	2672
3	2617	2650	2726
3	2617	2696	2726
3	2618	2629	2648
3	2618	2633	2661
3	2618	2648	2661
3	2619	2621	2646
3	2619	2637	2655
3	2619	2646	2655
3	2620	2640	2766
3	2620	2659	2763
3	2620	2763	2766
3	2621	2643	2646
3	2622	2630	2722
3	2622	2722	2730
3	2623	2672	2692
3	2624	2643	2654
3	2625	2633	2665
3	2625	2660	2665
3	2626	2657	2734
3	2626	2675	2734
3	2627	2639	2750
3	2627	2698	2769
3	2627	2750	2769
3	2628	2658	2697
3	2628	2682	2697
3	2629	2641	2662
3	2629	2648	2662
3	2630	2670	2722
3	2631	2654	2667
3	2632	2679	2738
3	2632	2704	2738
3	2633	2661	2665
3	2634	2664	2712
3	2634	2689	2712
3	2635	2670	2717
3	2635	2689	2717
3	2636	2680	2720
3	2636	2701	2720
3	2637	2641	2668
3	2637	2655	2668
3	2638	2647	2745
3	2638	2674	2759
3	2638	2745	2759
3	2639	2728	2750
3	2640	2644	2782
3	2640	2766	2782
3	2641	2662	2668
3	2642	2660	2685
3	2642	2678	2685
3	2643	2646	2666
3	2643	2654	2666
3	2644	2728	2757
3	2644	2757	2782
3	2645	2652	2744
3	2645	2656	2736
3	2645	2736	2744
3	2646	2655	2666
3	2647	2669	2732
3	2647	2732	2745
3	2648	2661	2671
3	2648	2662	2671
3	2649	2704	2785
3	2649	2718	2785
3	2650	2687	2754
3	2650	2726	2754
3	2651	2658	2709
3	2651	2664	2721
3	2651	2709	2721
3	2652	2669	2756
3	2652	2744	2756
3	2653	2718	2786
3	2653	2724	2786
3	2654	2666	2683
3	2654	2667	2686
3	2654	2683	2686
3	2655	2666	2676
3	2655	2668	2676
3	2656	2736	2793
3	2656	2742	2793
3	2657	2734	2775
3	2657	2746	2775
3	2658	2697	2709
3	2659	2688	2763
3	2660	2665	2700
3	2660	2685	2700
3	2661	2665	2690
3	2661	2671	2690
3	2662	2668	2684
3	2662	2671	2684
3	2663	2691	2807
3	2663	2719	2807
3	2664	2712	2727
3	2664	2721	2727
3	2665	2690	2700
3	2666	2676	2683
3	2667	2672	2703
3	2667	2686	2703
3	2668	2676	2693
3	2668	2684	2693
3	2669	2732	2779
3	2669	2756	2779
3	2670	2717	2743
3	2670	2722	2743
3	2671	2684	2702
3	2671	2690	2702
3	2672	2692	2723
3	2672	2703	2723
3	2673	2694	2758
3	2673	2730	2758
3	2674	2729	2795
3	2674	2759	2795
3	2675	2716	2771
3	2675	2734	2771
3	2676	2683	2699
3	2676	2693	2699
3	2677	2678	2733
3	2677	2682	2741
3	2677	2733	2741
3	2678	2685	2715
3	2678	2715	2733
3	2679	2695	2792
3	2679	2738	2792
3	2680	2681	2740
3	2680	2720	2762
3	2680	2740	2762
3	2681	2692	2751
3	2681	2740	2751
3	2682	2697	2747
3	2682	2741	2747
3	2683	2686	2714
3	2683	2699	2714
3	2684	2693	2711
3	2684	2702	2711
3	2685	2700	2735
3	2685	2715	2735
3	2686	2703	2714
3	2687	2706	2773
3	2687	2754	2773
3	2688	2707	2805
3	2688	2763	2805
3	2689	2712	2767
3	2689	2717	2774
3	2689	2767	2774
3	2690	2700	2739
3	2690	2702	2739
3	2691	2713	2820
3	2691	2807	2820
3	2692	2723	2749
3	2692	2749	2751
3	2693	2699	2725
3	2693	2711	2725
3	2694	2742	2787
3	2694	2758	2787
3	2695	2710	2839
3	2695	2792	2846
3	2695	2839	2846
3	2696	2726	2777
3	2696	2731	2777
3	2697	2709	2752
3	2697	2747	2752
3	2698	2719	2803
3	2698	2769	2803
3	2699	2714	2725
3	2700	2735	2755
3	2700	2739	2755
3	2701	2706	2780
3	2701	2720	2776
3	2701	2776	2780
3	2702	2711	2737
3	2702	2737	2739
3	2703	2714	2753
3	2703	2723	2753
3	2704	2738	2840
3	2704	2785	2840
3	2705	2708	2801
3	2705	2716	2798
3	2705	2798	2801
3	2706	2773	2799
3	2706	2780	2799
3	2707	2710	2830
3	2707	2805	2830
3	2708	2731	2810
3	2708	2801	2810
3	2709	2721	2761
3	2709	2752	2761
3	2710	2830	2839
3	2711	2725	2748
3	2711	2737	2748
3	2712	2727	2772
3	2712	2767	2772
3	2713	2746	2824
3	2713	2820	2824
3	2714	2725	2760
3	2714	2753	2760
3	2715	2733	2764
3	2715	2735	2764
3	2716	2771	2798
3	2717	2743	2790
3	2717	2774	2790
3	2718	2785	2853
3	2718	2786	2853
3	2719	2803	2807
3	2720	2762	2776
3	2721	2727	2770
3	2721	2761	2770
3	2722	2730	2796
3	2722	2743	2794
3	2722	2794	2796
3	2723	2749	2753
3	2724	2729	2826
3	2724	2786	2826
3	2725	2748	2760
3	2726	2754	2806
3	2726	2777	2806
3	2727	2770	2772
3	2728	2750	2842
3	2728	2757	2842
3	2729	2795	2854
3	2729	2826	2854
3	2730	2758	2804
3	2730	2796	2804
3	2731	2777	2834
3	2731	2810	2834
3	2732	2745	2813
3	2732	2779	2813
3	2733	2741	2778
3	2733	2764	2778
3	2734	2771	2816
3	2734	2775	2816
3	2735	2755	2768
3	2735	2764	2768
3	2736	2744	2812
3	2736	2793	2812
3	2737	2739	2765
3	2737	2748	2765
3	2738	2792	2840
3	2739	2755	2788
3	2739	2765	2788
3	2740	2751	2791
3	2740	2762	2791
3	2741	2747	2784
3	2741	2778	2784
3	2742	2787	2833
3	2742	2793	2833
3	2743	2790	2794
3	2744	2756	2831
3	2744	2812	2831
3	2745	2759	2838
3	2745	2813	2838
3	2746	2775	2823
3	2746	2823	2824
3	2747	2752	2789
3	2747	2784	2789
3	2748	2760	2781
3	2748	2765	2781
3	2749	2751	2783
3	2749	2753	2783
3	2750	2769	2861
3	2750	2842	2861
3	2751	2783	2791
3	2752	2761	2797
3	2752	2789	2797
3	2753	2760	2800
3	2753	2783	2800
3	2754	2773	2827
3	2754	2806	2827
3	2755	2768	2802
3	2755	2788	2802
3	2756	2779	2864
3	2756	2831	2864
3	2757	2782	2870
3	2757	2842	2870
3	2758	2787	2819
3	2758	2804	2819
3	2759	2795	2835
3	2759	2835	2838
3	2760	2781	2815
3	2760	2800	2815
3	2761	2770	2811
3	2761	2797	2811
3	2762	2776	2814
3	2762	2791	2814
3	2763	2766	2888
3	2763	2805	2876
3	2763	2876	2888
3	2764	2768	2809
3	2764	2778	2808
3	2764	2808	2809
3	2765	2781	2818
3	2765	2788	2818
3	2766	2782	2894
3	2766	2888	2894
3	2767	2772	2821
3	2767	2774	2832
3	2767	2821	2832
3	2768	2802	2809
3	2769	2803	2879
3	2769	2861	2879
3	2770	2772	2817
3	2770	2811	2817
3	2771	2798	2852
3	2771	2816	2852
3	2772	2817	2821
3	2773	2799	2850
3	2773	2827	2850
3	2774	2790	2832
3	2775	2816	2868
3	2775	2823	2868
3	2776	2780	2837
3	2776	2814	2837
3	2777	2806	2845
3	2777	2834	2845
3	2778	2784	2822
3	2778	2808	2822
3	2779	2813	2873
3	2779	2864	2873
3	2780	2799	2844
3	2780	2837	2844
3	2781	2815	2818
3	2782	2870	2894
3	2783	2791	2825
3	2783	2800	2825
3	2784	2789	2829
3	2784	2822	2829
3	2785	2840	2918
3	2785	2853	2918
3	2786	2826	2923
3	2786	2853	2923
3	2787	2819	2849
3	2787	2833	2849
3	2788	2802	2841
3	2788	2818	2841
3	2789	2797	2828
3	2789	2828	2829
3	2790	2794	2843
3	2790	2832	2843
3	2791	2814	2825
3	2792	2840	2915
3	2792	2846	2915
3	2793	2812	2878
3	2793	2833	2878
3	2794	2796	2848
3	2794	2843	2848
3	2795	2835	2872
3	2795	2854	2872
3	2796	2804	2847
3	2796	2847	2848
3	2797	2811	2828
3	2798	2801	2875
3	2798	2852	2875
3	2799	2844	2850
3	2800	2815	2836
3	2800	2825	2836
3	2801	2810	2881
3	2801	2875	2881
3	2802	2809	2856
3	2802	2841	2856
3	2803	2807	2896
3	2803	2879	2896
3	2804	2819	2863
3	2804	2847	2863
3	2805	2830	2928
3	2805	2876	2907
3	2805	2907	2928
3	2806	2827	2869
3	2806	2845	2869
3	2807	2820	2919
3	2807	2896	2919
3	2808	2809	2851
3	2808	2822	2851
3	2809	2851	2856
3	2810	2834	2904
3	2810	2881	2904
3	2811	2817	2857
3	2811	2828	2857
3	2812	2831	2887
3	2812	2878	2887
3	2813	2838	2899
3	2813	2873	2898
3	2813	2898	2899
3	2814	2825	2860
3	2814	2837	2860
3	2815	2818	2859
3	2815	2836	2855
3	2815	2855	2859
3	2816	2852	2884
3	2816	2868	2884
3	2817	2821	2866
3	2817	2857	2866
3	2818	2841	2862
3	2818	2859	2862
3	2819	2849	2886
3	2819	2863	2886
3	2820	2824	2924
3	2820	2919	2924
3	2821	2832	2874
3	2821	2866	2874
3	2822	2829	2865
3	2822	2851	2865
3	2823	2824	2913
3	2823	2868	2913
3	2824	2913	2924
3	2825	2836	2858
3	2825	2858	2860
3	2826	2854	2934
3	2826	2923	2934
3	2827	2850	2889
3	2827	2869	2889
3	2828	2829	2871
3	2828	2857	2867
3	2828	2867	2871
3	2829	2865	2871
3	2830	2839	2946
3	2830	2928	2946
3	2831	2864	2914
3	2831	2887	2914
3	2832	2843	2882
3	2832	2874	2882
3	2833	2849	2897
3	2833	2878	2897
3	2834	2845	2895
3	2834	2895	2904
3	2835	2838	2902
3	2835	2872	2902
3	2836	2855	2858
3	2837	2844	2885
3	2837	2860	2885
3	2838	2899	2931
3	2838	2902	2931
3	2839	2846	2969
3	2839	2946	2969
3	2840	2915	2983
3	2840	2918	2983
3	2841	2856	2877
3	2841	2862	2877
3	2842	2861	2945
3	2842	2870	2958
3	2842	2945	2958
3	2843	2848	2892
3	2843	2882	2892
3	2844	2850	2883
3	2844	2883	2885
3	2845	2869	2895
3	2846	2915	2969
3	2847	2848	2880
3	2847	2863	2901
3	2847	2880	2901
3	2848	2880	2908
3	2848	2892	2908
3	2849	2886	2897
3	2850	2883	2905
3	2850	2889	2905
3	2851	2856	2891
3	2851	2865	2891
3	2852	2875	2941
3	2852	2884	2941
3	2853	2918	2962
3	2853	2923	2962
3	2854	2872	2951
3	2854	2934	2951
3	2855	2858	2890
3	2855	2859	2890
3	2856	2877	2903
3	2856	2891	2903
3	2857	2866	2909
3	2857	2867	2900
3	2857	2900	2909
3	2858	2860	2890
3	2859	2862	2893
3	2859	2890	2893
3	2860	2885	2890
3	2861	2879	2988
3	2861	2945	2988
3	2862	2877	2893
3	2863	2886	2926
3	2863	2901	2926
3	2864	2873	2956
3	2864	2914	2967
3	2864	2956	2967
3	2865	2871	2906
3	2865	2891	2906
3	2866	2874	2911
3	2866	2909	2911
3	2867	2871	2916
3	2867	2900	2916
3	2868	2884	2932
3	2868	2913	2953
3	2868	2932	2953
3	2869	2889	2917
3	2869	2895	2917
3	2870	2894	2977
3	2870	2958	2977
3	2871	2906	2916
3	2872	2902	2951
3	2873	2898	2960
3	2873	2956	2960
3	2874	2882	2922
3	2874	2911	2922
3	2875	2881	2950
3	2875	2941	2950
3	2876	2888	3006
3	2876	2907	2986
3	2876	2986	3006
3	2877	2893	2912
3	2877	2903	2912
3	2878	2887	2940
3	2878	2897	2942
3	2878	2940	2942
3	2879	2896	2972
3	2879	2972	2988
3	2880	2901	2933
3	2880	2908	2933
3	2881	2904	2947
3	2881	2947	2950
3	2882	2892	2929
3	2882	2922	2929
3	2883	2885	2910
3	2883	2905	2910
3	2884	2932	2941
3	2885	2890	2920
3	2885	2910	2920
3	2886	2897	2938
3	2886	2926	2938
3	2887	2914	2940
3	2888	2894	2996
3	2888	2996	3006
3	2889	2905	2925
3	2889	2917	2925
3	2890	2893	2921
3	2890	2920	2921
3	2891	2903	2927
3	2891	2906	2927
3	2892	2908	2949
3	2892	2929	2949
3	2893	2912	2921
3	2894	2977	2996
3	2895	2904	2955
3	2895	2917	2955
3	2896	2919	2987
3	2896	2972	2987
3	2897	2938	2942
3	2898	2899	2964
3	2898	2960	2964
3	2899	2931	2970
3	2899	2964	2970
3	2900	2909	2948
3	2900	2916	2943
3	2900	2943	2948
3	2901	2926	2965
3	2901	2933	2965
3	2902	2931	2984
3	2902	2951	2984
3	2903	2912	2930
3	2903	2927	2930
3	2904	2947	2974
3	2904	2955	2974
3	2905	2910	2935
3	2905	2925	2939
3	2905	2935	2939
3	2906	2916	2944
3	2906	2927	2944
3	2907	2928	3004
3	2907	2986	3004
3	2908	2933	2968
3	2908	2949	2968
3	2909	2911	2952
3	2909	2948	2952
3	2910	2920	2935
3	2911	2922	2952
3	2912	2921	2937
3	2912	2930	2937
3	2913	2924	3002
3	2913	2953	3003
3	2913	3002	3003
3	2914	2940	2982
3	2914	2967	2982
3	2915	2969	3032
3	2915	2983	3032
3	2916	2943	2961
3	2916	2944	2961
3	2917	2925	2954
3	2917	2954	2955
3	2918	2962	3018
3	2918	2983	3018
3	2919	2924	2998
3	2919	2987	2998
3	2920	2921	2936
3	2920	2935	2936
3	2921	2936	2937
3	2922	2929	2966
3	2922	2952	2966
3	2923	2934	3010
3	2923	2962	3020
3	2923	3010	3020
3	2924	2998	3002
3	2925	2939	2954
3	2926	2938	2985
3	2926	2965	2985
3	2927	2930	2957
3	2927	2944	2957
3	2928	2946	3017
3	2928	3004	3017
3	2929	2949	2975
3	2929	2966	2975
3	2930	2937	2957
3	2931	2970	3012
3	2931	2984	3012
3	2932	2941	2989
3	2932	2953	2989
3	2933	2965	2995
3	2933	2968	2995
3	2934	2951	3011
3	2934	3010	3011
3	2935	2936	2959
3	2935	2939	2963
3	2935	2959	2963
3	2936	2937	2959
3	2937	2957	2959
3	2938	2942	2991
3	2938	2985	2991
3	2939	2954	2963
3	2940	2942	2990
3	2940	2982	2990
3	2941	2950	3005
3	2941	2989	3005
3	2942	2990	2991
3	2943	2948	2971
3	2943	2961	2971
3	2944	2957	2973
3	2944	2961	2973
3	2945	2958	3031
3	2945	2988	3044
3	2945	3031	3044
3	2946	2969	3042
3	2946	3017	3042
3	2947	2950	2993
3	2947	2974	2993
3	2948	2952	2976
3	2948	2971	2976
3	2949	2968	2999
3	2949	2975	2999
3	2950	2993	3005
3	2951	2984	3027
3	2951	3011	3027
3	2952	2966	2978
3	2952	2976	2978
3	2953	2989	3003
3	2954	2955	2980
3	2954	2963	2980
3	2955	2974	2997
3	2955	2980	2997
3	2956	2960	3016
3	2956	2967	3023
3	2956	3016	3023
3	2957	2959	2979
3	2957	2973	2979
3	2958	2977	3035
3	2958	3031	3035
3	2959	2963	2979
3	2960	2964	3016
3	2961	2971	2981
3	2961	2973	2981
3	2962	3018	3020
3	2963	2979	2980
3	2964	2970	3038
3	2964	3016	3038
3	2965	2985	3013
3	2965	2995	3013
3	2966	2975	3008
3	2966	2978	3008
3	2967	2982	3019
3	2967	3019	3023
3	2968	2995	3015
3	2968	2999	3015
3	2969	3032	3078
3	2969	3042	3078
3	2970	3012	3038
3	2971	2976	2992
3	2971	2981	2992
3	2972	2987	3037
3	2972	2988	3041
3	2972	3037	3041
3	2973	2979	2994
3	2973	2981	2994
3	2974	2993	3009
3	2974	2997	3009
3	2975	2999	3024
3	2975	3008	3024
3	2976	2978	3001
3	2976	2992	3001
3	2977	2996	3063
3	2977	3035	3063
3	2978	3001	3008
3	2979	2980	3000
3	2979	2994	3000
3	2980	2997	3000
3	2981	2992	2994
3	2982	2990	3021
3	2982	3019	3021
3	2983	3018	3070
3	2983	3032	3070
3	2984	3012	3051
3	2984	3027	3051
3	2985	2991	3028
3	2985	3013	3028
3	2986	3004	3059
3	2986	3006	3059
3	2987	2998	3034
3	2987	3034	3064
3	2987	3037	3064
3	2988	3041	3069
3	2988	3044	3069
3	2989	3003	3030
3	2989	3005	3022
3	2989	3022	3030
3	2990	2991	3036
3	2990	3021	3036
3	2991	3028	3036
3	2992	2994	3007
3	2992	3001	3007
3	2993	3005	3026
3	2993	3009	3026
3	2994	3000	3007
3	2995	3013	3039
3	2995	3015	3039
3	2996	3006	3063
3	2997	3000	3014
3	2997	3009	3014
3	2998	3002	3050
3	2998	3034	3050
3	2999	3015	3043
3	2999	3024	3043
3	3000	3007	3014
3	3001	3007	3025
3	3001	3008	3025
3	3002	3003	3056
3	3002	3050	3056
3	3003	3030	3049
3	3003	3049	3056
3	3004	3017	3075
3	3004	3059	3075
3	3005	3022	3040
3	3005	3026	3040
3	3006	3059	3095
3	3006	3063	3095
3	3007	3014	3029
3	3007	3025	3029
3	3008	3024	3048
3	3008	3025	3045
3	3008	3045	3048
3	3009	3014	3033
3	3009	3026	3033
3	3010	3011	3061
3	3010	3020	3074
3	3010	3061	3074
3	3011	3027	3058
3	3011	3058	3061
3	3012	3038	3090
3	3012	3051	3090
3	3013	3028	3057
3	3013	3039	3057
3	3014	3029	3033
3	3015	3039	3055
3	3015	3043	3055
3	3016	3023	3071
3	3016	3038	3071
3	3017	3042	3075
3	3018	3020	3088
3	3018	3070	3088
3	3019	3021	3052
3	3019	3023	3067
3	3019	3052	3067
3	3020	3074	3088
3	3021	3036	3060
3	3021	3052	3060
3	3022	3030	3053
3	3022	3040	3053
3	3023	3067	3071
3	3024	3043	3054
3	3024	3048	3054
3	3025	3029	3046
3	3025	3045	3046
3	3026	3033	3047
3	3026	3040	3047
3	3027	3051	3085
3	3027	3058	3085
3	3028	3036	3062
3	3028	3057	3062
3	3029	3033	3046
3	3030	3049	3053
3	3031	3035	3077
3	3031	3044	3089
3	3031	3077	3089
3	3032	3070	3110
3	3032	3078	3110
3	3033	3046	3047
3	3034	3050	3079
3	3034	3064	3079
3	3035	3063	3103
3	3035	3077	3103
3	3036	3060	3080
3	3036	3062	3080
3	3037	3041	3091
3	3037	3064	3083
3	3037	3083	3091
3	3038	3071	3106
3	3038	3090	3106
3	3039	3055	3068
3	3039	3057	3068
3	3040	3047	3065
3	3040	3053	3065
3	3041	3069	3091
3	3042	3075	3109
3	3042	3078	3109
3	3043	3054	3076
3	3043	3055	3076
3	3044	3069	3096
3	3044	3089	3096
3	3045	3046	3066
3	3045	3048	3073
3	3045	3066	3073
3	3046	3047	3072
3	3046	3066	3072
3	3047	3065	3072
3	3048	3054	3082
3	3048	3073	3082
3	3049	3053	3081
3	3049	3056	3087
3	3049	3081	3087
3	3050	3056	3098
3	3050	3079	3098
3	3051	3085	3129
3	3051	3090	3129
3	3052	3060	3097
3	3052	3067	3097
3	3053	3065	3081
3	3054	3076	3082
3	3055	3068	3086
3	3055	3076	3086
3	3056	3087	3098
3	3057	3062	3092
3	3057	3068	3093
3	3057	3092	3093
3	3058	3061	3114
3	3058	3085	3114
3	3059	3075	3105
3	3059	3095	3126
3	3059	3105	3126
3	3060	3080	3101
3	3060	3097	3101
3	3061	3074	3115
3	3061	3114	3115
3	3062	3080	3092
3	3063	3095	3128
3	3063	3103	3128
3	3064	3079	3102
3	3064	3083	3102
3	3065	3072	3081
3	3066	3072	3084
3	3066	3073	3084
3	3067	3071	3107
3	3067	3097	3107
3	3068	3086	3093
3	3069	3091	3117
3	3069	3096	3117
3	3070	3088	3136
3	3070	3110	3136
3	3071	3106	3107
3	3072	3081	3084
3	3073	3082	3094
3	3073	3084	3094
3	3074	3088	3119
3	3074	3115	3119
3	3075	3105	3118
3	3075	3109	3118
3	3076	3082	3100
3	3076	3086	3100
3	3077	3089	3120
3	3077	3103	3120
3	3078	3109	3145
3	3078	3110	3145
3	3079	3098	3102
3	3080	3092	3108
3	3080	3101	3108
3	3081	3084	3099
3	3081	3087	3099
3	3082	3094	3104
3	3082	3100	3104
3	3083	3091	3116
3	3083	3102	3116
3	3084	3094	3099
3	3085	3114	3151
3	3085	3129	3151
3	3086	3093	3113
3	3086	3100	3113
3	3087	3098	3111
3	3087	3099	3111
3	3088	3119	3154
3	3088	3136	3154
3	3089	3096	3139
3	3089	3120	3139
3	3090	3106	3143
3	3090	3129	3143
3	3091	3116	3138
3	3091	3117	3138
3	3092	3093	3123
3	3092	3108	3123
3	3093	3113	3123
3	3094	3099	3112
3	3094	3104	3112
3	3095	3126	3155
3	3095	3128	3155
3	3096	3117	3139
3	3097	3101	3133
3	3097	3107	3131
3	3097	3131	3133
3	3098	3102	3122
3	3098	3111	3125
3	3098	3122	3125
3	3099	3111	3112
3	3100	3104	3121
3	3100	3113	3121
3	3101	3108	3130
3	3101	3130	3133
3	3102	3116	3132
3	3102	3122	3132
3	3103	3120	3141
3	3103	3128	3141
3	3104	3112	3121
3	3105	3118	3150
3	3105	3126	3150
3	3106	3107	3142
3	3106	3140	3142
3	3106	3140	3143
3	3107	3131	3142
3	3108	3123	3127
3	3108	3127	3130
3	3109	3118	3166
3	3109	3145	3166
3	3110	3136	3169
3	3110	3145	3169
3	3111	3112	3124
3	3111	3124	3125
3	3112	3121	3124
3	3113	3121	3135
3	3113	3123	3135
3	3114	3115	3153
3	3114	3151	3173
3	3114	3153	3173
3	3115	3119	3165
3	3115	3153	3165
3	3116	3132	3138
3	3117	3138	3147
3	3117	3139	3147
3	3118	3150	3166
3	3119	3154	3165
3	3120	3139	3156
3	3120	3141	3156
3	3121	3124	3134
3	3121	3134	3135
3	3122	3125	3137
3	3122	3132	3137
3	3123	3127	3144
3	3123	3135	3148
3	3123	3144	3148
3	3124	3125	3134
3	3125	3134	3137
3	3126	3150	3162
3	3126	3155	3162
3	3127	3130	3144
3	3128	3141	3163
3	3128	3155	3163
3	3129	3143	3174
3	3129	3151	3174
3	3130	3133	3152
3	3130	3144	3152
3	3131	3133	3161
3	3131	3142	3161
3	3132	3137	3149
3	3132	3138	3149
3	3133	3152	3161
3	3134	3135	3146
3	3134	3137	3146
3	3135	3146	3148
3	3136	3154	3182
3	3136	3169	3182
3	3137	3146	3149
3	3138	3147	3159
3	3138	3149	3158
3	3138	3158	3159
3	3139	3147	3170
3	3139	3156	3172
3	3139	3170	3172
3	3140	3142	3167
3	3140	3143	3167
3	3141	3156	3163
3	3142	3161	3167
3	3143	3167	3174
3	3144	3148	3160
3	3144	3152	3160
3	3145	3166	3188
3	3145	3169	3188
3	3146	3148	3157
3	3146	3149	3157
3	3147	3159	3170
3	3148	3157	3160
3	3149	3157	3158
3	3150	3162	3180
3	3150	3166	3180
3	3151	3173	3174
3	3152	3160	3171
3	3152	3161	3171
3	3153	3165	3190
3	3153	3173	3190
3	3154	3165	3199
3	3154	3182	3199
3	3155	3162	3180
3	3155	3163	3184
3	3155	3180	3184
3	3156	3163	3177
3	3156	3172	3177
3	3157	3158	3164
3	3157	3160	3164
3	3158	3159	3168
3	3158	3164	3168
3	3159	3168	3170
3	3160	3164	3171
3	3161	3167	3175
3	3161	3171	3176
3	3161	3175	3176
3	3163	3177	3184
3	3164	3168	3171
3	3165	3190	3200
3	3165	3199	3200
3	3166	3180	3188
3	3167	3174	3183
3	3167	3175	3183
3	3168	3170	3171
3	3169	3182	3191
3	3169	3188	3191
3	3170	3171	3178
3	3170	3172	3179
3	3170	3178	3179
3	3171	3176	3178
3	3172	3177	3181
3	3172	3179	3181
3	3173	3174	3198
3	3173	3190	3198
3	3174	3183	3194
3	3174	3194	3198
3	3175	3176	3186
3	3175	3183	3186
3	3176	3178	3185
3	3176	3185	3186
3	3177	3181	3193
3	3177	3184	3193
3	3178	3179	3187
3	3178	3185	3187
3	3179	3181	3189
3	3179	3187	3189
3	3180	3184	3196
3	3180	3188	3196
3	3181	3189	3193
3	3182	3191	3204
3	3182	3199	3206
3	3182	3204	3206
3	3183	3186	3195
3	3183	3194	3195
3	3184	3193	3202
3	3184	3196	3202
3	3185	3186	3192
3	3185	3187	3192
3	3186	3192	3195
3	3187	3189	3192
3	3188	3191	3204
3	3188	3196	3204
3	3189	3192	3197
3	3189	3193	3197
3	3190	3198	3200
3	3192	3195	3197
3	3193	3197	3203
3	3193	3202	3203
3	3194	3195	3201
3	3194	3198	3201
3	3195	3197	3201
3	3196	3202	3204
3	3197	3201	3203
3	3198	3200	3205
3	3198	3201	3205
3	3199	3200	3205
3	3199	3205	3207
3	3199	3206	3207
3	3201	3203	3205
3	3202	3203	3207
3	3202	3204	3207
3	3203	3205	3207
3	3204	3206	3207
